CustomerID,Churn,Tenure,PreferredLoginDevice,CityTier,WarehouseToHome,MaritalStatus,AgeGroup,Gender,HourSpendOnApp,OrderCount,OrderAmountHikeFromlastYear,DaySinceLastOrder,PreferedOrderCat,NumberOfStreamerFollowed,SatisfactionScore,Complain,CouponUsed,DiscountAmount
50001,1,4,Mobile Phone,3,6,Single,3,Female,3,1,11,5,Laptop & Accessory,9,2,1,1,160
50002,1,,Phone,1,8,Single,4,Male,3,1,15,0,Household,7,3,1,0,121
50003,1,,Phone,1,30,Single,4,Male,2,1,14,3,Household,6,3,1,0,120
50004,1,3,Phone,3,15,Single,4,Male,2,1,23,3,Laptop & Accessory,8,5,0,0,134
50005,1,3,Phone,1,12,Single,3,Male,,1,11,3,Household,3,5,0,1,130
50006,1,3,Pad,1,22,Single,5,Female,3,6,22,7,Mobile Phone,2,5,1,4,139
50007,1,,Phone,3,11,Divorced,3,Male,2,1,14,0,Laptop & Accessory,4,2,0,0,121
50008,1,,Phone,1,6,Divorced,3,Male,3,2,16,0,Household,3,2,1,2,123
50009,1,13,Phone,3,9,Divorced,4,Male,,1,14,2,Household,2,3,1,0,127
50010,1,,Phone,1,31,Single,5,Male,2,1,12,1,Household,2,3,0,1,123
50011,1,4,Mobile Phone,1,18,Divorced,3,Female,2,15,,8,Others,2,3,0,9,295
50012,1,11,Mobile Phone,1,6,Single,4,Male,3,1,13,0,Fashion,10,3,1,0,154
50013,1,3,Phone,1,11,Single,3,Male,2,2,13,2,Household,2,3,1,2,134
50014,1,3,Phone,1,15,Divorced,4,Male,3,1,17,0,Household,1,3,1,0,134
50015,1,9,Mobile Phone,3,15,Single,4,Male,3,4,16,7,Fashion,2,2,0,0,196
50016,1,,Phone,2,12,Married,3,Male,3,1,22,2,Household,5,5,1,1,121
50017,1,3,Pad,1,12,Single,4,Female,,1,18,0,Household,2,2,1,1,129
50018,1,3,Mobile Phone,3,11,Single,4,Male,2,1,11,3,Laptop & Accessory,2,3,1,1,157
50019,1,3,Pad,1,13,Single,5,Male,3,1,24,6,Laptop & Accessory,2,3,1,1,161
50020,1,19,Mobile Phone,1,20,Divorced,3,Female,3,4,18,3,Mobile Phone,10,4,1,1,150
50021,1,3,Mobile Phone,3,12,Divorced,5,Male,3,7,18,7,Laptop & Accessory,5,3,1,6,162
50022,1,23,Mobile Phone,1,29,Divorced,3,Female,3,15,12,6,Fashion,2,2,0,11,203
50023,1,,Mobile Phone,3,28,Single,3,Male,2,1,19,0,Mobile Phone,2,3,1,0,117
50024,1,3,Phone,3,26,Divorced,5,Female,3,2,11,2,Laptop & Accessory,4,3,1,1,146
50025,1,14,Pad,1,14,Single,5,Male,2,1,15,3,Fashion,3,2,0,0,207
50026,1,3,Phone,1,15,Single,3,Female,2,1,22,4,Mobile Phone,8,5,0,1,142
50027,0,8,Mobile Phone,3,6,Divorced,3,Male,3,1,13,6,Fashion,2,4,0,1,173
50028,0,,Phone,3,12,Divorced,3,Male,2,4,20,5,Laptop & Accessory,3,3,1,0,123
50029,0,18,Phone,1,,Married,3,Male,2,1,18,15,Laptop & Accessory,9,4,0,1,123
50030,0,5,Pad,3,14,Single,3,Female,2,3,14,7,Fashion,2,2,0,2,190
50031,0,2,Pad,1,6,Divorced,3,Male,2,1,13,9,Laptop & Accessory,2,3,0,0,143
50032,0,3,Mobile Phone,1,13,Divorced,4,Male,2,1,17,0,Laptop & Accessory,3,3,0,1,161
50033,0,33,Phone,1,15,Divorced,4,Female,3,1,20,0,Household,5,4,1,1,133
50034,0,13,Mobile Phone,3,10,Divorced,4,Male,3,2,11,11,Fashion,8,2,0,2,209
50035,0,,Pad,3,8,Divorced,3,Female,3,1,18,2,Household,7,3,0,1,122
50036,0,3,Phone,1,,Divorced,3,Male,3,2,24,2,Household,2,2,0,0,123
50037,0,,Pad,1,15,Married,3,Male,2,2,18,2,Household,7,4,0,0,120
50038,0,1,Phone,1,27,Divorced,3,Male,,1,11,2,Household,2,2,0,0,127
50039,0,33,Mobile Phone,1,30,Married,2,Male,2,1,16,4,Fashion,4,2,1,1,194
50040,0,3,Pad,1,,Married,4,Male,3,1,15,1,Household,2,3,1,0,126
50041,0,23,Mobile Phone,1,17,Single,3,Female,2,4,,4,Others,4,4,0,2,299
50042,0,14,Phone,1,,Married,3,Male,2,1,12,8,Household,5,3,0,1,125
50043,0,3,Mobile Phone,3,11,Divorced,3,Female,2,7,12,4,Fashion,3,2,0,2,194
50044,0,11,Mobile Phone,3,6,Single,4,Female,2,1,22,1,Laptop & Accessory,5,2,0,1,187
50045,0,5,Phone,1,12,Single,3,Male,,1,20,4,Household,4,3,0,0,130
50046,0,3,Phone,1,23,Divorced,3,Male,,1,16,1,Household,1,4,1,1,131
50047,1,3,Pad,3,,Single,5,Female,3,1,21,0,Household,1,5,0,1,123
50048,0,,Pad,1,9,Single,3,Male,1,7,12,2,Household,5,4,0,4,121
50049,0,3,Pad,1,15,Married,3,Male,,6,11,10,Laptop & Accessory,2,5,0,0,131
50050,0,18,Mobile Phone,3,10,Married,3,Female,1,1,11,3,Laptop & Accessory,5,5,1,0,150
50051,0,29,Phone,1,14,Married,3,Female,3,2,18,2,Mobile Phone,5,5,1,1,143
50052,0,6,Phone,1,,Single,3,Male,2,1,14,2,Household,1,2,0,0,125
50053,1,3,Mobile Phone,1,8,Single,4,Male,2,1,22,0,Mobile Phone,2,2,0,0,111
50054,0,19,Mobile Phone,3,6,Married,3,Female,3,15,25,7,Fashion,2,5,0,4,205
50055,0,,Phone,1,15,Single,3,Female,3,2,12,1,Household,2,2,0,1,123
50056,0,4,Phone,1,18,Divorced,3,Female,3,1,23,2,Mobile Phone,9,2,1,1,139
50057,0,,Phone,1,33,Single,3,Female,3,1,15,2,Household,3,4,0,1,123
50058,1,4,Phone,3,26,Single,3,Female,,1,22,2,Household,2,4,1,0,131
50059,0,23,Phone,1,6,Divorced,4,Male,2,1,15,2,Mobile Phone,3,3,0,0,137
50060,0,26,Phone,1,19,Married,2,Female,2,1,11,3,Laptop & Accessory,2,5,0,1,145
50061,0,6,Phone,1,20,Divorced,3,Female,,1,13,6,Household,2,4,0,0,128
50062,0,13,Mobile Phone,1,10,Divorced,3,Female,2,9,14,9,Others,2,3,0,,290
50063,0,28,Mobile Phone,1,20,Single,2,Male,3,2,11,15,Others,9,4,0,,287
50064,0,7,Pad,1,8,Divorced,4,Male,2,1,17,9,Laptop & Accessory,2,3,0,0,195
50065,0,24,Mobile Phone,1,9,Single,3,Female,3,,18,0,Grocery,4,4,0,0,237
50066,0,25,Mobile Phone,1,6,Divorced,4,Male,3,11,,9,Others,1,3,0,1,300
50067,0,,Phone,1,15,Single,3,Female,2,1,16,3,Household,2,4,0,1,123
50068,1,3,Mobile Phone,1,29,Divorced,4,Male,2,1,13,1,Laptop & Accessory,4,3,1,1,159
50069,0,,Pad,1,13,Married,2,Male,2,2,14,2,Household,5,2,0,0,121
50070,0,18,Pad,1,8,Divorced,4,Male,3,11,23,8,Grocery,10,2,0,,268
50071,0,13,Phone,1,27,Divorced,2,Male,3,1,12,7,Mobile Phone,2,5,1,0,136
50072,0,8,Pad,1,8,Single,3,Female,2,1,11,2,Laptop & Accessory,6,4,0,1,144
50073,0,15,Pad,1,27,Married,3,Female,2,1,16,2,Laptop & Accessory,3,3,0,0,153
50074,0,11,Mobile Phone,1,8,Divorced,3,Male,2,1,14,0,Laptop & Accessory,10,3,0,0,166
50075,0,11,Mobile Phone,1,35,Divorced,3,Male,2,1,18,7,Laptop & Accessory,4,2,0,0,163
50076,0,3,Pad,1,6,Divorced,4,Male,2,2,19,0,Laptop & Accessory,6,5,0,0,143
50077,0,22,Pad,1,24,Married,3,Male,3,1,15,7,Laptop & Accessory,2,2,1,0,168
50078,0,7,Pad,1,16,Married,3,Male,2,2,17,0,Mobile Phone,2,3,1,2,138
50079,0,13,Phone,1,25,Divorced,3,Male,,3,15,7,Laptop & Accessory,9,2,1,1,127
50080,1,1,Mobile Phone,1,35,Divorced,3,Male,3,1,19,0,Laptop & Accessory,8,5,1,0,167
50081,1,3,Mobile Phone,3,33,Divorced,3,Female,2,1,22,9,Fashion,2,2,0,1,176
50082,0,3,Phone,1,,Married,2,Male,2,2,16,2,Household,2,4,1,0,123
50083,0,,Pad,1,24,Single,3,Female,3,1,13,7,Household,2,2,0,1,122
50084,0,13,Pad,1,15,Divorced,4,Male,3,1,14,2,Laptop & Accessory,10,2,0,1,149
50085,0,19,Mobile Phone,1,6,Married,3,Male,3,1,16,3,Fashion,8,5,0,0,194
50086,1,3,Mobile Phone,3,10,Divorced,5,Male,2,9,11,8,Fashion,2,2,0,7,204
50087,0,3,Pad,1,6,Single,4,Male,2,5,22,8,Fashion,2,3,0,2,185
50088,0,3,Pad,3,26,Single,3,Female,2,1,14,7,Laptop & Accessory,2,3,0,1,200
50089,0,24,Mobile Phone,1,14,Divorced,4,Male,2,4,16,,Fashion,6,4,0,1,225
50090,1,3,Phone,1,,Single,3,Female,2,1,11,4,Household,6,5,1,1,127
50091,0,14,Mobile Phone,3,12,Single,3,Female,3,,18,0,Fashion,4,2,1,0,236
50092,1,3,Pad,3,32,Single,4,Female,2,1,15,1,Laptop & Accessory,6,5,0,0,167
50093,1,,Phone,1,6,Single,3,Male,2,1,14,5,Household,1,3,0,0,121
50094,0,18,Pad,3,12,Single,4,Female,2,12,12,8,Fashion,7,2,0,12,189
50095,0,27,Mobile Phone,3,9,Divorced,3,Female,2,1,14,5,Laptop & Accessory,3,5,0,1,159
50096,0,9,Mobile Phone,1,11,Single,3,Male,3,3,16,7,Laptop & Accessory,9,4,0,0,159
50097,0,6,Phone,1,,Divorced,4,Female,2,1,21,1,Household,7,4,0,0,126
50098,0,13,Pad,1,17,Married,3,Male,2,1,14,,Fashion,2,2,1,0,222
50099,0,11,Mobile Phone,3,9,Married,3,Male,3,5,12,13,Fashion,1,3,0,1,206
50100,0,4,Pad,1,6,Divorced,5,Male,2,1,12,4,Laptop & Accessory,1,3,0,1,143
50101,0,,Phone,1,9,Divorced,4,Male,3,1,17,0,Household,4,2,0,0,122
50102,0,13,Pad,3,10,Married,3,Male,2,5,17,8,Mobile Phone,5,2,0,1,0
50103,0,2,Pad,3,6,Divorced,3,Female,2,4,14,1,Fashion,2,2,0,4,179
50104,0,8,Pad,3,6,Single,3,Female,3,1,14,8,Fashion,2,3,0,1,188
50105,1,3,Phone,1,,Single,4,Male,2,1,13,1,Household,2,2,1,0,124
50106,0,25,Phone,1,8,Single,4,Female,2,2,15,2,Household,8,2,0,0,132
50107,0,15,Mobile Phone,1,10,Divorced,3,Male,2,11,,15,Others,2,2,0,0,292
50108,0,,Phone,2,12,Divorced,3,Male,2,2,17,2,Household,9,3,0,2,123
50109,0,23,Mobile Phone,3,6,Married,3,Female,3,1,,6,Others,4,2,0,1,295
50110,1,3,Phone,1,,Divorced,3,Male,2,1,13,4,Household,6,2,1,0,124
50111,0,16,Mobile Phone,3,22,Divorced,3,Female,3,,22,9,Grocery,6,2,1,0,261
50112,1,3,Phone,1,8,Divorced,3,Female,,1,20,7,Household,8,5,0,1,127
50113,0,25,Pad,3,8,Single,4,Male,3,15,18,12,Others,2,3,1,,291
50114,0,5,Phone,3,10,Divorced,3,Female,2,1,11,2,Mobile Phone,3,4,0,1,139
50115,1,3,Phone,1,6,Single,4,Male,3,1,14,2,Mobile Phone,1,3,1,1,137
50116,0,,Phone,1,6,Married,3,Female,3,1,14,2,Household,8,3,0,0,122
50117,0,5,Pad,3,32,Divorced,3,Male,3,2,18,2,Laptop & Accessory,1,2,0,1,145
50118,0,14,Phone,1,25,Married,3,Male,,1,16,0,Laptop & Accessory,3,5,0,1,131
50119,0,13,Phone,1,30,Married,3,Male,3,4,17,7,Laptop & Accessory,2,2,0,2,133
50120,0,18,Mobile Phone,1,6,Divorced,2,Male,3,1,,7,Others,1,2,0,1,292
50121,0,4,Pad,1,9,Married,3,Male,3,,12,2,Fashion,10,3,0,1,237
50122,0,6,Phone,1,11,Divorced,4,Female,,1,13,2,Household,2,2,0,0,129
50123,0,7,Mobile Phone,1,8,Divorced,4,Male,2,5,13,9,Laptop & Accessory,7,5,0,0,160
50124,0,13,Phone,1,6,Divorced,4,Female,2,1,14,2,Mobile Phone,3,5,0,1,139
50125,0,18,Pad,1,13,Divorced,2,Male,3,1,17,2,Laptop & Accessory,5,3,0,0,164
50126,1,3,Pad,1,16,Married,3,Male,3,1,11,0,Fashion,7,3,0,1,200
50127,0,12,Pad,1,8,Single,3,Female,3,11,25,,Fashion,1,3,0,10,209
50128,0,2,Phone,1,,Single,3,Male,2,1,19,5,Household,2,2,0,0,123
50129,0,15,Mobile Phone,1,23,Single,2,Female,2,1,13,2,Laptop & Accessory,4,5,1,0,165
50130,0,2,Mobile Phone,3,26,Married,3,Male,2,1,14,2,Laptop & Accessory,3,2,0,1,169
50131,0,3,Phone,1,6,Divorced,3,Female,3,1,12,2,Laptop & Accessory,1,3,0,1,149
50132,0,15,Phone,1,,Married,4,Female,2,7,11,8,Household,1,5,1,4,126
50133,0,13,Mobile Phone,1,8,Married,3,Male,2,3,,9,Others,1,3,0,0,294
50134,0,24,Phone,1,6,Divorced,3,Male,,1,11,0,Household,2,2,0,1,127
50135,1,3,Pad,1,35,Single,4,Male,3,1,11,4,Household,1,4,0,1,135
50136,0,5,Pad,1,13,Divorced,2,Male,,1,20,3,Household,2,4,0,0,128
50137,0,11,Pad,3,8,Divorced,4,Male,2,7,18,5,Laptop & Accessory,4,2,0,6,152
50138,0,,Phone,1,8,Single,4,Male,2,1,13,4,Laptop & Accessory,5,5,0,0,122
50139,0,19,Mobile Phone,3,8,Divorced,5,Female,3,7,12,7,Grocery,4,4,1,,269
50140,1,3,Phone,1,8,Single,3,Male,3,1,11,0,Household,3,3,0,1,135
50141,0,2,Mobile Phone,3,8,Divorced,4,Male,3,1,19,0,Laptop & Accessory,3,4,0,0,166
50142,0,4,Mobile Phone,1,29,Divorced,4,Male,3,7,21,8,Laptop & Accessory,1,2,0,1,156
50143,0,3,Pad,1,11,Married,2,Male,2,1,12,5,Laptop & Accessory,2,5,0,1,140
50144,0,18,Mobile Phone,1,26,Divorced,3,Male,3,,14,10,Grocery,1,2,1,0,235
50145,0,9,Phone,1,12,Divorced,3,Male,2,10,11,11,Household,1,2,0,4,132
50146,0,28,Mobile Phone,1,6,Single,3,Male,2,4,14,13,Others,1,5,1,,290
50147,1,13,Pad,1,35,Divorced,3,Male,2,9,12,,Fashion,2,4,1,5,218
50148,0,,Phone,1,15,Divorced,3,Male,3,1,23,4,Household,2,2,0,1,121
50149,0,13,Mobile Phone,3,12,Divorced,3,Male,3,1,14,1,Laptop & Accessory,5,2,0,0,165
50150,0,3,Phone,1,9,Single,4,Male,3,1,17,0,Household,2,3,0,1,132
50151,0,13,Pad,1,6,Married,3,Female,0,,18,2,Fashion,3,2,1,0,236
50152,0,2,Mobile Phone,1,28,Married,2,Female,3,6,18,,Fashion,8,4,0,5,220
50153,0,11,Mobile Phone,3,13,Married,2,Female,2,7,24,7,Laptop & Accessory,2,5,1,0,156
50154,0,3,Pad,1,6,Married,3,Female,2,1,20,4,Laptop & Accessory,2,4,0,0,164
50155,0,23,Mobile Phone,1,10,Married,3,Male,3,1,14,6,Others,4,4,0,,291
50156,0,26,Mobile Phone,1,9,Divorced,3,Male,2,1,16,3,Grocery,4,3,1,,276
50157,0,15,Phone,3,6,Divorced,3,Male,2,11,25,6,Laptop & Accessory,2,3,0,4,149
50158,0,2,Pad,3,8,Single,3,Male,2,1,18,9,Laptop & Accessory,2,2,0,0,146
50159,0,28,Mobile Phone,1,26,Divorced,3,Male,2,1,19,8,Laptop & Accessory,4,2,1,1,154
50160,0,3,Pad,1,17,Divorced,3,Male,2,3,13,3,Laptop & Accessory,2,5,1,2,147
50161,0,,Phone,1,6,Single,3,Female,2,5,12,7,Household,2,2,0,1,121
50162,1,7,Pad,1,30,Married,3,Male,,1,22,0,Household,4,3,1,0,132
50163,0,11,Mobile Phone,1,29,Married,3,Male,2,1,14,2,Laptop & Accessory,10,2,0,0,157
50164,1,3,Phone,1,,Married,3,Male,2,1,13,2,Household,3,4,1,1,124
50165,0,1,Phone,1,14,Single,3,Female,3,1,21,2,Household,2,2,0,0,133
50166,0,22,Pad,1,16,Single,3,Female,2,1,11,2,Others,10,5,1,,287
50167,0,9,Phone,1,9,Single,3,Male,1,7,12,7,Laptop & Accessory,5,4,0,6,145
50168,0,4,Pad,3,11,Married,3,Female,,2,11,2,Household,2,4,0,0,128
50169,1,3,Mobile Phone,3,10,Single,4,Male,2,7,12,4,Laptop & Accessory,2,2,1,7,158
50170,0,13,Pad,1,,Divorced,3,Male,2,1,12,2,Household,2,2,1,0,123
50171,0,15,Pad,3,32,Divorced,3,Female,3,,14,8,Grocery,6,4,0,2,235
50172,1,,Mobile Phone,1,9,Single,3,Male,2,1,13,0,Mobile Phone,2,3,0,0,114
50173,0,8,Mobile Phone,3,22,Divorced,3,Male,3,6,15,9,Fashion,1,4,0,3,180
50174,0,9,Pad,1,24,Divorced,2,Male,2,1,18,0,Mobile Phone,5,2,0,0,137
50175,0,24,Mobile Phone,1,8,Married,5,Male,2,1,18,2,Laptop & Accessory,6,4,0,0,155
50176,0,14,Mobile Phone,3,8,Single,3,Male,2,,19,4,Grocery,2,4,0,1,260
50177,0,3,Mobile Phone,3,16,Single,4,Female,3,1,12,0,Mobile Phone,2,3,0,1,112
50178,0,1,Mobile Phone,1,22,Single,2,Male,3,1,19,7,Laptop & Accessory,1,5,0,0,157
50179,0,4,Mobile Phone,3,13,Divorced,2,Male,3,7,11,7,Laptop & Accessory,5,2,0,3,169
50180,0,12,Mobile Phone,1,6,Married,2,Male,2,3,17,7,Fashion,1,2,0,3,196
50181,0,9,Pad,1,30,Divorced,3,Female,2,1,15,8,Laptop & Accessory,8,4,0,0,157
50182,0,5,Mobile Phone,3,13,Divorced,4,Male,3,4,14,8,Laptop & Accessory,2,3,0,1,155
50183,0,11,Mobile Phone,1,31,Divorced,4,Female,2,1,17,,Fashion,4,4,0,1,221
50184,0,33,Pad,1,6,Married,5,Male,2,1,13,2,Laptop & Accessory,3,3,1,1,157
50185,0,4,Phone,1,11,Divorced,3,Male,2,1,12,3,Mobile Phone,1,2,1,0,148
50186,0,4,Mobile Phone,2,8,Divorced,4,Male,3,1,12,0,Laptop & Accessory,4,5,0,0,164
50187,0,18,Pad,1,13,Married,3,Male,3,9,18,11,Fashion,2,5,0,5,152
50188,0,4,Phone,1,8,Married,3,Male,,2,18,2,Household,1,2,1,1,127
50189,0,6,Pad,1,11,Divorced,3,Female,3,8,11,,Fashion,7,4,0,2,219
50190,0,12,Mobile Phone,1,16,Divorced,3,Male,2,11,14,10,Grocery,2,5,1,,271
50191,0,16,Pad,1,,Single,3,Female,2,1,19,7,Household,1,2,0,0,125
50192,0,22,Mobile Phone,1,6,Single,4,Female,2,,12,7,Grocery,8,3,1,1,240
50193,1,15,Phone,1,14,Divorced,4,Male,2,7,15,7,Laptop & Accessory,3,4,0,7,149
50194,0,3,Phone,1,,Single,3,Female,2,1,12,2,Household,2,4,1,0,125
50195,0,5,Mobile Phone,3,14,Divorced,4,Female,3,11,11,9,Laptop & Accessory,2,4,1,6,152
50196,0,3,Phone,3,8,Single,3,Male,3,1,11,4,Laptop & Accessory,2,3,1,1,145
50197,0,4,Mobile Phone,3,13,Married,3,Male,3,1,12,7,Laptop & Accessory,5,2,0,0,175
50198,0,5,Mobile Phone,1,8,Single,2,Female,3,1,16,7,Laptop & Accessory,8,2,0,1,151
50199,1,3,Phone,1,8,Divorced,5,Male,2,2,13,2,Household,6,2,1,2,135
50200,0,3,Mobile Phone,1,34,Divorced,3,Female,3,1,13,9,Laptop & Accessory,2,2,0,0,158
50201,0,4,Pad,1,13,Divorced,4,Female,2,8,24,9,Fashion,2,3,0,3,189
50202,0,12,Pad,1,5,Divorced,4,Male,2,13,,3,Others,2,2,0,9,293
50203,1,2,Mobile Phone,3,9,Divorced,3,Female,2,1,18,0,Laptop & Accessory,5,3,1,1,152
50204,0,6,Pad,3,16,Single,4,Male,2,1,14,1,Laptop & Accessory,4,2,0,1,147
50205,0,23,Mobile Phone,1,11,Divorced,3,Male,2,1,11,1,Others,5,3,0,,283
50206,0,16,Pad,1,16,Married,4,Female,2,1,11,0,Laptop & Accessory,2,3,0,0,153
50207,0,3,Pad,3,6,Divorced,3,Male,3,1,13,4,Laptop & Accessory,1,4,1,0,163
50208,0,27,Pad,1,26,Single,3,Female,2,1,12,3,Laptop & Accessory,4,3,0,1,149
50209,0,16,Mobile Phone,1,13,Divorced,3,Female,2,1,16,0,Fashion,9,5,0,1,200
50210,0,18,Phone,1,14,Divorced,3,Male,3,9,14,8,Laptop & Accessory,10,2,0,7,137
50211,0,13,Mobile Phone,3,6,Divorced,5,Male,2,1,22,2,Laptop & Accessory,3,2,1,1,175
50212,1,,Phone,1,14,Divorced,5,Male,3,1,11,7,Household,2,5,1,1,121
50213,0,2,Phone,1,15,Single,4,Male,1,2,17,2,Mobile Phone,1,2,0,2,140
50214,0,3,Mobile Phone,3,11,Married,4,Female,1,1,13,2,Laptop & Accessory,2,3,0,0,161
50215,0,3,Mobile Phone,3,14,Divorced,3,Female,2,1,18,7,Laptop & Accessory,2,4,0,0,162
50216,0,13,Mobile Phone,1,11,Married,3,Male,3,1,16,4,Laptop & Accessory,8,2,0,0,163
50217,0,11,Mobile Phone,1,21,Married,4,Male,3,2,14,,Fashion,1,2,1,1,215
50218,0,4,Mobile Phone,1,13,Single,3,Female,2,4,14,10,Fashion,2,2,1,2,171
50219,0,2,Mobile Phone,3,16,Married,4,Female,2,1,14,7,Laptop & Accessory,2,4,1,0,183
50220,0,8,Mobile Phone,1,11,Single,3,Male,3,1,13,13,Fashion,1,4,0,0,181
50221,0,3,Phone,1,32,Married,3,Male,,1,12,2,Household,2,2,0,1,129
50222,0,14,Mobile Phone,1,12,Single,4,Male,3,1,15,2,Laptop & Accessory,7,4,1,1,160
50223,0,23,Pad,3,10,Single,3,Male,,1,19,0,Laptop & Accessory,4,3,0,0,130
50224,0,15,Mobile Phone,1,29,Single,3,Female,2,,14,0,Grocery,3,2,0,0,260
50225,0,2,Pad,3,8,Divorced,3,Male,3,1,14,2,Laptop & Accessory,2,3,0,1,146
50226,0,15,Phone,2,8,Married,3,Male,,1,11,0,Household,1,3,1,1,127
50227,0,5,Phone,1,,Divorced,3,Female,3,1,13,7,Household,2,4,0,0,124
50228,0,21,Mobile Phone,3,35,Divorced,3,Female,3,1,21,,Fashion,4,3,0,0,225
50229,0,13,Mobile Phone,1,12,Married,2,Male,2,6,13,7,Laptop & Accessory,5,5,1,2,160
50230,0,3,Pad,3,31,Divorced,3,Female,2,2,12,2,Laptop & Accessory,8,3,1,1,147
50231,0,3,Mobile Phone,3,6,Divorced,3,Male,2,7,17,7,Laptop & Accessory,2,3,0,2,153
50232,0,15,Mobile Phone,1,8,Single,4,Male,3,1,23,0,Laptop & Accessory,4,2,0,0,168
50233,1,,Pad,3,6,Single,4,Female,2,1,11,2,Household,2,4,1,1,122
50234,0,9,Pad,3,6,Single,3,Female,2,1,15,0,Laptop & Accessory,5,2,0,1,167
50235,0,9,Pad,3,9,Divorced,4,Male,2,1,11,12,Fashion,5,2,0,0,197
50236,0,33,Mobile Phone,1,6,Divorced,3,Male,2,1,11,2,Laptop & Accessory,3,3,0,1,168
50237,0,,Phone,1,16,Divorced,2,Female,2,1,13,7,Household,4,3,1,0,122
50238,0,3,Pad,3,,Single,3,Male,2,2,24,2,Household,2,2,0,0,126
50239,1,3,Phone,3,11,Single,3,Female,,1,13,0,Household,2,3,1,1,129
50240,0,13,Phone,1,16,Divorced,3,Female,3,1,20,3,Household,7,5,0,1,135
50241,0,19,Pad,1,13,Divorced,3,Female,1,1,14,0,Laptop & Accessory,3,3,0,0,153
50242,1,4,Pad,3,10,Single,3,Male,2,7,18,7,Laptop & Accessory,2,4,0,7,194
50243,0,23,Mobile Phone,1,16,Single,4,Male,3,1,15,3,Fashion,7,2,0,0,205
50244,1,3,Mobile Phone,3,28,Divorced,4,Male,3,1,12,0,Laptop & Accessory,3,3,1,1,164
50245,0,4,Phone,1,,Single,4,Male,2,2,16,2,Household,1,4,1,1,127
50246,1,3,Phone,3,18,Single,2,Female,,1,15,0,Household,2,4,0,0,127
50247,0,,Phone,1,29,Single,3,Male,2,1,16,2,Household,10,2,0,1,122
50248,0,8,Mobile Phone,1,15,Single,4,Male,3,1,19,0,Laptop & Accessory,10,4,0,1,165
50249,0,3,Phone,1,6,Married,3,Male,2,1,11,4,Mobile Phone,2,4,0,0,138
50250,0,1,Mobile Phone,3,15,Single,3,Male,3,1,16,7,Laptop & Accessory,2,2,0,1,153
50251,0,22,Phone,1,13,Single,4,Male,2,1,24,0,Fashion,9,3,0,1,145
50252,0,24,Phone,3,20,Divorced,3,Female,2,1,11,7,Laptop & Accessory,5,2,0,0,149
50253,0,9,Phone,1,,Divorced,3,Female,3,2,13,2,Household,5,3,0,1,125
50254,1,3,Pad,3,25,Single,2,Male,3,1,13,4,Laptop & Accessory,9,2,1,1,153
50255,0,28,Mobile Phone,1,8,Single,3,Female,3,1,13,2,Grocery,3,2,1,,267
50256,0,3,Phone,3,16,Married,3,Female,3,1,12,3,Laptop & Accessory,2,3,1,0,143
50257,0,3,Phone,3,,Divorced,3,Male,3,1,18,0,Household,2,4,0,1,125
50258,1,3,Pad,1,9,Single,3,Male,,1,22,4,Household,1,5,0,0,131
50259,0,,Phone,1,17,Divorced,3,Female,2,1,13,2,Household,2,4,0,1,122
50260,0,9,Mobile Phone,3,8,Divorced,4,Male,3,9,13,0,Fashion,2,3,0,9,176
50261,1,,Pad,1,10,Single,3,Male,2,1,23,0,Household,19,2,1,1,123
50262,0,13,Phone,1,20,Married,3,Female,,12,12,17,Household,2,5,0,3,130
50263,0,13,Mobile Phone,3,8,Married,3,Female,2,1,12,3,Laptop & Accessory,8,4,0,0,157
50264,0,15,Phone,1,,Married,3,Female,3,1,16,2,Household,4,5,0,1,126
50265,0,13,Phone,1,16,Single,3,Male,2,1,12,1,Laptop & Accessory,3,4,1,0,142
50266,0,16,Mobile Phone,1,18,Married,4,Male,2,,11,9,Grocery,2,4,0,0,243
50267,0,13,Phone,1,8,Divorced,4,Female,3,1,22,0,Laptop & Accessory,7,3,0,1,134
50268,0,27,Mobile Phone,1,11,Divorced,3,Male,2,1,,2,Others,5,5,0,1,294
50269,0,7,Pad,3,10,Divorced,3,Female,3,1,15,2,Laptop & Accessory,10,3,0,1,165
50270,0,4,Phone,1,13,Divorced,3,Female,2,3,12,12,Laptop & Accessory,2,5,0,3,143
50271,0,,Pad,1,27,Divorced,3,Male,3,1,20,2,Household,8,2,0,0,123
50272,0,16,Phone,1,14,Married,3,Female,3,1,14,2,Laptop & Accessory,5,3,1,0,145
50273,0,3,Phone,3,10,Single,4,Female,2,1,11,3,Laptop & Accessory,2,2,1,0,145
50274,0,13,Pad,1,31,Divorced,3,Female,3,10,15,7,Laptop & Accessory,4,3,1,3,144
50275,0,,Phone,1,6,Divorced,4,Male,3,3,12,2,Household,2,5,0,0,122
50276,0,12,Pad,1,6,Married,3,Male,2,1,14,6,Others,2,3,1,0,292
50277,0,29,Pad,3,12,Divorced,2,Female,2,,11,7,Grocery,10,5,0,2,232
50278,0,3,Mobile Phone,3,18,Single,3,Female,2,4,11,4,Laptop & Accessory,1,3,0,3,166
50279,0,14,Mobile Phone,3,6,Divorced,2,Male,2,1,16,7,Fashion,2,5,0,1,184
50280,0,1,Phone,1,23,Married,3,Male,3,1,12,8,Laptop & Accessory,2,5,0,0,146
50281,1,3,Phone,1,9,Divorced,3,Male,3,1,13,2,Mobile Phone,6,5,0,1,140
50282,0,25,Mobile Phone,1,9,Divorced,4,Male,2,1,14,4,Fashion,3,3,1,0,180
50283,0,18,Phone,1,,Divorced,3,Male,3,1,21,2,Household,4,2,0,1,127
50284,0,25,Mobile Phone,1,10,Divorced,3,Female,1,1,13,4,Grocery,3,2,0,,266
50285,0,15,Pad,1,35,Married,3,Female,3,1,11,2,Laptop & Accessory,3,3,0,1,146
50286,0,3,Mobile Phone,1,8,Single,5,Female,2,1,20,2,Laptop & Accessory,3,2,0,0,161
50287,0,33,Mobile Phone,1,13,Divorced,3,Female,2,11,,10,Others,6,5,0,0,296
50288,0,19,Phone,1,24,Married,3,Female,2,1,14,8,Laptop & Accessory,3,3,0,0,148
50289,0,15,Pad,1,34,Divorced,4,Female,2,1,11,4,Laptop & Accessory,1,2,0,0,145
50290,1,3,Phone,3,6,Single,3,Female,3,1,16,4,Household,2,4,1,1,132
50291,1,3,Pad,3,,Married,5,Female,2,1,16,0,Household,1,3,0,1,124
50292,0,,Pad,1,8,Divorced,3,Male,2,1,23,0,Mobile Phone,2,2,1,1,117
50293,0,13,Mobile Phone,3,8,Divorced,3,Female,3,1,14,12,Others,1,3,0,,280
50294,0,3,Phone,1,29,Married,3,Female,,1,22,2,Household,2,2,0,1,129
50295,0,,Pad,1,9,Divorced,3,Male,2,1,15,4,Household,5,2,0,0,121
50296,0,2,Mobile Phone,1,9,Divorced,4,Male,3,1,18,,Fashion,2,3,0,1,219
50297,1,3,Phone,1,,Divorced,4,Female,3,1,16,1,Household,6,4,0,0,125
50298,1,3,Phone,2,,Single,4,Male,2,1,12,0,Household,2,2,0,1,126
50299,0,3,Pad,3,28,Divorced,3,Female,3,7,11,8,Fashion,1,5,0,2,184
50300,0,33,Mobile Phone,3,35,Married,4,Male,2,,12,0,Grocery,4,2,0,0,241
50301,0,23,Mobile Phone,1,35,Divorced,4,Male,2,15,15,7,Grocery,1,3,0,,270
50302,0,3,Pad,1,,Single,3,Female,2,6,14,7,Household,1,2,0,5,126
50303,0,33,Pad,3,34,Divorced,4,Female,3,13,19,11,Fashion,5,5,0,13,203
50304,0,23,Mobile Phone,1,8,Married,3,Female,3,1,13,4,Laptop & Accessory,6,2,0,0,151
50305,0,19,Mobile Phone,1,8,Divorced,3,Male,2,1,13,1,Grocery,7,3,0,,279
50306,0,8,Phone,1,28,Single,5,Male,2,4,15,3,Mobile Phone,1,3,0,2,142
50307,0,27,Phone,1,14,Single,3,Female,2,1,11,0,Laptop & Accessory,8,3,0,1,138
50308,0,7,Phone,1,8,Married,4,Male,,5,12,7,Household,4,3,0,5,128
50309,0,19,Mobile Phone,3,16,Divorced,4,Female,3,1,19,2,Fashion,3,2,1,1,191
50310,0,4,Mobile Phone,1,15,Married,3,Male,2,1,25,8,Fashion,2,4,0,1,206
50311,1,3,Mobile Phone,1,21,Divorced,3,Male,2,,12,7,Fashion,8,3,1,0,236
50312,1,3,Phone,1,16,Married,5,Male,2,1,13,3,Household,8,2,0,0,134
50313,0,3,Phone,3,13,Single,3,Male,,1,14,2,Household,1,4,0,1,130
50314,0,8,Mobile Phone,1,22,Divorced,3,Male,3,1,12,0,Fashion,5,3,1,0,176
50315,1,3,Pad,1,26,Divorced,3,Male,3,1,12,0,Fashion,4,3,0,1,198
50316,1,3,Pad,2,29,Married,3,Female,2,1,15,2,Fashion,10,5,1,1,200
50317,0,,Pad,1,11,Divorced,3,Male,3,2,17,0,Household,5,3,0,2,121
50318,0,9,Pad,3,16,Single,3,Male,2,9,14,7,Fashion,2,2,0,1,200
50319,1,3,Pad,1,10,Single,4,Male,2,1,16,2,Mobile Phone,6,3,0,1,139
50320,0,21,Phone,3,8,Divorced,3,Female,2,6,14,7,Laptop & Accessory,3,2,0,4,141
50321,0,28,Mobile Phone,3,24,Single,3,Female,2,7,23,7,Grocery,4,4,0,,268
50322,0,14,Pad,3,16,Single,3,Male,2,1,14,10,Laptop & Accessory,8,2,0,0,162
50323,0,8,Phone,3,6,Divorced,3,Male,2,6,11,9,Laptop & Accessory,10,3,0,3,147
50324,0,13,Mobile Phone,1,12,Single,3,Female,3,,15,13,Grocery,8,3,0,4,232
50325,0,12,Pad,1,14,Divorced,3,Female,2,1,11,7,Mobile Phone,2,3,0,0,138
50326,0,4,Mobile Phone,3,8,Single,3,Male,3,1,13,5,Laptop & Accessory,5,2,1,1,166
50327,0,15,Mobile Phone,1,30,Divorced,3,Male,2,5,21,8,Fashion,2,5,1,4,174
50328,0,18,Phone,3,8,Divorced,3,Male,3,3,19,7,Laptop & Accessory,1,4,0,3,148
50329,1,3,Pad,2,23,Married,3,Female,,1,11,0,Household,1,3,1,0,127
50330,0,2,Phone,1,25,Married,3,Male,2,1,12,2,Laptop & Accessory,5,2,0,0,143
50331,0,6,Mobile Phone,1,6,Married,2,Female,3,1,19,5,Grocery,5,3,0,,262
50332,0,3,Mobile Phone,3,13,Married,4,Male,2,1,21,,Fashion,10,2,0,1,216
50333,1,,Pad,3,11,Single,3,Male,3,1,14,0,Mobile Phone,2,4,1,1,119
50334,0,13,Pad,3,34,Married,5,Male,2,1,15,,Fashion,4,5,0,1,209
50335,0,14,Pad,1,8,Single,4,Female,3,1,17,7,Laptop & Accessory,3,3,1,0,168
50336,0,3,Phone,3,35,Married,3,Male,2,1,12,0,Laptop & Accessory,6,3,0,1,143
50337,0,8,Phone,3,6,Single,3,Female,3,1,16,3,Laptop & Accessory,2,3,0,0,149
50338,0,7,Mobile Phone,3,27,Single,2,Male,3,5,12,7,Laptop & Accessory,2,2,0,5,153
50339,1,3,Phone,1,,Single,5,Male,3,1,18,0,Household,2,2,1,1,123
50340,0,13,Mobile Phone,1,6,Single,3,Female,2,1,17,2,Fashion,5,2,0,1,175
50341,0,19,Pad,1,24,Divorced,3,Female,2,1,11,2,Fashion,6,3,0,1,205
50342,0,14,Mobile Phone,3,8,Divorced,3,Female,3,11,16,8,Grocery,8,5,0,,266
50343,0,13,Pad,3,15,Married,3,Male,3,7,13,7,Fashion,2,4,0,6,188
50344,0,25,Mobile Phone,1,12,Married,3,Male,3,6,12,9,Laptop & Accessory,4,5,1,2,156
50345,1,3,Pad,3,17,Divorced,2,Male,2,1,12,2,Laptop & Accessory,9,3,0,1,147
50346,0,3,Pad,3,,Divorced,3,Male,2,2,13,1,Household,1,2,0,0,124
50347,0,11,Mobile Phone,1,16,Divorced,3,Female,3,1,19,0,Laptop & Accessory,4,3,0,1,198
50348,0,13,Mobile Phone,1,6,Divorced,3,Female,3,4,12,3,Laptop & Accessory,7,4,0,3,164
50349,0,22,Mobile Phone,1,24,Married,4,Male,2,1,,9,Others,2,3,1,0,295
50350,0,3,Phone,1,29,Divorced,2,Male,,1,11,4,Household,2,2,1,0,127
50351,0,3,Mobile Phone,3,34,Divorced,3,Male,3,1,20,4,Laptop & Accessory,2,4,0,1,163
50352,0,,Phone,1,23,Divorced,4,Male,3,1,21,0,Household,2,4,0,1,121
50353,0,23,Pad,2,9,Divorced,3,Male,2,10,11,7,Others,2,4,0,,282
50354,0,,Phone,3,19,Divorced,3,Male,2,1,11,6,Household,2,3,0,1,121
50355,1,3,Pad,1,13,Divorced,3,Female,,1,16,2,Household,2,3,1,0,129
50356,1,,Pad,3,18,Divorced,4,Male,3,1,18,0,Household,2,5,0,1,120
50357,0,7,Phone,1,6,Divorced,4,Male,2,1,13,3,Mobile Phone,2,2,1,0,136
50358,1,3,Phone,3,19,Married,3,Male,2,1,17,2,Laptop & Accessory,3,5,0,0,142
50359,0,8,Phone,1,31,Single,4,Male,2,1,14,2,Laptop & Accessory,5,2,0,0,137
50360,0,4,Mobile Phone,3,12,Married,2,Male,3,5,22,7,Laptop & Accessory,5,2,0,3,155
50361,0,,Phone,1,12,Married,4,Female,3,1,12,3,Household,1,3,0,1,122
50362,0,13,Mobile Phone,3,8,Divorced,3,Male,3,1,11,0,Laptop & Accessory,5,3,1,0,196
50363,0,3,Phone,1,6,Single,4,Female,,1,13,0,Household,2,4,0,1,128
50364,0,15,Phone,1,8,Divorced,3,Female,2,2,13,2,Laptop & Accessory,2,2,0,2,141
50365,0,16,Mobile Phone,1,12,Married,4,Male,2,1,14,0,Grocery,5,2,1,,266
50366,0,11,Phone,1,,Single,3,Female,2,1,17,0,Household,4,5,0,1,126
50367,0,16,Pad,1,15,Married,3,Male,3,4,13,7,Laptop & Accessory,4,3,1,2,157
50368,0,21,Mobile Phone,1,6,Divorced,4,Female,2,,11,2,Grocery,8,5,0,0,254
50369,0,17,Mobile Phone,2,6,Single,4,Female,2,1,11,2,Laptop & Accessory,5,3,0,1,160
50370,0,7,Phone,3,,Married,3,Female,2,1,18,6,Household,2,3,1,1,126
50371,1,3,Phone,3,8,Married,3,Male,,1,11,2,Household,1,5,0,0,130
50372,0,3,Phone,3,28,Single,3,Male,2,1,11,2,Household,2,3,0,1,134
50373,0,17,Mobile Phone,1,9,Divorced,3,Male,2,1,,1,Others,5,2,1,1,295
50374,0,3,Phone,1,12,Divorced,3,Male,,2,20,2,Household,1,3,0,2,128
50375,0,6,Mobile Phone,3,14,Married,3,Male,2,1,12,2,Laptop & Accessory,1,3,0,1,171
50376,0,5,Mobile Phone,1,15,Divorced,3,Female,3,1,12,5,Laptop & Accessory,2,2,1,1,163
50377,0,,Pad,1,9,Married,3,Female,3,1,20,0,Household,2,3,0,1,121
50378,0,26,Mobile Phone,3,6,Single,3,Female,2,8,20,10,Laptop & Accessory,8,5,0,6,184
50379,0,7,Phone,1,6,Divorced,3,Male,,8,12,8,Household,2,2,0,6,127
50380,1,8,Pad,3,32,Divorced,3,Female,3,1,14,0,Laptop & Accessory,3,5,0,0,143
50381,0,3,Phone,1,12,Divorced,3,Female,3,1,13,2,Household,2,2,1,0,127
50382,0,13,Mobile Phone,1,9,Divorced,3,Male,2,7,15,8,Fashion,2,3,0,6,194
50383,0,2,Mobile Phone,3,9,Divorced,3,Female,3,1,14,2,Laptop & Accessory,2,3,0,0,156
50384,0,8,Mobile Phone,1,12,Single,5,Male,2,11,13,8,Laptop & Accessory,2,2,0,11,166
50385,0,6,Pad,1,12,Married,3,Male,1,4,23,7,Laptop & Accessory,4,2,0,4,177
50386,0,27,Mobile Phone,2,25,Divorced,3,Male,2,7,15,1,Fashion,3,4,0,3,207
50387,0,9,Mobile Phone,1,15,Married,4,Male,2,1,11,2,Laptop & Accessory,3,4,1,1,188
50388,0,,Phone,1,9,Single,4,Male,2,1,13,1,Household,1,2,0,0,120
50389,1,3,Mobile Phone,1,16,Single,3,Male,2,1,11,1,Mobile Phone,2,3,1,0,110
50390,1,3,Pad,1,9,Single,3,Male,3,9,11,7,Household,2,5,1,9,133
50391,0,,Pad,1,9,Divorced,4,Male,2,1,18,0,Mobile Phone,2,3,0,1,113
50392,0,3,Phone,1,10,Divorced,2,Male,,1,16,2,Household,3,5,0,0,128
50393,0,3,Phone,3,14,Divorced,2,Male,2,1,22,2,Laptop & Accessory,1,4,0,0,149
50394,0,11,Phone,3,13,Single,4,Female,2,1,20,5,Laptop & Accessory,1,2,0,1,140
50395,0,2,Pad,1,6,Married,5,Male,,2,18,8,Household,2,2,0,2,127
50396,0,21,Mobile Phone,3,8,Divorced,2,Male,2,2,12,2,Laptop & Accessory,4,4,0,2,181
50397,0,3,Pad,3,9,Married,2,Female,3,1,20,4,Laptop & Accessory,2,2,1,1,146
50398,0,13,Phone,1,16,Single,2,Male,3,1,17,0,Mobile Phone,4,2,0,1,147
50399,0,23,Phone,1,34,Divorced,2,Male,3,3,11,8,Household,2,3,1,3,132
50400,0,7,Mobile Phone,1,15,Single,4,Female,2,7,14,7,Fashion,2,4,0,4,186
50401,1,3,Phone,3,9,Single,3,Female,3,2,14,0,Laptop & Accessory,10,3,0,1,146
50402,0,12,Phone,1,8,Single,4,Female,3,11,11,10,Laptop & Accessory,2,3,0,2,146
50403,0,5,Mobile Phone,3,16,Single,3,Male,2,1,12,8,Laptop & Accessory,2,2,0,0,154
50404,1,13,Pad,3,14,Divorced,3,Male,2,1,14,3,Laptop & Accessory,4,3,1,1,168
50405,0,11,Mobile Phone,1,6,Single,2,Female,2,1,13,8,Laptop & Accessory,1,2,0,1,176
50406,0,3,Mobile Phone,1,6,Divorced,3,Female,3,1,11,7,Fashion,2,5,0,1,174
50407,0,5,Mobile Phone,1,9,Single,3,Female,2,7,15,,Fashion,4,2,0,3,212
50408,0,23,Mobile Phone,3,20,Single,3,Male,2,1,12,7,Laptop & Accessory,3,5,0,0,150
50409,0,13,Pad,3,11,Divorced,4,Male,2,1,21,12,Fashion,6,5,1,0,205
50410,0,26,Mobile Phone,1,13,Divorced,2,Male,2,,19,3,Grocery,4,3,0,0,248
50411,0,14,Mobile Phone,2,16,Married,4,Male,3,12,15,6,Others,4,2,0,,291
50412,0,33,Mobile Phone,3,22,Single,3,Male,2,2,14,2,Laptop & Accessory,9,5,0,1,154
50413,0,3,Pad,1,16,Married,3,Male,2,1,21,7,Fashion,2,5,0,1,188
50414,0,14,Mobile Phone,2,6,Divorced,4,Male,2,2,12,10,Others,2,3,0,,292
50415,0,23,Phone,3,14,Divorced,3,Male,2,2,15,2,Mobile Phone,8,4,0,1,139
50416,1,,Phone,1,6,Single,5,Female,3,3,13,7,Household,8,4,1,1,122
50417,0,9,Pad,1,14,Divorced,2,Female,3,1,14,,Fashion,10,5,0,0,217
50418,0,11,Mobile Phone,1,6,Single,3,Female,2,1,14,0,Fashion,5,3,1,0,179
50419,0,17,Pad,1,30,Single,5,Male,2,1,14,4,Mobile Phone,3,3,0,0,137
50420,0,23,Pad,3,9,Married,3,Female,2,,12,13,Grocery,10,3,1,7,238
50421,0,3,Mobile Phone,3,33,Married,3,Male,2,7,23,7,Laptop & Accessory,8,2,0,4,153
50422,0,2,Phone,3,,Single,3,Male,2,1,11,0,Household,2,3,0,0,126
50423,1,5,Pad,1,25,Married,2,Male,,2,12,2,Household,7,3,1,2,128
50424,0,16,Pad,3,21,Divorced,4,Male,2,2,18,2,Laptop & Accessory,4,2,0,0,168
50425,0,7,Mobile Phone,1,14,Single,3,Female,3,4,11,3,Laptop & Accessory,4,3,0,1,161
50426,0,3,Phone,1,,Divorced,3,Male,2,1,14,2,Household,2,5,0,0,125
50427,0,12,Mobile Phone,2,9,Divorced,2,Female,2,3,15,6,Laptop & Accessory,10,4,0,3,164
50428,0,29,Mobile Phone,1,15,Divorced,3,Male,2,1,11,,Grocery,8,2,0,0,211
50429,0,13,Phone,1,,Single,4,Female,2,2,20,3,Household,1,2,1,2,123
50430,0,3,Mobile Phone,1,13,Single,4,Female,2,1,19,7,Laptop & Accessory,9,5,0,1,168
50431,0,,Phone,3,16,Married,3,Male,2,2,14,2,Household,2,4,0,0,123
50432,0,26,Phone,1,,Single,3,Male,2,2,17,2,Laptop & Accessory,3,2,0,1,125
50433,0,8,Pad,1,8,Married,3,Female,3,1,11,0,Laptop & Accessory,3,5,0,0,151
50434,0,5,Pad,1,30,Divorced,3,Male,3,4,15,7,Laptop & Accessory,2,2,0,2,153
50435,0,11,Phone,1,8,Divorced,3,Male,,1,13,1,Household,7,3,1,0,131
50436,0,7,Mobile Phone,1,14,Married,3,Female,2,1,14,0,Laptop & Accessory,4,5,0,1,151
50437,0,25,Mobile Phone,3,9,Divorced,4,Male,2,1,11,16,Grocery,2,5,0,,269
50438,1,3,Phone,1,6,Single,3,Male,,7,13,8,Household,2,2,1,5,127
50439,0,3,Mobile Phone,3,32,Single,3,Female,2,1,23,4,Laptop & Accessory,2,2,0,0,162
50440,0,18,Mobile Phone,3,8,Single,5,Male,2,3,13,1,Laptop & Accessory,1,3,0,0,166
50441,0,3,Phone,1,16,Single,2,Male,3,1,18,2,Household,2,3,0,1,135
50442,1,13,Pad,3,33,Single,1,Female,3,1,12,3,Laptop & Accessory,5,3,1,1,164
50443,0,7,Mobile Phone,3,8,Single,3,Male,2,1,22,4,Laptop & Accessory,2,2,0,0,163
50444,1,18,Mobile Phone,1,8,Divorced,3,Male,3,1,,4,Others,6,5,1,1,299
50445,0,9,Pad,3,14,Single,4,Male,3,1,15,9,Fashion,2,5,0,0,176
50446,0,25,Pad,1,25,Divorced,3,Male,2,1,18,2,Mobile Phone,1,2,0,1,143
50447,0,3,Pad,1,6,Married,5,Female,3,2,14,0,Mobile Phone,4,2,0,2,144
50448,0,2,Phone,1,33,Divorced,3,Female,3,1,12,1,Laptop & Accessory,5,3,0,1,143
50449,1,3,Mobile Phone,3,14,Single,4,Male,2,1,17,2,Laptop & Accessory,7,5,0,1,153
50450,0,7,Phone,1,6,Single,1,Female,3,1,16,3,Household,3,2,0,0,133
50451,0,27,Mobile Phone,1,25,Married,3,Female,3,1,11,4,Laptop & Accessory,10,5,1,0,155
50452,0,2,Pad,3,5,Divorced,3,Male,2,1,19,1,Laptop & Accessory,1,2,0,0,143
50453,0,13,Phone,1,16,Married,3,Female,,4,13,3,Household,1,5,1,3,128
50454,0,11,Pad,1,8,Single,1,Female,3,4,12,12,Laptop & Accessory,7,5,1,4,160
50455,0,7,Phone,1,8,Single,4,Female,2,1,11,3,Mobile Phone,2,5,0,1,144
50456,0,8,Phone,3,,Divorced,3,Female,3,1,16,2,Household,2,2,0,0,126
50457,0,3,Phone,1,6,Divorced,5,Male,2,1,21,2,Mobile Phone,4,3,0,1,138
50458,0,13,Pad,1,8,Divorced,1,Female,2,3,24,7,Laptop & Accessory,2,4,0,0,142
50459,0,7,Mobile Phone,3,14,Divorced,3,Female,3,1,17,2,Laptop & Accessory,6,5,0,1,165
50460,0,15,Pad,1,14,Married,3,Male,3,14,13,9,Others,2,2,0,,284
50461,1,,Mobile Phone,1,12,Divorced,1,Male,3,1,21,0,Mobile Phone,2,5,1,1,116
50462,0,3,Pad,1,15,Married,4,Male,,1,11,0,Household,2,4,0,1,127
50463,0,25,Phone,1,17,Divorced,3,Female,,1,20,4,Laptop & Accessory,9,3,0,1,131
50464,0,23,Mobile Phone,1,8,Divorced,3,Male,3,1,16,3,Grocery,6,3,0,,276
50465,1,3,Phone,1,,Divorced,4,Female,2,1,11,0,Household,2,5,1,0,123
50466,0,6,Mobile Phone,1,13,Divorced,3,Male,2,3,11,,Fashion,1,3,0,0,217
50467,1,3,Mobile Phone,3,22,Single,3,Female,3,1,15,2,Laptop & Accessory,6,5,0,1,153
50468,0,23,Mobile Phone,1,8,Divorced,3,Female,2,3,11,0,Grocery,2,2,1,,268
50469,0,9,Mobile Phone,1,6,Divorced,3,Female,2,1,15,5,Laptop & Accessory,1,4,0,0,152
50470,0,2,Phone,1,29,Divorced,1,Male,,1,24,7,Household,2,3,0,1,127
50471,1,23,Mobile Phone,1,8,Single,3,Male,2,13,,8,Others,8,4,1,5,292
50472,0,8,Phone,1,,Single,1,Female,2,2,13,2,Household,4,3,0,0,125
50473,0,15,Mobile Phone,1,6,Divorced,4,Female,2,1,13,2,Laptop & Accessory,10,2,1,0,161
50474,1,3,Phone,1,8,Single,3,Male,2,2,17,1,Mobile Phone,7,3,0,0,144
50475,0,,Phone,2,19,Divorced,3,Male,2,1,13,4,Household,4,4,0,1,121
50476,0,5,Mobile Phone,1,10,Divorced,4,Female,3,6,12,8,Laptop & Accessory,2,3,0,1,162
50477,0,13,Pad,1,22,Single,4,Male,2,1,14,0,Laptop & Accessory,7,3,0,1,151
50478,0,3,Mobile Phone,1,8,Single,4,Female,2,1,24,0,Laptop & Accessory,6,2,1,1,169
50479,0,,Phone,1,8,Single,4,Female,3,1,14,0,Household,2,3,0,1,123
50480,0,15,Phone,1,35,Divorced,3,Male,3,7,13,8,Laptop & Accessory,2,4,0,2,144
50481,0,11,Pad,1,18,Married,4,Male,2,1,15,2,Laptop & Accessory,3,5,0,1,163
50482,0,7,Pad,1,,Single,4,Female,3,1,16,3,Household,2,2,0,1,126
50483,1,12,Mobile Phone,3,17,Divorced,3,Female,2,7,18,7,Fashion,2,2,0,0,177
50484,1,18,Mobile Phone,3,8,Single,3,Male,2,7,16,3,Laptop & Accessory,5,2,0,0,152
50485,0,16,Mobile Phone,1,20,Divorced,3,Male,3,1,24,0,Grocery,7,5,0,,272
50486,0,3,Mobile Phone,1,11,Married,4,Male,2,1,16,,Fashion,2,2,1,0,228
50487,0,8,Mobile Phone,1,13,Single,3,Male,2,1,21,6,Fashion,4,3,0,0,202
50488,0,1,Phone,3,8,Divorced,3,Female,2,7,20,5,Laptop & Accessory,2,4,1,7,148
50489,0,7,Phone,2,9,Divorced,3,Male,2,1,19,2,Mobile Phone,1,2,0,1,137
50490,1,3,Pad,1,,Divorced,4,Female,2,1,14,7,Household,2,3,1,0,124
50491,0,,Pad,1,9,Divorced,3,Male,2,1,11,0,Mobile Phone,2,2,0,1,117
50492,0,24,Mobile Phone,3,32,Divorced,3,Female,3,4,14,17,Grocery,3,3,0,,263
50493,0,17,Mobile Phone,1,10,Single,3,Male,2,2,12,3,Laptop & Accessory,10,4,0,1,159
50494,0,3,Phone,1,8,Single,1,Male,3,1,13,1,Household,8,5,0,1,134
50495,0,6,Phone,3,6,Married,1,Male,2,1,22,8,Laptop & Accessory,2,5,0,0,140
50496,0,8,Phone,1,,Single,4,Female,2,1,11,1,Household,2,5,0,1,126
50497,0,9,Mobile Phone,3,6,Divorced,3,Male,2,4,14,11,Laptop & Accessory,2,2,1,2,162
50498,0,5,Phone,3,19,Married,3,Male,3,1,11,3,Laptop & Accessory,3,2,0,0,144
50499,0,3,Pad,1,11,Married,4,Male,3,1,12,3,Mobile Phone,10,2,0,0,138
50500,0,26,Mobile Phone,3,13,Divorced,4,Female,3,1,18,,Fashion,8,2,1,0,209
50501,0,18,Mobile Phone,3,15,Married,3,Male,3,1,12,2,Fashion,5,5,1,1,208
50502,0,5,Mobile Phone,1,14,Divorced,1,Female,3,1,12,3,Laptop & Accessory,6,3,0,1,152
50503,0,25,Pad,1,31,Divorced,4,Female,2,,22,0,Grocery,4,2,0,0,238
50504,0,13,Mobile Phone,3,22,Married,4,Male,3,1,19,0,Laptop & Accessory,5,3,0,1,163
50505,0,1,Phone,2,14,Married,4,Male,3,1,13,4,Mobile Phone,2,2,0,0,149
50506,0,3,Phone,1,6,Divorced,4,Male,2,2,22,2,Laptop & Accessory,7,2,0,2,148
50507,0,17,Phone,1,14,Divorced,1,Male,,1,24,2,Household,3,2,1,1,128
50508,0,15,Pad,1,,Single,3,Male,2,2,14,2,Household,6,2,1,0,125
50509,0,9,Phone,2,,Divorced,4,Male,3,1,21,3,Household,1,5,0,1,123
50510,0,3,Phone,3,9,Divorced,3,Male,3,1,18,3,Laptop & Accessory,2,5,1,1,142
50511,0,8,Mobile Phone,1,15,Divorced,4,Female,3,5,20,15,Fashion,2,3,1,2,207
50512,1,,Pad,1,31,Married,3,Female,3,7,19,8,Household,2,4,1,0,120
50513,0,5,Pad,1,6,Married,3,Male,3,1,12,2,Household,1,2,0,0,123
50514,0,3,Phone,3,10,Divorced,4,Male,2,1,12,3,Laptop & Accessory,2,5,0,1,143
50515,0,22,Phone,1,6,Divorced,3,Female,2,1,16,2,Mobile Phone,3,5,0,1,136
50516,0,3,Pad,1,10,Divorced,4,Male,,3,17,4,Household,1,2,0,0,132
50517,0,5,Pad,3,11,Divorced,3,Male,2,5,14,3,Laptop & Accessory,2,4,0,2,165
50518,0,11,Phone,3,15,Divorced,4,Male,,1,19,2,Household,1,4,0,0,129
50519,0,15,Mobile Phone,1,9,Divorced,1,Female,3,1,13,3,Laptop & Accessory,3,2,1,0,152
50520,0,4,Phone,1,,Divorced,3,Male,2,1,19,2,Household,4,2,1,1,124
50521,1,3,Phone,3,6,Married,4,Female,,1,19,2,Household,7,3,1,0,128
50522,0,26,Mobile Phone,3,14,Divorced,3,Male,3,2,14,,Grocery,6,2,0,0,218
50523,0,8,Mobile Phone,1,31,Divorced,4,Male,3,4,16,8,Fashion,4,4,0,3,209
50524,0,13,Pad,3,27,Divorced,3,Female,,1,15,0,Household,6,2,0,1,130
50525,0,26,Mobile Phone,1,29,Single,3,Female,3,,18,8,Grocery,7,2,0,2,243
50526,0,16,Pad,1,6,Divorced,3,Female,2,2,13,2,Laptop & Accessory,5,2,0,1,156
50527,0,23,Phone,3,8,Divorced,3,Female,2,7,22,7,Laptop & Accessory,1,2,1,5,145
50528,0,13,Pad,3,25,Single,3,Male,2,1,13,9,Fashion,2,4,1,0,176
50529,0,23,Pad,1,8,Married,3,Male,3,14,11,7,Grocery,2,5,0,,279
50530,0,12,Mobile Phone,2,8,Divorced,4,Female,2,1,11,4,Laptop & Accessory,9,2,0,0,152
50531,0,,Phone,2,9,Married,3,Male,2,1,11,3,Household,4,4,1,0,123
50532,1,3,Phone,1,31,Single,3,Male,,1,24,1,Household,2,2,1,1,128
50533,0,2,Phone,1,,Married,4,Female,3,1,14,3,Household,7,2,0,1,125
50534,0,17,Phone,1,,Divorced,3,Male,3,7,13,1,Household,2,5,1,2,126
50535,0,1,Phone,3,11,Single,3,Male,3,1,14,2,Laptop & Accessory,2,2,0,1,149
50536,1,23,Pad,1,,Married,4,Male,2,1,14,0,Household,10,2,1,0,124
50537,0,16,Phone,1,14,Married,3,Female,2,1,21,0,Laptop & Accessory,5,4,0,1,148
50538,1,,Phone,3,8,Single,4,Female,2,1,13,2,Household,2,3,0,0,120
50539,1,3,Phone,1,24,Single,3,Female,,1,19,0,Household,2,2,0,1,127
50540,0,9,Mobile Phone,1,20,Divorced,3,Male,3,4,17,11,Laptop & Accessory,1,2,1,4,166
50541,0,23,Phone,3,8,Single,4,Female,3,1,18,2,Household,2,2,1,1,133
50542,1,3,Phone,1,9,Divorced,3,Female,2,1,19,2,Laptop & Accessory,1,3,1,1,142
50543,1,4,Phone,1,8,Married,5,Female,,1,13,0,Household,5,2,1,0,128
50544,0,1,Phone,1,,Married,3,Female,3,2,18,2,Household,6,3,0,2,124
50545,1,2,Phone,1,,Divorced,3,Male,3,2,21,2,Household,8,5,1,1,124
50546,0,3,Phone,1,,Single,3,Female,3,1,19,0,Household,2,3,0,1,123
50547,0,,Mobile Phone,1,16,Married,3,Male,2,1,14,0,Household,2,4,0,1,120
50548,0,15,Mobile Phone,3,20,Single,4,Female,3,1,17,3,Laptop & Accessory,8,3,0,0,162
50549,0,6,Phone,1,6,Single,4,Male,,1,11,2,Household,4,5,1,0,128
50550,0,33,Mobile Phone,1,11,Married,4,Female,2,1,13,4,Fashion,3,4,1,1,206
50551,0,4,Phone,3,,Divorced,4,Male,2,5,15,2,Household,4,3,0,3,123
50552,0,8,Phone,1,27,Divorced,3,Female,2,1,25,7,Laptop & Accessory,2,2,1,0,140
50553,0,22,Mobile Phone,1,14,Divorced,3,Female,2,1,11,7,Fashion,5,4,0,0,174
50554,0,,Phone,1,26,Divorced,3,Male,2,1,17,0,Household,5,3,0,0,123
50555,0,4,Pad,3,26,Divorced,3,Female,2,1,13,0,Laptop & Accessory,2,3,0,1,169
50556,0,9,Phone,1,13,Single,3,Male,3,1,18,1,Mobile Phone,3,2,0,0,147
50557,0,11,Mobile Phone,1,6,Divorced,3,Female,3,,13,11,Fashion,2,5,0,3,236
50558,0,5,Pad,1,,Divorced,4,Female,3,1,20,2,Household,7,4,0,1,123
50559,1,3,Phone,3,,Divorced,4,Male,2,1,18,0,Household,2,4,1,0,124
50560,0,13,Mobile Phone,3,16,Married,4,Male,3,1,12,0,Fashion,3,4,0,1,197
50561,0,3,Pad,3,6,Single,4,Male,2,1,12,7,Laptop & Accessory,2,5,0,1,143
50562,0,14,Phone,1,12,Single,3,Male,2,2,13,17,Mobile Phone,3,5,1,1,147
50563,0,9,Phone,1,,Single,3,Male,3,3,21,9,Household,5,3,0,2,125
50564,1,,Phone,3,27,Single,4,Male,2,1,13,0,Household,2,4,1,0,121
50565,1,3,Phone,1,10,Single,3,Male,,1,19,0,Household,2,5,0,1,130
50566,0,4,Mobile Phone,1,18,Divorced,3,Female,2,8,11,5,Laptop & Accessory,1,2,1,0,159
50567,0,13,Pad,1,15,Married,3,Male,2,1,14,0,Mobile Phone,9,4,1,0,136
50568,0,5,Mobile Phone,1,9,Divorced,3,Female,3,6,12,3,Laptop & Accessory,2,5,0,6,167
50569,1,3,Mobile Phone,3,9,Divorced,4,Male,2,3,11,7,Fashion,2,2,1,3,203
50570,0,6,Mobile Phone,1,6,Single,4,Female,2,1,14,4,Laptop & Accessory,1,2,0,0,169
50571,1,3,Mobile Phone,3,6,Divorced,4,Male,2,11,11,7,Fashion,6,3,0,1,206
50572,0,18,Pad,1,10,Divorced,3,Male,2,1,12,8,Laptop & Accessory,2,4,0,1,144
50573,0,,Pad,3,26,Divorced,3,Female,2,1,15,2,Household,2,2,0,0,122
50574,0,8,Phone,3,24,Divorced,3,Female,2,1,16,0,Laptop & Accessory,2,3,0,1,146
50575,0,25,Mobile Phone,1,6,Divorced,3,Male,3,7,15,8,Grocery,3,2,0,,271
50576,1,23,Phone,1,,Single,3,Male,2,1,24,0,Household,5,3,0,1,125
50577,0,26,Mobile Phone,3,8,Married,3,Male,2,,13,2,Grocery,7,3,0,2,249
50578,0,3,Mobile Phone,3,14,Married,3,Male,3,7,11,7,Fashion,6,3,0,4,173
50579,0,11,Pad,3,16,Single,3,Female,2,1,13,3,Laptop & Accessory,2,2,1,0,157
50580,0,8,Mobile Phone,3,9,Married,3,Male,3,1,13,8,Fashion,7,2,0,0,178
50581,0,12,Mobile Phone,3,8,Single,1,Male,2,1,18,7,Fashion,1,3,0,1,179
50582,1,3,Pad,3,30,Single,1,Female,3,,16,0,Grocery,5,4,1,1,232
50583,0,23,Pad,1,22,Married,1,Male,3,2,19,7,Laptop & Accessory,2,3,1,0,151
50584,0,9,Pad,3,14,Married,3,Male,2,1,13,7,Laptop & Accessory,5,2,0,1,151
50585,1,3,Pad,1,,Single,4,Male,2,1,22,2,Household,1,5,1,1,123
50586,0,6,Pad,3,23,Single,3,Male,2,6,11,0,Grocery,2,3,0,,274
50587,1,3,Phone,1,,Single,4,Female,3,1,20,0,Household,7,5,1,1,124
50588,0,6,Phone,1,19,Single,3,Female,2,1,18,2,Household,4,2,0,1,135
50589,0,,Phone,1,6,Married,3,Female,3,1,14,2,Household,4,2,0,0,123
50590,0,23,Mobile Phone,1,6,Married,3,Male,3,1,22,3,Grocery,10,2,0,,274
50591,0,6,Pad,1,6,Divorced,1,Female,2,1,13,2,Laptop & Accessory,2,4,1,0,155
50592,0,14,Pad,1,15,Married,3,Male,3,1,,11,Others,3,3,0,1,294
50593,0,3,Phone,1,22,Divorced,3,Female,,2,14,2,Household,10,4,0,2,128
50594,0,18,Pad,1,29,Divorced,3,Male,2,1,15,8,Laptop & Accessory,2,5,1,1,136
50595,0,23,Phone,3,10,Single,3,Female,2,1,17,7,Laptop & Accessory,2,2,1,1,142
50596,1,,Phone,1,28,Divorced,3,Female,2,1,11,1,Household,5,3,1,0,121
50597,0,23,Mobile Phone,1,30,Divorced,3,Male,3,,18,5,Grocery,4,3,1,0,240
50598,0,11,Pad,1,16,Divorced,3,Male,,1,17,2,Household,1,3,0,0,127
50599,0,19,Mobile Phone,1,13,Married,3,Male,3,1,13,7,Fashion,7,3,0,0,208
50600,0,3,Phone,1,23,Married,4,Female,2,3,15,2,Laptop & Accessory,2,3,0,2,144
50601,1,3,Phone,1,20,Married,4,Male,2,1,24,2,Mobile Phone,2,4,1,1,137
50602,0,4,Pad,1,6,Divorced,3,Female,3,1,12,3,Laptop & Accessory,2,5,0,1,141
50603,0,3,Pad,1,11,Single,3,Male,3,1,15,0,Mobile Phone,2,2,0,1,111
50604,0,27,Mobile Phone,1,23,Divorced,3,Female,2,1,11,8,Fashion,9,3,0,1,207
50605,0,8,Mobile Phone,1,31,Married,3,Female,2,10,11,1,Fashion,2,3,1,2,204
50606,0,3,Mobile Phone,1,14,Divorced,1,Female,3,1,12,,Fashion,1,5,1,0,214
50607,1,3,Phone,1,,Single,4,Female,3,1,15,0,Household,2,5,1,0,126
50608,1,3,Pad,1,,Single,3,Female,2,1,17,2,Household,1,4,0,0,124
50609,0,3,Mobile Phone,1,8,Divorced,1,Male,2,1,12,3,Laptop & Accessory,2,2,0,1,155
50610,0,3,Phone,1,,Divorced,5,Male,3,1,15,1,Household,2,5,0,1,125
50611,0,21,Phone,1,12,Single,4,Male,3,2,13,2,Laptop & Accessory,3,3,0,0,142
50612,0,21,Mobile Phone,1,10,Single,4,Male,3,4,14,,Fashion,8,3,0,1,210
50613,0,14,Mobile Phone,1,13,Single,3,Female,2,2,14,1,Laptop & Accessory,7,3,0,1,150
50614,0,12,Mobile Phone,1,6,Divorced,4,Female,3,11,16,,Grocery,2,2,0,0,227
50615,0,3,Phone,1,8,Divorced,3,Female,2,2,18,2,Laptop & Accessory,1,2,0,0,142
50616,0,8,Phone,1,16,Married,3,Male,2,1,20,2,Mobile Phone,2,2,0,1,139
50617,0,15,Mobile Phone,3,11,Divorced,3,Male,2,1,13,0,Others,7,3,0,,283
50618,0,23,Phone,1,,Divorced,3,Male,3,1,18,0,Household,5,2,0,1,124
50619,0,33,Mobile Phone,1,8,Single,4,Female,3,,13,3,Grocery,4,2,1,0,237
50620,1,3,Phone,1,17,Divorced,5,Female,3,1,15,0,Laptop & Accessory,6,4,0,1,148
50621,0,28,Pad,1,24,Divorced,3,Male,3,6,14,7,Laptop & Accessory,4,4,1,6,164
50622,0,14,Pad,1,13,Married,5,Female,2,5,,10,Others,2,3,0,1,300
50623,0,11,Mobile Phone,3,9,Single,3,Male,2,1,12,0,Laptop & Accessory,9,2,1,1,169
50624,1,3,Pad,3,35,Single,5,Male,3,2,18,2,Laptop & Accessory,9,5,0,0,150
50625,1,15,Mobile Phone,3,8,Divorced,5,Female,2,6,,9,Others,2,2,0,5,298
50626,0,17,Mobile Phone,3,34,Divorced,1,Female,2,,18,11,Grocery,4,2,1,1,233
50627,0,23,Pad,3,6,Divorced,3,Female,3,1,12,13,Laptop & Accessory,1,3,0,1,163
50628,1,3,Phone,1,22,Single,1,Female,,15,16,14,Household,2,5,0,15,127
50629,0,12,Pad,1,28,Single,3,Female,2,2,13,8,Fashion,2,5,1,1,209
50630,0,6,Pad,3,,Single,4,Female,2,2,19,2,Household,1,2,0,2,123
50631,0,18,Mobile Phone,3,17,Divorced,3,Female,2,1,13,1,Grocery,4,2,0,,277
50632,0,5,Pad,1,35,Single,3,Female,3,7,12,7,Mobile Phone,10,3,0,5,140
50633,0,7,Mobile Phone,3,6,Married,1,Male,3,1,11,9,Laptop & Accessory,1,2,0,1,197
50634,0,33,Mobile Phone,3,6,Divorced,3,Male,3,1,14,,Fashion,4,2,1,0,219
50635,0,,Phone,2,30,Single,3,Male,2,1,16,4,Household,2,4,0,0,122
50636,0,26,Pad,3,8,Divorced,4,Female,2,6,12,12,Fashion,3,4,0,0,175
50637,1,3,Phone,1,21,Married,3,Male,2,1,14,0,Laptop & Accessory,8,3,0,0,148
50638,1,,Pad,1,8,Divorced,3,Male,2,1,14,2,Household,7,5,1,1,120
50639,0,,Phone,3,16,Divorced,3,Female,2,1,19,0,Household,2,3,1,0,122
50640,0,1,Mobile Phone,3,16,Divorced,3,Male,3,1,22,0,Mobile Phone,2,4,0,1,111
50641,0,11,Pad,1,9,Divorced,3,Male,,2,16,2,Household,4,3,0,2,128
50642,0,23,Mobile Phone,1,8,Divorced,3,Male,3,7,,7,Others,3,3,1,7,292
50643,0,13,Phone,1,9,Single,3,Female,2,1,15,1,Laptop & Accessory,4,4,0,1,141
50644,0,13,Mobile Phone,3,32,Divorced,3,Male,3,7,14,5,Laptop & Accessory,2,5,0,5,184
50645,0,,Pad,1,6,Married,4,Female,3,1,13,3,Household,2,3,0,1,120
50646,0,19,Mobile Phone,1,6,Married,3,Male,2,2,,2,Others,10,2,0,1,296
50647,0,27,Mobile Phone,3,8,Divorced,4,Female,2,7,11,0,Fashion,7,3,0,6,207
50648,0,29,Pad,1,15,Divorced,3,Female,,1,19,3,Household,3,3,0,0,129
50649,0,9,Mobile Phone,1,18,Single,4,Female,2,7,11,8,Fashion,1,2,0,5,189
50650,0,28,Pad,1,8,Single,4,Male,2,6,15,2,Grocery,8,5,0,,268
50651,0,16,Mobile Phone,3,31,Married,4,Male,3,,13,0,Fashion,6,2,0,1,234
50652,1,3,Pad,3,,Single,3,Female,2,1,14,2,Household,2,2,1,0,123
50653,1,,Mobile Phone,1,16,Single,4,Female,2,1,13,0,Mobile Phone,2,5,0,1,114
50654,0,19,Phone,1,14,Married,4,Female,3,1,23,7,Laptop & Accessory,9,5,1,1,146
50655,1,14,Phone,1,,Divorced,3,Male,2,2,12,7,Household,10,3,1,1,125
50656,1,3,Pad,1,30,Single,4,Male,3,1,12,9,Fashion,2,5,0,0,187
50657,0,3,Phone,1,6,Divorced,4,Male,2,1,16,3,Mobile Phone,2,5,0,0,140
50658,0,3,Mobile Phone,1,26,Divorced,3,Male,2,1,15,2,Laptop & Accessory,1,5,0,1,200
50659,0,14,Phone,1,13,Divorced,1,Female,2,1,13,8,Household,2,3,0,1,134
50660,0,11,Mobile Phone,1,23,Divorced,4,Female,3,1,18,9,Fashion,1,3,0,0,188
50661,0,13,Mobile Phone,1,26,Divorced,3,Male,3,11,20,1,Fashion,5,2,0,4,203
50662,0,3,Pad,1,14,Divorced,5,Male,2,1,19,2,Mobile Phone,2,3,0,1,146
50663,0,28,Pad,1,8,Divorced,3,Male,3,1,18,,Fashion,4,4,0,1,210
50664,0,1,Phone,1,16,Single,3,Female,2,1,13,7,Laptop & Accessory,4,3,0,1,137
50665,1,7,Mobile Phone,2,6,Divorced,4,Male,3,3,14,6,Fashion,10,5,0,2,205
50666,0,6,Mobile Phone,1,11,Married,4,Male,2,1,15,2,Fashion,5,2,0,0,171
50667,1,3,Mobile Phone,3,10,Single,3,Male,2,4,22,7,Fashion,1,5,1,3,196
50668,1,3,Pad,1,35,Single,4,Female,2,3,22,8,Laptop & Accessory,2,3,0,3,145
50669,0,,Phone,1,21,Married,3,Male,2,2,16,2,Household,2,3,0,2,122
50670,0,7,Pad,1,9,Single,3,Male,2,1,17,4,Laptop & Accessory,1,2,0,1,178
50671,0,13,Mobile Phone,3,16,Married,4,Female,2,1,14,0,Laptop & Accessory,3,2,1,0,167
50672,1,3,Phone,1,10,Divorced,3,Male,2,5,15,6,Mobile Phone,2,2,1,5,137
50673,1,3,Phone,1,,Married,3,Male,2,1,20,0,Household,2,3,0,1,124
50674,1,,Phone,1,31,Single,4,Male,2,2,20,2,Household,5,4,1,0,123
50675,0,15,Mobile Phone,1,8,Divorced,3,Male,2,13,17,7,Grocery,1,5,0,,277
50676,1,3,Pad,1,,Married,4,Male,2,1,15,0,Household,2,4,0,0,126
50677,1,13,Pad,3,6,Single,3,Male,2,1,14,0,Laptop & Accessory,4,3,1,0,147
50678,0,6,Pad,3,13,Divorced,3,Female,1,1,17,2,Laptop & Accessory,1,4,0,1,143
50679,0,7,Pad,1,9,Divorced,4,Male,,1,17,0,Household,4,2,0,1,130
50680,0,21,Pad,1,6,Single,1,Male,2,2,22,1,Grocery,3,2,0,,269
50681,0,18,Pad,3,15,Divorced,4,Female,3,4,13,12,Laptop & Accessory,2,3,0,0,156
50682,0,25,Mobile Phone,1,13,Single,3,Male,2,4,19,0,Fashion,8,4,0,3,204
50683,0,11,Mobile Phone,3,16,Married,4,Male,3,2,14,7,Fashion,1,3,1,2,187
50684,0,2,Phone,1,,Married,3,Female,3,1,22,7,Household,5,2,0,0,125
50685,0,1,Mobile Phone,1,9,Married,3,Female,3,1,17,7,Fashion,1,4,0,0,177
50686,0,19,Mobile Phone,3,9,Divorced,3,Male,2,4,12,9,Grocery,4,3,0,,275
50687,0,11,Mobile Phone,3,8,Single,3,Male,2,1,16,0,Fashion,8,4,0,1,174
50688,0,16,Pad,1,33,Divorced,3,Female,2,1,11,1,Fashion,9,5,0,0,208
50689,1,2,Pad,1,8,Married,3,Male,2,11,11,,Grocery,8,2,0,7,222
50690,0,13,Mobile Phone,1,20,Single,4,Male,2,4,,9,Others,2,3,0,4,296
50691,0,,Phone,1,6,Single,4,Female,3,2,11,2,Household,2,4,1,0,121
50692,0,12,Pad,1,15,Single,3,Male,3,1,15,3,Laptop & Accessory,21,4,0,1,168
50693,0,9,Pad,1,24,Single,3,Male,3,1,20,9,Laptop & Accessory,3,2,0,1,178
50694,0,4,Pad,3,26,Divorced,1,Male,,2,12,2,Household,1,2,0,1,128
50695,0,1,Phone,1,8,Divorced,4,Male,3,1,17,4,Household,1,4,0,0,132
50696,0,8,Pad,3,17,Married,3,Male,2,1,11,2,Laptop & Accessory,2,2,0,0,150
50697,0,22,Mobile Phone,3,14,Divorced,4,Male,2,2,17,,Grocery,7,4,0,1,231
50698,0,7,Pad,1,8,Single,3,Male,3,1,11,2,Laptop & Accessory,3,3,0,1,140
50699,0,2,Pad,1,16,Married,3,Female,3,1,14,1,Household,1,4,0,1,133
50700,0,15,Phone,1,35,Single,5,Male,2,1,19,0,Laptop & Accessory,5,2,0,1,143
50701,0,2,Mobile Phone,1,14,Divorced,4,Male,3,1,13,2,Laptop & Accessory,2,2,1,0,151
50702,0,11,Phone,2,6,Divorced,1,Male,,5,13,0,Household,2,3,0,1,128
50703,0,4,Pad,1,12,Married,4,Male,,1,14,2,Household,2,3,1,1,127
50704,1,,Pad,1,14,Single,3,Male,3,1,12,0,Mobile Phone,2,3,0,0,119
50705,1,3,Mobile Phone,3,15,Single,3,Female,3,1,17,3,Laptop & Accessory,1,5,1,0,182
50706,0,14,Phone,1,18,Divorced,3,Male,2,1,11,0,Mobile Phone,4,2,1,1,148
50707,1,3,Pad,1,,Divorced,3,Male,3,2,12,2,Household,2,3,0,2,126
50708,0,13,Mobile Phone,1,31,Married,4,Female,2,1,13,3,Laptop & Accessory,8,2,0,0,157
50709,0,3,Phone,1,,Divorced,4,Male,2,2,13,2,Household,2,3,0,2,125
50710,0,7,Mobile Phone,3,15,Divorced,3,Female,3,1,20,3,Laptop & Accessory,2,3,0,1,157
50711,0,8,Phone,2,14,Single,3,Male,3,1,17,4,Mobile Phone,2,3,0,0,143
50712,1,3,Mobile Phone,3,29,Divorced,4,Female,2,3,13,10,Fashion,2,5,0,0,173
50713,0,13,Pad,1,15,Single,3,Female,2,,17,13,Fashion,10,3,0,0,235
50714,1,5,Pad,3,18,Single,3,Male,2,,12,14,Grocery,1,5,1,7,238
50715,0,15,Mobile Phone,3,10,Single,3,Male,2,1,13,5,Laptop & Accessory,8,5,0,1,152
50716,0,,Phone,1,6,Divorced,4,Male,2,1,12,7,Household,7,3,0,1,123
50717,0,3,Phone,1,30,Single,3,Male,2,1,22,2,Mobile Phone,9,4,0,1,136
50718,1,3,Phone,1,,Divorced,3,Female,3,1,11,0,Household,2,2,1,1,125
50719,0,3,Phone,1,9,Divorced,1,Male,2,1,22,7,Mobile Phone,2,2,0,1,144
50720,0,3,Mobile Phone,3,16,Divorced,4,Male,3,1,18,4,Laptop & Accessory,2,3,0,1,166
50721,0,13,Pad,1,32,Divorced,4,Female,3,1,13,0,Laptop & Accessory,4,2,1,1,144
50722,0,8,Mobile Phone,1,8,Married,4,Male,2,6,18,4,Fashion,3,4,0,6,203
50723,0,7,Pad,1,6,Single,4,Male,3,4,20,9,Laptop & Accessory,1,5,0,1,153
50724,0,8,Pad,1,,Divorced,4,Male,2,2,13,2,Household,2,2,0,2,124
50725,1,6,Mobile Phone,3,15,Single,5,Female,2,1,13,3,Laptop & Accessory,9,3,0,1,153
50726,0,5,Pad,3,8,Married,3,Female,,1,12,0,Household,2,5,0,0,128
50727,0,29,Mobile Phone,1,10,Married,3,Female,3,4,,2,Others,5,5,0,0,299
50728,0,2,Phone,1,12,Divorced,3,Female,,1,13,8,Household,2,2,0,0,131
50729,0,3,Phone,1,,Single,3,Male,2,1,25,0,Household,2,5,0,0,126
50730,0,18,Phone,1,13,Divorced,3,Female,2,1,19,2,Mobile Phone,5,3,1,1,145
50731,0,13,Mobile Phone,1,6,Divorced,4,Female,2,3,13,11,Laptop & Accessory,2,2,0,3,165
50732,0,3,Phone,1,9,Single,4,Male,,1,12,2,Household,2,3,0,0,130
50733,1,7,Phone,1,16,Single,3,Male,,1,11,2,Household,2,3,1,1,129
50734,0,26,Mobile Phone,1,13,Married,3,Female,2,4,18,7,Others,4,3,0,,286
50735,0,,Phone,1,21,Divorced,5,Female,3,1,18,3,Household,1,2,1,1,122
50736,1,3,Pad,1,9,Divorced,4,Male,,1,11,0,Household,1,2,1,0,129
50737,0,19,Mobile Phone,3,8,Divorced,3,Female,3,15,23,9,Grocery,9,5,0,,270
50738,0,,Pad,1,23,Single,5,Male,3,1,13,0,Household,3,3,0,1,123
50739,0,6,Phone,2,8,Divorced,3,Male,2,1,13,4,Mobile Phone,2,3,0,0,136
50740,1,,Pad,1,11,Married,4,Male,3,1,17,0,Household,7,5,0,1,121
50741,0,3,Phone,3,35,Married,3,Male,3,1,19,3,Laptop & Accessory,9,5,0,1,141
50742,0,13,Pad,3,8,Divorced,3,Male,3,1,12,0,Laptop & Accessory,6,4,0,1,143
50743,0,23,Pad,1,8,Divorced,3,Female,1,2,22,2,Grocery,3,5,0,,279
50744,0,1,Phone,1,25,Divorced,4,Male,3,3,12,3,Household,2,5,0,1,132
50745,0,19,Mobile Phone,1,21,Divorced,3,Male,2,1,11,3,Others,6,4,0,,291
50746,0,8,Mobile Phone,3,23,Divorced,3,Male,3,1,15,7,Laptop & Accessory,4,5,1,1,190
50747,1,,Phone,1,23,Divorced,3,Female,3,1,13,0,Household,2,4,0,0,122
50748,0,6,Pad,3,31,Divorced,3,Female,2,1,12,1,Laptop & Accessory,2,3,0,0,145
50749,0,9,Phone,1,12,Married,5,Male,,1,14,7,Household,2,3,0,0,127
50750,0,3,Phone,1,13,Married,3,Male,2,8,13,9,Laptop & Accessory,2,3,0,8,135
50751,0,17,Phone,1,35,Single,3,Male,2,1,25,17,Laptop & Accessory,2,2,0,1,145
50752,0,3,Phone,3,27,Single,1,Male,,2,17,2,Household,2,2,0,0,127
50753,0,19,Mobile Phone,1,8,Married,3,Male,2,1,11,4,Laptop & Accessory,3,2,0,1,174
50754,0,15,Pad,2,8,Divorced,1,Male,3,1,16,3,Laptop & Accessory,8,5,0,0,163
50755,0,33,Mobile Phone,3,13,Married,1,Male,2,1,18,9,Laptop & Accessory,1,2,1,0,152
50756,0,5,Pad,1,19,Divorced,4,Female,,2,20,2,Household,2,4,0,0,127
50757,0,5,Pad,1,8,Single,3,Female,2,1,14,7,Laptop & Accessory,5,3,1,1,150
50758,0,9,Mobile Phone,1,6,Married,5,Female,3,7,21,7,Fashion,3,5,1,5,203
50759,0,6,Phone,1,15,Divorced,3,Male,,4,13,10,Household,1,2,0,1,128
50760,0,13,Mobile Phone,3,16,Married,4,Female,2,1,12,3,Laptop & Accessory,8,4,0,1,169
50761,0,3,Phone,3,16,Single,3,Male,2,1,14,1,Laptop & Accessory,1,2,0,0,150
50762,0,3,Phone,1,6,Divorced,3,Male,3,5,21,7,Mobile Phone,1,4,1,1,136
50763,0,15,Pad,1,32,Divorced,3,Female,2,,17,0,Fashion,4,5,1,0,232
50764,0,8,Pad,3,14,Divorced,4,Female,3,4,11,12,Fashion,5,2,1,2,204
50765,0,,Phone,1,20,Divorced,3,Male,2,6,14,8,Household,2,5,1,2,122
50766,0,27,Pad,1,6,Married,3,Female,2,1,17,4,Fashion,8,3,0,1,205
50767,0,,Mobile Phone,1,8,Divorced,1,Female,3,7,13,7,Household,2,2,0,6,120
50768,1,,Pad,1,16,Single,4,Female,3,1,25,0,Mobile Phone,2,4,1,1,119
50769,0,2,Phone,1,6,Married,3,Female,3,1,15,2,Mobile Phone,2,2,0,0,138
50770,0,27,Mobile Phone,1,9,Divorced,3,Male,2,1,14,9,Grocery,4,2,0,,278
50771,0,4,Mobile Phone,1,17,Divorced,3,Male,3,1,12,1,Laptop & Accessory,2,5,1,0,168
50772,0,4,Mobile Phone,1,30,Single,4,Female,3,1,19,8,Laptop & Accessory,2,5,0,0,168
50773,0,33,Mobile Phone,3,9,Single,4,Female,2,1,17,5,Laptop & Accessory,6,2,0,0,152
50774,0,16,Mobile Phone,1,9,Divorced,5,Male,3,1,,7,Others,4,2,0,1,297
50775,0,22,Mobile Phone,1,10,Divorced,4,Male,2,1,13,0,Others,3,3,0,,287
50776,0,9,Pad,1,9,Divorced,3,Male,2,1,12,7,Mobile Phone,2,4,0,1,137
50777,0,21,Phone,1,,Single,1,Male,3,1,11,0,Household,6,4,0,0,126
50778,0,3,Phone,1,,Married,3,Male,3,1,11,3,Household,2,3,0,1,125
50779,0,2,Mobile Phone,1,13,Married,3,Male,2,1,11,0,Laptop & Accessory,2,2,1,0,166
50780,0,21,Mobile Phone,1,6,Single,4,Male,3,1,12,0,Others,7,2,0,,283
50781,0,2,Mobile Phone,1,6,Married,4,Female,2,1,14,7,Grocery,4,2,0,,261
50782,0,7,Phone,1,,Divorced,1,Female,2,1,17,0,Household,1,3,0,1,126
50783,0,17,Mobile Phone,3,11,Divorced,3,Male,2,3,11,10,Others,8,4,0,,282
50784,0,6,Mobile Phone,3,16,Married,1,Male,2,1,14,8,Fashion,1,3,1,1,184
50785,0,3,Phone,1,31,Single,1,Female,,1,12,1,Household,2,2,1,1,130
50786,0,,Mobile Phone,1,6,Divorced,3,Male,2,1,22,1,Mobile Phone,2,3,0,0,112
50787,1,3,Pad,3,30,Single,5,Male,3,1,14,0,Mobile Phone,2,2,1,1,111
50788,0,3,Phone,1,10,Single,3,Male,,2,20,2,Household,2,2,1,0,129
50789,1,8,Mobile Phone,3,8,Single,5,Female,3,1,16,11,Others,3,4,1,,288
50790,0,28,Pad,1,14,Married,4,Male,2,,15,0,Grocery,2,4,1,3,236
50791,1,3,Pad,1,,Single,4,Female,2,2,20,2,Household,2,3,0,2,126
50792,0,19,Mobile Phone,3,10,Divorced,4,Female,2,1,14,8,Others,3,4,0,,288
50793,0,7,Phone,3,8,Single,3,Female,2,1,12,2,Laptop & Accessory,1,5,1,1,145
50794,0,24,Pad,3,15,Married,3,Male,2,11,,10,Others,5,4,1,2,298
50795,0,33,Mobile Phone,1,24,Single,3,Male,3,5,12,4,Fashion,7,2,0,1,205
50796,0,7,Pad,1,25,Married,3,Female,2,5,13,10,Laptop & Accessory,5,4,0,3,144
50797,0,,Pad,1,6,Single,3,Male,2,1,11,2,Household,1,3,1,0,122
50798,0,17,Mobile Phone,1,10,Married,1,Male,3,14,14,13,Others,2,5,0,,292
50799,0,7,Pad,2,17,Divorced,4,Male,2,1,11,8,Laptop & Accessory,5,4,0,0,145
50800,0,8,Phone,1,12,Divorced,3,Male,3,2,14,2,Household,1,3,1,1,135
50801,0,15,Phone,1,,Divorced,1,Female,3,1,16,0,Laptop & Accessory,7,4,1,0,124
50802,0,16,Mobile Phone,3,10,Single,4,Female,2,15,14,17,Fashion,4,2,0,10,202
50803,0,9,Mobile Phone,1,8,Single,3,Female,2,5,11,12,Laptop & Accessory,10,4,1,4,154
50804,1,7,Mobile Phone,1,21,Divorced,3,Female,3,1,11,5,Fashion,2,2,0,0,180
50805,0,1,Pad,1,8,Divorced,4,Male,2,2,12,2,Mobile Phone,2,2,1,2,139
50806,0,24,Pad,1,12,Single,4,Female,,7,14,7,Household,1,3,0,7,128
50807,0,3,Pad,1,15,Single,3,Female,3,1,18,7,Laptop & Accessory,8,3,1,1,147
50808,1,3,Phone,1,13,Married,3,Female,2,7,13,7,Household,4,3,1,1,133
50809,0,,Phone,1,6,Single,3,Male,2,1,11,2,Household,3,5,0,0,121
50810,0,,Phone,1,6,Single,3,Female,2,2,18,1,Household,2,4,0,1,121
50811,0,5,Mobile Phone,3,14,Divorced,1,Male,2,1,15,8,Laptop & Accessory,2,2,0,0,162
50812,0,18,Pad,1,31,Single,3,Female,2,1,22,0,Others,4,4,0,,281
50813,0,12,Mobile Phone,1,19,Married,4,Female,3,15,13,2,Grocery,7,4,1,,271
50814,0,33,Phone,1,,Married,3,Male,2,2,12,2,Household,2,3,0,2,124
50815,1,3,Phone,1,13,Divorced,3,Male,3,1,18,1,Laptop & Accessory,2,3,0,1,149
50816,1,2,Phone,1,29,Single,3,Male,3,1,13,3,Mobile Phone,1,5,0,0,139
50817,0,3,Phone,1,12,Divorced,4,Female,2,6,12,7,Laptop & Accessory,1,2,0,5,146
50818,0,9,Mobile Phone,1,16,Divorced,3,Female,3,1,12,7,Fashion,4,3,0,0,171
50819,0,19,Phone,2,6,Single,3,Female,2,5,12,7,Household,7,5,0,3,134
50820,0,1,Pad,1,6,Divorced,5,Female,2,7,11,5,Laptop & Accessory,1,2,0,7,167
50821,0,23,Mobile Phone,1,34,Divorced,3,Female,2,1,11,2,Grocery,5,5,1,,269
50822,1,3,Mobile Phone,3,31,Single,4,Male,2,1,12,0,Fashion,3,4,1,0,191
50823,1,15,Mobile Phone,3,11,Single,3,Male,3,7,19,7,Fashion,10,4,1,5,184
50824,0,3,Mobile Phone,1,23,Divorced,3,Female,3,1,23,,Fashion,2,5,1,0,219
50825,0,12,Phone,1,24,Single,3,Male,2,1,11,7,Laptop & Accessory,1,3,0,0,145
50826,0,4,Pad,3,8,Married,3,Female,2,9,19,6,Fashion,2,3,1,3,199
50827,0,14,Pad,3,16,Single,5,Male,2,11,13,9,Laptop & Accessory,2,4,0,3,162
50828,1,,Pad,3,6,Single,3,Female,2,2,11,2,Household,2,4,1,1,123
50829,1,7,Phone,1,,Divorced,3,Male,2,1,12,2,Household,5,5,0,1,124
50830,0,15,Pad,1,8,Divorced,3,Male,2,2,13,10,Grocery,1,3,1,,279
50831,0,28,Mobile Phone,1,8,Divorced,5,Female,2,9,14,11,Others,5,3,0,,292
50832,0,29,Mobile Phone,2,14,Single,3,Male,2,7,,7,Others,7,4,0,1,297
50833,0,13,Pad,1,22,Married,3,Male,3,1,16,0,Household,10,3,0,1,135
50834,0,7,Mobile Phone,1,15,Married,3,Male,2,1,11,6,Fashion,1,2,0,1,185
50835,0,13,Phone,1,8,Single,3,Male,3,8,13,8,Laptop & Accessory,2,2,0,3,147
50836,0,14,Pad,3,6,Married,3,Female,3,1,17,7,Laptop & Accessory,1,5,0,0,141
50837,0,8,Pad,1,10,Single,3,Male,2,1,11,1,Laptop & Accessory,2,3,1,1,142
50838,0,24,Mobile Phone,2,11,Married,3,Male,2,,11,10,Grocery,2,4,1,1,240
50839,0,11,Mobile Phone,3,8,Married,3,Female,2,1,15,7,Laptop & Accessory,4,5,0,0,169
50840,0,7,Mobile Phone,3,21,Single,3,Female,3,9,12,6,Laptop & Accessory,2,5,0,1,161
50841,0,3,Phone,1,25,Divorced,3,Male,3,1,11,2,Mobile Phone,4,2,0,1,137
50842,1,23,Mobile Phone,1,13,Divorced,4,Female,2,5,14,9,Fashion,8,5,1,4,200
50843,0,13,Phone,1,,Divorced,3,Male,2,1,22,3,Household,4,4,0,1,124
50844,0,9,Pad,3,13,Divorced,1,Female,2,6,16,13,Laptop & Accessory,3,5,0,5,146
50845,0,21,Mobile Phone,1,10,Single,3,Male,2,1,11,8,Fashion,2,2,0,1,179
50846,0,3,Phone,3,,Divorced,1,Female,3,1,14,0,Household,9,2,0,1,125
50847,0,24,Mobile Phone,1,17,Single,4,Female,2,1,16,,Grocery,4,4,0,0,231
50848,0,,Pad,1,6,Single,3,Female,3,1,15,0,Mobile Phone,2,2,0,1,116
50849,0,8,Mobile Phone,1,6,Divorced,4,Female,2,1,12,0,Laptop & Accessory,1,2,0,1,154
50850,0,3,Pad,3,8,Single,5,Male,2,1,20,0,Laptop & Accessory,4,2,0,1,151
50851,1,18,Mobile Phone,3,19,Single,1,Male,2,,17,8,Grocery,7,3,1,2,237
50852,0,29,Mobile Phone,1,29,Divorced,3,Male,3,,12,9,Grocery,5,4,1,11,234
50853,0,,Pad,1,32,Married,4,Female,3,1,20,0,Household,2,3,0,1,120
50854,0,13,Mobile Phone,1,8,Married,1,Female,2,11,20,8,Laptop & Accessory,6,3,0,5,164
50855,0,7,Mobile Phone,1,35,Divorced,3,Male,2,7,13,7,Laptop & Accessory,5,3,0,0,154
50856,1,3,Pad,3,8,Single,4,Female,,1,14,0,Household,8,2,0,0,128
50857,1,3,Pad,3,24,Divorced,3,Female,3,3,18,2,Laptop & Accessory,1,3,1,3,146
50858,0,11,Pad,1,,Married,1,Male,2,1,11,3,Household,2,3,0,0,126
50859,0,7,Mobile Phone,1,8,Single,3,Female,3,4,11,11,Laptop & Accessory,2,2,0,1,167
50860,0,1,Phone,3,32,Divorced,4,Male,2,1,11,4,Laptop & Accessory,2,5,0,1,147
50861,1,3,Mobile Phone,1,28,Divorced,3,Male,3,6,15,7,Laptop & Accessory,2,3,1,3,162
50862,0,12,Mobile Phone,3,27,Divorced,4,Male,2,1,12,4,Laptop & Accessory,4,2,1,0,161
50863,0,24,Pad,3,8,Divorced,3,Male,2,3,11,2,Fashion,3,4,0,0,206
50864,0,14,Pad,1,28,Married,3,Female,3,3,14,3,Laptop & Accessory,4,2,1,0,155
50865,0,13,Phone,1,10,Divorced,3,Male,,1,15,3,Household,8,3,1,1,130
50866,0,6,Pad,3,11,Divorced,3,Male,3,1,13,2,Laptop & Accessory,7,2,0,1,200
50867,0,5,Phone,3,8,Divorced,3,Male,2,1,13,2,Laptop & Accessory,1,4,1,0,141
50868,0,12,Pad,1,31,Divorced,3,Male,3,1,21,5,Fashion,4,3,0,0,209
50869,0,3,Mobile Phone,3,24,Divorced,1,Male,3,1,11,2,Laptop & Accessory,3,3,0,0,162
50870,0,25,Pad,1,34,Divorced,1,Female,2,,11,2,Grocery,3,3,1,0,232
50871,0,16,Phone,1,12,Single,4,Female,3,1,14,8,Laptop & Accessory,2,3,1,1,141
50872,0,3,Mobile Phone,3,16,Divorced,4,Female,3,4,11,4,Laptop & Accessory,2,2,1,2,158
50873,1,3,Phone,1,,Single,3,Female,2,7,13,7,Household,2,3,1,3,124
50874,0,3,Phone,1,8,Single,4,Male,2,1,12,1,Mobile Phone,1,2,0,0,139
50875,0,15,Mobile Phone,2,16,Divorced,3,Female,2,1,14,9,Grocery,1,5,0,,268
50876,0,25,Phone,1,14,Divorced,3,Female,,1,13,4,Household,10,5,0,1,130
50877,0,13,Phone,1,17,Single,3,Female,3,1,18,2,Mobile Phone,5,3,0,0,136
50878,0,8,Pad,1,24,Single,3,Male,2,2,11,2,Fashion,3,2,0,0,194
50879,0,3,Phone,1,6,Divorced,3,Male,2,1,11,2,Household,5,2,0,1,132
50880,0,3,Phone,1,13,Single,1,Male,3,1,12,7,Mobile Phone,1,5,0,1,136
50881,0,2,Mobile Phone,2,23,Single,4,Male,2,1,13,9,Fashion,2,5,0,0,180
50882,1,3,Pad,1,34,Single,4,Male,3,1,20,3,Laptop & Accessory,4,5,0,0,143
50883,1,3,Pad,1,20,Single,3,Female,2,7,12,7,Fashion,1,2,1,2,176
50884,0,27,Mobile Phone,1,6,Single,3,Female,2,12,19,7,Grocery,7,2,0,,273
50885,0,33,Mobile Phone,1,6,Divorced,3,Female,3,1,,5,Others,4,5,1,1,297
50886,0,28,Mobile Phone,1,6,Married,1,Male,2,,13,0,Grocery,3,2,0,1,247
50887,0,9,Mobile Phone,3,9,Single,3,Female,2,1,16,1,Laptop & Accessory,4,4,1,0,193
50888,1,,Pad,3,6,Single,5,Female,2,1,12,0,Mobile Phone,2,3,0,1,114
50889,0,3,Phone,3,13,Married,3,Female,3,1,14,2,Laptop & Accessory,8,5,0,1,148
50890,0,4,Mobile Phone,1,14,Single,3,Female,3,1,11,0,Grocery,4,4,0,,264
50891,0,7,Pad,1,6,Married,3,Male,,1,14,3,Household,6,5,0,1,130
50892,1,,Mobile Phone,1,14,Single,4,Female,2,1,12,0,Mobile Phone,2,4,0,0,113
50893,0,,Phone,1,17,Divorced,3,Male,3,1,14,4,Household,1,5,0,1,121
50894,0,9,Mobile Phone,1,10,Single,4,Male,2,1,16,8,Laptop & Accessory,2,2,0,1,158
50895,0,9,Mobile Phone,3,22,Divorced,4,Female,3,1,13,2,Laptop & Accessory,5,5,0,1,156
50896,0,23,Phone,1,6,Divorced,3,Male,3,1,12,2,Household,8,2,0,1,134
50897,1,3,Phone,3,15,Divorced,4,Male,3,2,12,2,Mobile Phone,4,5,0,1,144
50898,0,13,Pad,1,11,Single,1,Male,2,1,14,3,Household,1,3,0,1,135
50899,0,,Phone,1,6,Divorced,3,Female,2,1,22,0,Household,3,5,0,1,121
50900,0,23,Mobile Phone,1,8,Divorced,3,Female,2,5,19,6,Grocery,4,3,0,,272
50901,0,3,Phone,3,10,Divorced,3,Female,2,1,12,3,Laptop & Accessory,2,3,1,1,142
50902,0,5,Mobile Phone,3,13,Divorced,3,Male,3,1,12,3,Laptop & Accessory,5,2,0,1,192
50903,0,7,Phone,1,6,Divorced,4,Female,2,1,17,2,Household,6,4,0,1,133
50904,0,,Phone,1,11,Divorced,1,Male,2,1,12,3,Household,3,3,1,1,121
50905,0,13,Pad,1,15,Married,3,Male,2,1,11,7,Laptop & Accessory,4,3,0,1,140
50906,0,4,Mobile Phone,3,14,Married,3,Male,2,9,18,9,Fashion,2,2,0,2,208
50907,1,9,Mobile Phone,3,15,Married,3,Male,2,4,11,3,Fashion,5,1,0,0,201
50908,1,2,Pad,1,8,Single,4,Female,2,1,23,0,Mobile Phone,3,5,1,0,136
50909,1,3,Pad,1,6,Single,1,Female,3,4,11,7,Fashion,2,4,0,3,174
50910,0,18,Mobile Phone,1,26,Married,5,Male,3,1,18,7,Fashion,3,5,1,0,209
50911,0,,Phone,2,14,Single,1,Female,3,1,18,2,Household,10,4,0,0,121
50912,1,3,Pad,1,8,Divorced,3,Male,3,2,13,2,Mobile Phone,7,1,1,2,137
50913,0,18,Mobile Phone,1,35,Divorced,3,Male,2,1,18,2,Fashion,5,1,1,1,194
50914,0,21,Mobile Phone,3,13,Married,3,Male,3,2,11,2,Laptop & Accessory,5,5,0,1,155
50915,1,3,Phone,2,15,Divorced,3,Female,,2,15,2,Household,2,3,0,1,127
50916,0,13,Pad,1,14,Married,4,Male,2,,11,8,Fashion,3,4,0,1,238
50917,0,1,Mobile Phone,3,11,Single,3,Male,2,1,18,3,Laptop & Accessory,1,5,0,1,185
50918,0,17,Pad,1,11,Single,4,Male,,1,14,3,Household,4,3,0,0,132
50919,0,26,Mobile Phone,1,8,Single,1,Male,2,8,12,8,Grocery,5,4,0,,266
50920,0,22,Mobile Phone,1,11,Divorced,3,Male,3,1,14,2,Laptop & Accessory,3,3,0,0,167
50921,0,13,Phone,1,,Married,3,Male,3,1,14,2,Household,3,3,0,0,123
50922,0,17,Phone,1,26,Single,3,Male,2,1,13,3,Household,2,4,0,1,134
50923,0,6,Pad,3,13,Divorced,3,Male,2,1,14,3,Laptop & Accessory,1,5,0,0,144
50924,0,7,Phone,3,9,Single,5,Male,2,3,18,12,Laptop & Accessory,4,5,0,2,148
50925,0,3,Mobile Phone,3,22,Divorced,3,Male,3,2,15,2,Laptop & Accessory,9,3,0,0,153
50926,0,15,Pad,1,15,Single,3,Female,3,5,13,8,Mobile Phone,2,1,0,4,137
50927,0,17,Pad,3,6,Divorced,3,Female,3,1,12,0,Laptop & Accessory,8,3,0,1,148
50928,0,,Pad,1,13,Married,3,Male,3,1,13,0,Mobile Phone,2,3,0,0,113
50929,0,53,Phone,1,6,Divorced,1,Male,3,2,24,8,Laptop & Accessory,1,3,0,1,149
50930,0,22,Mobile Phone,1,13,Married,3,Male,2,1,14,7,Fashion,4,4,0,0,205
50931,0,7,Pad,1,21,Married,3,Male,3,6,14,9,Grocery,8,5,0,,270
50932,1,3,Pad,3,6,Divorced,3,Male,,1,15,2,Household,4,3,0,1,129
50933,1,3,Pad,3,19,Single,3,Female,2,1,11,0,Laptop & Accessory,6,4,0,0,158
50934,1,3,Phone,3,30,Single,4,Female,2,10,23,10,Laptop & Accessory,1,4,1,2,146
50935,0,8,Phone,3,,Divorced,3,Male,3,1,13,0,Household,2,3,0,1,124
50936,1,3,Pad,1,15,Single,3,Male,2,1,11,0,Household,3,5,1,0,132
50937,0,,Pad,3,19,Divorced,3,Female,3,1,13,0,Household,2,4,0,0,120
50938,0,17,Pad,1,8,Single,3,Male,2,2,18,2,Fashion,6,3,1,0,202
50939,0,2,Mobile Phone,3,25,Married,4,Male,3,1,14,4,Laptop & Accessory,2,3,0,1,186
50940,0,,Phone,2,6,Married,3,Male,2,1,21,3,Household,1,3,0,0,121
50941,0,28,Phone,1,10,Divorced,3,Male,1,1,16,2,Laptop & Accessory,1,3,1,0,140
50942,0,6,Phone,1,10,Divorced,4,Female,2,1,11,2,Mobile Phone,9,4,0,0,138
50943,0,23,Phone,3,20,Divorced,3,Female,3,1,17,2,Laptop & Accessory,4,3,1,1,146
50944,1,3,Pad,1,,Single,4,Male,2,1,11,0,Household,8,5,0,0,126
50945,0,,Mobile Phone,1,6,Married,4,Male,3,1,14,0,Mobile Phone,2,3,0,0,116
50946,0,1,Pad,3,13,Single,3,Male,2,1,14,3,Laptop & Accessory,1,5,0,1,149
50947,0,22,Phone,1,9,Divorced,4,Female,2,1,25,2,Laptop & Accessory,5,5,0,1,148
50948,0,2,Pad,1,8,Divorced,3,Female,3,1,13,2,Household,1,4,0,0,132
50949,0,1,Mobile Phone,1,35,Divorced,5,Male,3,1,14,7,Laptop & Accessory,2,4,0,1,165
50950,0,6,Mobile Phone,1,14,Single,3,Male,3,1,17,0,Laptop & Accessory,3,3,1,0,164
50951,0,5,Mobile Phone,1,16,Single,3,Male,0,1,25,,Fashion,3,1,0,0,212
50952,0,27,Pad,1,17,Married,3,Female,2,,20,12,Grocery,4,1,0,1,260
50953,1,3,Phone,1,,Single,4,Male,3,1,13,7,Household,7,5,0,0,124
50954,0,17,Mobile Phone,1,34,Divorced,3,Male,2,14,13,17,Grocery,4,5,0,,263
50955,0,12,Mobile Phone,1,12,Single,3,Female,2,2,18,2,Fashion,5,4,0,0,184
50956,0,19,Mobile Phone,3,9,Divorced,3,Female,2,5,12,1,Grocery,9,4,0,,266
50957,0,8,Mobile Phone,1,22,Single,4,Female,3,3,19,3,Fashion,2,4,0,1,186
50958,0,,Phone,1,26,Single,3,Male,3,1,14,2,Laptop & Accessory,1,3,0,1,123
50959,1,,Mobile Phone,1,15,Single,3,Male,2,1,14,0,Household,4,5,0,1,120
50960,0,7,Mobile Phone,3,6,Divorced,4,Male,3,8,14,6,Fashion,2,3,1,7,171
50961,1,3,Pad,1,9,Single,3,Female,2,7,12,7,Mobile Phone,2,3,0,6,141
50962,0,23,Pad,1,28,Single,5,Male,2,,13,9,Grocery,2,1,1,13,244
50963,0,,Phone,3,13,Married,3,Male,2,5,25,7,Household,1,3,1,0,123
50964,0,15,Phone,1,8,Married,4,Male,3,1,14,0,Mobile Phone,5,4,0,1,148
50965,0,13,Phone,1,19,Married,3,Male,2,3,17,7,Laptop & Accessory,2,1,0,0,143
50966,0,2,Mobile Phone,1,14,Married,5,Female,2,1,13,7,Laptop & Accessory,4,5,0,0,197
50967,0,6,Phone,1,31,Single,4,Male,2,1,13,2,Laptop & Accessory,2,4,0,0,143
50968,0,,Phone,1,34,Married,3,Male,3,1,20,3,Household,5,1,0,1,121
50969,0,15,Pad,1,8,Married,3,Male,2,13,14,9,Fashion,3,1,1,12,201
50970,0,13,Mobile Phone,3,15,Married,3,Male,2,7,12,1,Laptop & Accessory,1,5,0,2,155
50971,0,6,Mobile Phone,1,34,Married,3,Male,3,5,12,7,Laptop & Accessory,2,3,1,1,152
50972,0,13,Mobile Phone,2,12,Single,3,Male,2,7,21,7,Grocery,2,1,1,,264
50973,0,,Phone,1,27,Married,4,Male,2,1,14,0,Household,1,5,0,0,123
50974,0,13,Pad,1,14,Married,3,Male,3,2,18,2,Laptop & Accessory,4,1,1,2,141
50975,0,18,Mobile Phone,1,6,Married,3,Male,3,7,12,7,Fashion,2,4,0,6,174
50976,0,8,Phone,3,,Married,4,Female,3,4,23,2,Household,1,3,0,2,124
50977,0,5,Mobile Phone,1,11,Married,4,Female,3,2,12,5,Laptop & Accessory,4,4,0,1,159
50978,0,9,Phone,3,,Single,3,Male,3,1,21,2,Household,4,1,1,0,126
50979,0,21,Mobile Phone,3,22,Married,3,Female,3,7,14,7,Laptop & Accessory,9,3,0,1,164
50980,0,2,Phone,1,,Married,1,Male,3,1,18,0,Household,7,3,0,1,125
50981,0,6,Mobile Phone,3,14,Married,3,Male,2,2,13,2,Laptop & Accessory,3,5,0,2,164
50982,1,3,Mobile Phone,3,6,Married,4,Male,3,6,11,7,Laptop & Accessory,2,5,0,3,197
50983,0,11,Pad,2,16,Married,3,Male,3,1,11,2,Laptop & Accessory,4,3,0,0,161
50984,0,8,Phone,1,,Single,4,Male,3,1,19,2,Household,2,5,0,0,125
50985,0,3,Mobile Phone,3,35,Married,3,Male,2,1,12,3,Fashion,4,4,0,0,193
50986,1,,Phone,1,8,Married,3,Female,3,1,12,0,Household,2,5,1,1,121
50987,1,16,Mobile Phone,1,8,Married,4,Female,3,1,16,9,Fashion,1,1,0,1,202
50988,1,1,Phone,1,8,Married,3,Male,2,1,11,4,Laptop & Accessory,5,4,0,0,149
50989,0,5,Pad,1,6,Married,3,Male,3,1,14,2,Laptop & Accessory,5,5,0,1,141
50990,0,21,Phone,1,,Married,3,Female,3,7,12,6,Household,9,5,0,7,124
50991,0,7,Phone,1,13,Single,3,Male,,1,13,0,Household,2,1,0,0,130
50992,0,28,Mobile Phone,3,32,Married,4,Male,2,2,,13,Others,2,1,0,2,296
50993,0,7,Mobile Phone,1,6,Married,3,Male,2,2,17,1,Laptop & Accessory,10,1,0,1,155
50994,0,,Phone,1,9,Married,3,Female,2,1,21,0,Household,2,1,0,1,121
50995,0,11,Mobile Phone,3,20,Married,3,Male,3,7,11,7,Laptop & Accessory,1,4,0,5,199
50996,0,11,Phone,3,22,Single,3,Female,2,1,12,2,Laptop & Accessory,3,4,0,0,142
50997,0,9,Mobile Phone,3,6,Single,3,Female,3,1,13,0,Laptop & Accessory,7,3,0,1,168
50998,0,2,Phone,1,9,Single,3,Male,2,1,18,5,Mobile Phone,2,5,1,0,147
50999,0,8,Mobile Phone,1,16,Single,3,Female,2,1,16,4,Laptop & Accessory,4,3,1,1,161
51000,0,12,Mobile Phone,3,12,Married,1,Male,2,7,11,6,Fashion,3,3,0,4,182
51001,0,2,Pad,1,8,Married,3,Male,2,1,19,3,Laptop & Accessory,2,1,0,0,189
51002,0,23,Mobile Phone,3,5,Married,3,Male,2,1,,0,Others,5,3,1,0,293
51003,0,,Phone,1,16,Married,1,Male,2,2,16,2,Household,3,3,0,2,121
51004,0,9,Pad,1,12,Married,1,Male,3,1,13,2,Laptop & Accessory,4,5,1,1,156
51005,0,15,Mobile Phone,1,15,Single,4,Male,3,1,,1,Others,9,1,0,1,296
51006,0,8,Phone,1,34,Married,1,Male,2,6,17,8,Laptop & Accessory,2,3,0,5,134
51007,0,7,Pad,1,16,Married,4,Male,3,7,14,7,Laptop & Accessory,2,3,0,2,151
51008,0,13,Phone,3,20,Married,3,Female,2,1,15,2,Laptop & Accessory,2,5,0,0,146
51009,0,16,Phone,1,33,Married,1,Male,2,1,12,2,Mobile Phone,6,4,0,1,149
51010,0,8,Phone,1,13,Married,4,Male,,1,18,1,Household,2,1,0,1,127
51011,0,19,Mobile Phone,3,6,Single,1,Male,2,1,15,12,Grocery,2,5,0,,276
51012,1,3,Phone,1,,Married,3,Male,2,1,17,0,Household,2,4,1,0,124
51013,0,3,Pad,1,32,Married,4,Female,,1,14,3,Household,2,3,1,0,128
51014,0,23,Pad,1,26,Married,3,Male,2,12,15,,Grocery,3,3,1,3,212
51015,0,5,Phone,1,11,Married,1,Female,2,1,17,2,Household,4,1,0,1,133
51016,0,17,Mobile Phone,1,13,Married,3,Female,2,1,14,10,Others,1,1,1,,290
51017,0,,Phone,1,13,Married,4,Male,2,1,12,1,Household,2,4,0,0,121
51018,0,18,Mobile Phone,1,11,Single,5,Female,2,1,14,4,Laptop & Accessory,2,5,1,1,158
51019,0,18,Pad,3,32,Married,4,Male,2,4,15,5,Laptop & Accessory,2,5,0,0,144
51020,0,4,Pad,3,8,Single,3,Male,2,1,13,3,Laptop & Accessory,8,5,0,0,153
51021,0,9,Phone,1,18,Married,3,Female,3,1,12,1,Laptop & Accessory,10,3,1,0,147
51022,0,7,Pad,1,16,Married,1,Male,2,7,13,2,Laptop & Accessory,2,1,0,5,147
51023,0,22,Phone,1,31,Married,3,Female,2,1,14,4,Household,2,5,0,0,132
51024,0,12,Mobile Phone,1,16,Married,3,Male,3,7,13,7,Laptop & Accessory,3,5,0,4,154
51025,0,3,Phone,1,25,Married,4,Male,3,1,11,7,Mobile Phone,2,5,0,0,141
51026,0,8,Mobile Phone,1,24,Married,1,Male,2,1,11,10,Laptop & Accessory,2,5,0,0,152
51027,0,1,Mobile Phone,1,33,Married,5,Female,2,1,21,0,Laptop & Accessory,1,5,0,1,0
51028,0,3,Phone,1,11,Single,3,Male,,2,18,2,Household,2,1,0,1,131
51029,1,,Pad,3,9,Single,3,Female,3,1,12,0,Mobile Phone,2,1,1,0,116
51030,0,23,Mobile Phone,2,32,Married,3,Female,3,1,,0,Others,4,3,0,1,297
51031,0,12,Phone,1,9,Married,4,Male,,1,15,7,Laptop & Accessory,1,3,0,0,131
51032,0,13,Mobile Phone,1,21,Married,4,Female,3,14,13,12,Fashion,2,3,0,1,204
51033,0,8,Pad,1,14,Married,3,Female,2,2,12,9,Laptop & Accessory,2,3,0,2,141
51034,0,13,Mobile Phone,1,25,Married,3,Male,2,1,17,2,Laptop & Accessory,4,3,0,0,158
51035,0,12,Pad,1,10,Single,3,Female,2,3,13,8,Laptop & Accessory,1,3,0,3,150
51036,0,18,Mobile Phone,1,8,Married,4,Female,2,3,19,9,Laptop & Accessory,2,1,0,2,158
51037,0,11,Mobile Phone,1,8,Married,4,Female,2,1,19,2,Fashion,4,3,1,1,178
51038,1,3,Mobile Phone,3,16,Married,4,Male,2,6,17,0,Fashion,10,5,0,4,203
51039,0,13,Phone,1,16,Married,3,Female,3,7,11,7,Mobile Phone,2,4,0,1,139
51040,0,13,Mobile Phone,1,22,Single,3,Female,2,3,15,3,Fashion,7,1,1,1,179
51041,0,17,Pad,2,6,Married,3,Male,2,1,11,2,Laptop & Accessory,5,1,1,1,157
51042,0,21,Pad,1,10,Married,4,Male,2,,25,2,Grocery,3,1,0,2,252
51043,1,3,Mobile Phone,3,21,Married,5,Male,2,2,14,2,Laptop & Accessory,7,1,1,1,154
51044,0,3,Pad,1,8,Single,3,Female,2,1,13,3,Mobile Phone,2,1,1,1,138
51045,0,3,Phone,1,14,Married,1,Female,2,1,17,2,Household,8,3,0,0,135
51046,0,3,Pad,1,,Single,3,Male,2,1,13,2,Household,3,1,0,0,126
51047,1,,Phone,1,13,Single,3,Male,3,1,14,3,Household,4,5,1,0,122
51048,0,2,Mobile Phone,3,16,Single,4,Male,2,1,11,4,Laptop & Accessory,10,3,0,1,159
51049,0,9,Mobile Phone,1,11,Married,3,Female,2,1,12,2,Fashion,5,5,0,1,180
51050,0,3,Pad,1,8,Married,1,Male,3,1,17,7,Laptop & Accessory,2,3,0,0,152
51051,0,12,Mobile Phone,1,18,Married,3,Male,3,1,21,0,Laptop & Accessory,5,4,0,1,153
51052,0,22,Mobile Phone,1,28,Married,3,Female,3,1,16,2,Grocery,4,4,0,,264
51053,0,23,Mobile Phone,1,23,Married,4,Female,2,,15,11,Fashion,6,5,0,1,233
51054,0,3,Phone,3,8,Single,3,Female,,2,19,2,Household,2,3,0,0,128
51055,0,7,Mobile Phone,1,9,Married,3,Female,3,7,12,9,Laptop & Accessory,2,4,0,7,154
51056,0,,Mobile Phone,1,13,Single,3,Male,3,1,11,3,Household,3,4,0,0,120
51057,0,22,Mobile Phone,1,12,Married,4,Female,2,,19,12,Grocery,3,3,1,1,240
51058,0,9,Pad,1,6,Married,4,Female,2,1,15,2,Laptop & Accessory,1,3,0,1,144
51059,0,9,Mobile Phone,1,9,Married,1,Male,3,1,20,4,Laptop & Accessory,7,5,0,1,168
51060,0,27,Mobile Phone,1,28,Married,3,Female,3,4,25,7,Grocery,4,3,0,,274
51061,0,16,Mobile Phone,1,21,Married,4,Male,3,6,24,11,Grocery,2,3,0,,276
51062,1,3,Pad,3,18,Single,3,Male,2,6,24,7,Laptop & Accessory,4,1,1,3,146
51063,0,11,Pad,1,6,Married,3,Male,2,2,15,9,Laptop & Accessory,8,1,0,2,147
51064,0,2,Phone,3,11,Married,4,Male,2,1,13,9,Laptop & Accessory,2,4,1,0,142
51065,0,6,Mobile Phone,3,8,Married,3,Male,3,1,14,4,Laptop & Accessory,2,1,0,1,155
51066,0,5,Mobile Phone,1,8,Married,3,Male,2,1,13,6,Laptop & Accessory,1,4,0,0,155
51067,0,4,Mobile Phone,3,11,Married,3,Female,3,1,11,2,Laptop & Accessory,2,1,0,0,155
51068,0,22,Phone,1,,Married,3,Female,3,2,16,2,Household,5,5,1,1,126
51069,0,11,Pad,1,,Single,4,Female,2,3,22,3,Household,2,4,0,1,124
51070,0,23,Mobile Phone,3,8,Married,1,Female,2,,14,2,Grocery,7,4,0,0,260
51071,0,22,Mobile Phone,1,6,Single,3,Male,2,,14,0,Grocery,5,3,0,1,254
51072,0,14,Mobile Phone,3,29,Single,3,Male,3,1,16,2,Fashion,4,3,1,0,171
51073,0,3,Phone,3,15,Single,3,Male,,1,11,2,Household,2,5,0,0,127
51074,0,6,Pad,3,22,Married,3,Female,2,1,25,2,Laptop & Accessory,2,1,1,0,154
51075,0,9,Mobile Phone,1,32,Married,3,Male,3,1,14,2,Laptop & Accessory,7,3,0,1,153
51076,0,17,Phone,2,6,Married,3,Female,2,2,18,2,Household,5,1,1,2,132
51077,1,3,Phone,1,14,Single,4,Male,3,1,11,2,Mobile Phone,2,3,1,1,140
51078,0,11,Phone,1,10,Married,3,Female,2,1,19,0,Household,8,3,0,0,133
51079,0,26,Mobile Phone,1,30,Married,1,Male,2,1,15,2,Fashion,4,1,0,0,170
51080,1,11,Pad,3,,Married,3,Female,3,7,11,7,Household,3,3,1,4,127
51081,1,,Mobile Phone,1,8,Single,3,Male,3,1,12,0,Mobile Phone,2,4,0,1,114
51082,0,3,Pad,1,,Single,3,Male,3,5,20,7,Household,2,1,0,5,126
51083,0,28,Phone,1,28,Married,4,Male,3,1,12,2,Household,6,4,0,1,135
51084,0,7,Phone,1,11,Married,4,Male,2,4,14,13,Laptop & Accessory,2,1,0,4,140
51085,0,33,Mobile Phone,1,6,Married,5,Male,3,1,20,0,Fashion,4,1,0,0,209
51086,0,,Phone,1,27,Married,1,Male,3,2,18,13,Household,2,4,0,2,120
51087,0,13,Pad,3,6,Married,5,Male,2,1,14,3,Laptop & Accessory,2,1,0,0,195
51088,0,7,Phone,1,25,Married,4,Female,,8,12,7,Household,2,1,0,3,129
51089,1,,Phone,3,13,Married,3,Male,2,1,21,2,Household,2,1,1,1,123
51090,0,17,Mobile Phone,1,8,Married,1,Female,3,6,19,7,Fashion,2,1,1,6,179
51091,0,8,Pad,1,8,Single,4,Male,3,1,14,4,Mobile Phone,1,1,1,1,149
51092,0,16,Mobile Phone,3,8,Married,3,Male,3,8,17,8,Laptop & Accessory,2,1,1,0,178
51093,0,3,Phone,1,15,Married,1,Male,3,1,16,4,Mobile Phone,2,3,0,0,144
51094,0,14,Mobile Phone,3,12,Single,3,Male,2,8,12,7,Fashion,2,3,0,6,192
51095,0,2,Phone,1,15,Married,3,Female,,1,17,2,Household,10,3,0,1,130
51096,0,9,Phone,3,8,Single,3,Female,2,6,15,7,Laptop & Accessory,4,1,0,3,145
51097,0,18,Pad,1,6,Married,4,Male,3,14,23,4,Fashion,4,3,0,3,207
51098,1,,Mobile Phone,2,28,Married,5,Male,2,1,11,0,Mobile Phone,2,3,0,0,116
51099,1,13,Pad,3,15,Married,5,Male,2,14,11,,Grocery,8,3,0,1,229
51100,0,,Phone,1,23,Married,5,Male,3,1,15,2,Household,2,3,0,0,123
51101,0,18,Mobile Phone,1,34,Single,4,Female,2,8,11,6,Grocery,2,4,0,,267
51102,0,5,Pad,1,16,Married,3,Male,2,1,13,3,Household,7,3,0,0,134
51103,0,4,Phone,1,8,Married,3,Male,3,1,14,3,Household,2,3,0,0,135
51104,0,14,Pad,2,10,Married,5,Male,2,1,19,2,Laptop & Accessory,7,4,0,0,164
51105,0,13,Mobile Phone,1,14,Married,3,Female,3,1,16,0,Laptop & Accessory,3,5,1,0,165
51106,0,3,Phone,1,35,Married,3,Male,3,1,13,2,Mobile Phone,2,5,0,1,139
51107,0,19,Mobile Phone,1,19,Single,3,Male,2,1,14,9,Laptop & Accessory,7,4,0,1,156
51108,0,8,Mobile Phone,1,33,Married,3,Male,2,1,16,7,Laptop & Accessory,3,3,0,0,169
51109,0,3,Phone,1,22,Married,3,Male,,1,12,8,Household,2,1,0,0,129
51110,0,23,Pad,3,8,Married,3,Male,2,1,11,0,Laptop & Accessory,8,4,0,0,150
51111,0,19,Mobile Phone,3,8,Married,3,Male,3,1,12,3,Fashion,5,1,1,0,204
51112,1,3,Mobile Phone,3,19,Married,4,Male,3,2,13,2,Laptop & Accessory,6,5,1,2,161
51113,1,3,Mobile Phone,3,6,Single,5,Male,2,1,15,0,Laptop & Accessory,7,4,0,0,167
51114,0,3,Phone,1,10,Single,3,Female,2,1,13,2,Household,2,4,0,1,133
51115,0,4,Pad,1,30,Single,3,Female,1,1,20,4,Laptop & Accessory,3,1,0,1,152
51116,0,12,Pad,1,6,Married,3,Male,3,5,15,8,Laptop & Accessory,2,1,1,3,165
51117,0,5,Mobile Phone,3,25,Married,5,Male,3,1,13,2,Fashion,4,3,0,1,196
51118,0,13,Mobile Phone,3,13,Single,3,Male,2,12,,8,Others,2,4,0,1,298
51119,0,18,Mobile Phone,2,10,Married,5,Female,2,1,21,3,Fashion,5,3,0,1,198
51120,0,3,Pad,1,8,Single,4,Female,3,1,16,7,Mobile Phone,1,5,0,0,150
51121,0,,Pad,2,16,Married,3,Male,2,2,14,1,Household,1,1,0,1,121
51122,1,,Pad,2,14,Married,4,Female,3,1,11,2,Household,7,1,0,1,122
51123,0,4,Mobile Phone,3,11,Married,3,Male,2,1,19,2,Laptop & Accessory,2,3,0,0,183
51124,0,3,Phone,1,14,Single,3,Female,3,1,11,4,Household,2,1,0,1,134
51125,1,3,Phone,3,15,Single,5,Female,,2,13,2,Household,2,4,0,1,128
51126,0,2,Pad,1,6,Single,1,Male,3,1,12,2,Laptop & Accessory,9,3,1,0,163
51127,0,3,Mobile Phone,3,21,Married,4,Male,3,1,11,7,Fashion,3,5,0,0,171
51128,0,7,Phone,1,8,Married,1,Male,,1,14,2,Household,1,1,1,0,129
51129,0,6,Pad,3,8,Single,3,Female,3,1,15,7,Laptop & Accessory,9,4,0,0,151
51130,0,22,Phone,3,17,Single,3,Female,3,1,12,4,Laptop & Accessory,4,1,0,0,145
51131,1,3,Mobile Phone,3,22,Single,3,Female,3,1,20,0,Fashion,3,5,1,0,186
51132,0,11,Pad,1,,Married,4,Female,3,1,14,5,Household,5,4,0,0,125
51133,1,3,Mobile Phone,3,22,Married,3,Male,3,1,13,0,Fashion,3,3,0,1,182
51134,0,,Phone,1,10,Married,4,Female,3,1,13,0,Household,2,5,0,0,121
51135,0,3,Mobile Phone,1,22,Married,1,Male,2,1,16,7,Laptop & Accessory,4,3,0,1,153
51136,0,5,Pad,1,11,Single,3,Male,,1,14,7,Household,3,4,0,1,127
51137,0,11,Mobile Phone,1,24,Married,5,Male,2,1,16,0,Laptop & Accessory,4,1,1,0,158
51138,1,6,Pad,1,,Married,4,Male,2,1,16,0,Household,10,3,1,1,124
51139,0,15,Phone,1,18,Married,3,Male,,1,22,4,Household,9,4,0,1,128
51140,0,28,Mobile Phone,1,8,Married,4,Male,2,1,12,0,Others,9,5,0,,290
51141,0,6,Pad,1,10,Married,3,Male,,1,15,7,Laptop & Accessory,6,4,0,0,131
51142,0,,Phone,1,15,Married,3,Male,3,1,20,4,Household,2,5,0,1,123
51143,0,7,Pad,3,16,Married,3,Male,2,1,14,7,Laptop & Accessory,2,3,1,1,140
51144,0,26,Pad,1,6,Married,4,Female,2,1,20,,Grocery,5,3,1,0,230
51145,0,16,Phone,2,8,Single,3,Male,3,1,13,8,Household,1,1,0,0,135
51146,0,7,Mobile Phone,3,9,Single,5,Female,2,2,12,2,Laptop & Accessory,6,1,0,1,160
51147,1,3,Phone,3,13,Single,3,Male,,1,13,0,Household,2,4,0,1,127
51148,0,11,Phone,1,12,Married,4,Female,2,1,11,4,Mobile Phone,2,3,0,0,137
51149,1,3,Phone,1,,Married,3,Female,3,1,17,0,Household,2,5,1,0,124
51150,0,4,Mobile Phone,3,35,Married,4,Female,3,5,14,7,Laptop & Accessory,2,1,0,2,155
51151,0,24,Mobile Phone,1,9,Married,3,Female,2,2,11,,Fashion,3,3,0,2,231
51152,0,13,Phone,3,15,Married,4,Male,2,1,14,3,Laptop & Accessory,2,4,0,0,142
51153,0,19,Mobile Phone,1,8,Married,3,Male,2,2,,2,Others,8,1,1,1,293
51154,0,9,Mobile Phone,1,16,Married,3,Male,2,5,13,7,Fashion,8,5,1,1,183
51155,1,7,Pad,1,,Married,3,Male,2,2,12,3,Household,2,4,1,1,123
51156,0,13,Phone,2,14,Married,3,Male,2,4,13,7,Laptop & Accessory,3,4,0,4,141
51157,1,3,Mobile Phone,3,33,Single,3,Male,2,7,18,7,Laptop & Accessory,2,1,1,0,158
51158,0,6,Phone,1,14,Married,1,Male,,7,19,6,Household,7,5,0,6,131
51159,0,,Phone,1,6,Married,3,Male,2,1,11,3,Household,2,1,0,0,120
51160,0,12,Mobile Phone,1,16,Single,3,Male,3,,21,2,Fashion,8,3,0,2,235
51161,0,19,Pad,3,32,Single,4,Male,3,2,15,2,Laptop & Accessory,9,4,0,2,180
51162,0,13,Phone,1,8,Married,3,Female,2,1,17,2,Household,5,5,0,1,134
51163,0,15,Mobile Phone,1,19,Married,1,Male,3,1,18,0,Laptop & Accessory,6,5,0,1,155
51164,0,8,Pad,1,8,Married,3,Male,2,1,14,7,Laptop & Accessory,3,1,0,0,158
51165,0,11,Pad,2,,Married,3,Male,3,3,13,8,Household,6,4,0,3,126
51166,1,3,Pad,1,15,Married,3,Male,3,1,17,7,Laptop & Accessory,5,5,0,0,153
51167,1,3,Phone,1,16,Single,3,Male,2,1,15,8,Laptop & Accessory,2,5,0,0,142
51168,0,12,Pad,3,26,Married,3,Male,2,2,18,2,Laptop & Accessory,3,1,0,1,141
51169,0,16,Pad,1,,Single,3,Male,2,1,13,2,Household,5,3,0,0,124
51170,0,14,Mobile Phone,1,11,Single,1,Male,2,1,12,2,Laptop & Accessory,4,4,0,1,169
51171,0,14,Mobile Phone,3,10,Married,3,Female,2,13,13,5,Fashion,1,3,1,0,204
51172,0,3,Mobile Phone,1,16,Single,3,Female,3,1,14,2,Fashion,10,3,0,0,197
51173,1,,Phone,2,26,Married,3,Female,3,1,11,4,Household,1,4,1,0,121
51174,1,9,Mobile Phone,1,27,Married,3,Female,3,3,22,7,Laptop & Accessory,5,4,0,1,189
51175,0,13,Mobile Phone,1,6,Married,3,Female,2,1,17,3,Laptop & Accessory,5,1,0,0,165
51176,0,7,Mobile Phone,3,14,Married,1,Male,3,4,21,8,Laptop & Accessory,2,3,0,0,168
51177,0,33,Pad,3,8,Married,3,Male,2,14,22,14,Grocery,5,4,0,10,0
51178,0,8,Phone,1,29,Married,5,Male,,1,16,3,Household,1,3,0,1,127
51179,0,23,Mobile Phone,1,10,Married,4,Female,3,14,12,10,Fashion,9,4,1,2,203
51180,0,13,Phone,1,18,Married,3,Female,2,7,12,7,Laptop & Accessory,3,5,0,7,144
51181,0,27,Mobile Phone,1,13,Married,3,Female,3,1,15,7,Laptop & Accessory,5,1,0,1,169
51182,0,4,Pad,3,13,Married,3,Female,3,2,14,2,Fashion,3,5,0,2,196
51183,0,1,Phone,1,6,Married,3,Female,3,1,25,2,Mobile Phone,2,5,0,1,136
51184,0,11,Mobile Phone,3,8,Married,5,Female,3,1,20,3,Laptop & Accessory,3,1,1,0,154
51185,0,3,Phone,3,16,Single,3,Male,2,1,13,2,Laptop & Accessory,2,1,0,0,147
51186,0,33,Pad,1,21,Married,3,Male,2,,14,2,Grocery,3,3,1,1,258
51187,0,,Pad,1,20,Single,3,Female,2,1,16,0,Mobile Phone,2,3,0,1,115
51188,1,3,Phone,2,24,Married,1,Male,,1,17,0,Household,1,5,0,1,130
51189,1,3,Phone,2,,Married,4,Male,2,2,15,0,Household,5,5,1,1,123
51190,0,18,Pad,3,8,Married,3,Female,3,5,22,7,Laptop & Accessory,5,3,0,3,152
51191,0,9,Mobile Phone,1,8,Married,3,Female,3,1,22,0,Laptop & Accessory,5,4,1,0,170
51192,0,16,Pad,3,8,Married,3,Male,3,7,20,7,Laptop & Accessory,2,1,0,5,157
51193,0,3,Pad,1,,Single,3,Female,2,1,14,2,Household,1,1,1,1,124
51194,0,2,Pad,1,26,Married,3,Male,2,3,13,10,Mobile Phone,2,1,0,1,138
51195,0,5,Pad,3,16,Single,3,Male,3,1,13,0,Laptop & Accessory,9,1,0,1,146
51196,0,15,Pad,1,16,Married,3,Male,,3,22,3,Household,4,3,0,1,129
51197,0,,Phone,1,15,Single,3,Female,3,2,12,0,Household,5,3,0,1,121
51198,0,19,Mobile Phone,1,8,Married,3,Male,2,4,14,7,Fashion,4,1,0,1,186
51199,0,1,Pad,2,6,Married,3,Male,,2,15,2,Household,2,1,0,0,127
51200,0,2,Mobile Phone,1,35,Married,5,Male,3,1,17,6,Laptop & Accessory,9,3,0,1,164
51201,0,15,Phone,1,14,Single,3,Male,2,1,13,0,Mobile Phone,5,3,0,1,140
51202,1,3,Mobile Phone,3,8,Single,4,Male,2,2,12,2,Laptop & Accessory,8,4,1,2,199
51203,0,19,Mobile Phone,3,9,Married,1,Female,2,,12,8,Grocery,3,5,0,1,232
51204,0,3,Phone,3,29,Married,4,Female,2,5,21,8,Laptop & Accessory,2,3,0,4,135
51205,0,2,Phone,2,12,Married,4,Male,,1,11,0,Household,2,4,0,1,128
51206,0,16,Mobile Phone,1,12,Married,4,Female,2,6,,14,Others,8,3,0,3,294
51207,0,21,Mobile Phone,1,16,Married,4,Male,3,12,,9,Others,5,4,0,3,297
51208,1,3,Pad,1,,Single,4,Male,3,1,24,0,Household,2,1,1,1,124
51209,1,9,Mobile Phone,3,16,Married,3,Female,3,1,21,7,Fashion,6,4,0,0,173
51210,0,3,Pad,1,21,Married,4,Female,3,7,19,3,Mobile Phone,1,5,0,7,148
51211,0,12,Phone,1,25,Married,3,Male,2,2,14,2,Laptop & Accessory,9,1,0,1,139
51212,0,28,Phone,1,8,Married,4,Male,,1,20,4,Household,9,1,0,0,127
51213,0,1,Phone,3,9,Married,3,Female,,1,19,0,Household,2,4,0,1,129
51214,1,3,Mobile Phone,3,15,Single,3,Male,2,1,13,0,Mobile Phone,2,1,0,0,111
51215,1,3,Phone,1,,Single,3,Male,3,1,23,0,Household,2,4,1,1,125
51216,0,9,Mobile Phone,3,16,Married,4,Female,3,1,13,7,Laptop & Accessory,2,3,1,1,157
51217,0,4,Phone,1,26,Married,3,Male,2,1,11,2,Laptop & Accessory,2,3,0,0,142
51218,0,7,Mobile Phone,3,10,Married,3,Male,3,1,13,0,Fashion,3,1,1,0,197
51219,0,,Phone,1,13,Single,3,Male,2,1,14,2,Household,4,5,0,0,121
51220,0,13,Phone,1,13,Married,3,Male,3,1,22,4,Laptop & Accessory,6,5,1,0,143
51221,0,8,Phone,1,22,Married,4,Female,2,1,11,2,Laptop & Accessory,1,4,1,1,148
51222,0,18,Mobile Phone,1,31,Married,4,Female,3,3,13,8,Laptop & Accessory,1,1,0,0,159
51223,0,9,Pad,2,8,Single,4,Male,3,1,21,8,Laptop & Accessory,2,1,0,1,139
51224,0,13,Mobile Phone,1,6,Married,3,Male,3,11,11,16,Grocery,3,5,0,,268
51225,0,3,Phone,1,6,Married,4,Female,,1,13,0,Household,2,3,1,0,129
51226,0,3,Mobile Phone,3,8,Single,1,Female,2,1,14,7,Laptop & Accessory,1,3,0,0,165
51227,0,21,Pad,1,28,Married,3,Female,2,4,11,7,Grocery,4,1,0,,272
51228,0,17,Mobile Phone,1,6,Married,1,Male,3,2,15,2,Laptop & Accessory,3,5,0,2,150
51229,1,,Pad,1,22,Married,5,Male,2,3,23,0,Household,2,5,1,3,123
51230,1,19,Phone,1,,Single,3,Male,3,1,16,0,Household,2,1,0,0,126
51231,0,9,Mobile Phone,3,23,Married,4,Male,2,1,16,3,Laptop & Accessory,3,4,0,1,155
51232,0,14,Phone,3,14,Married,3,Female,2,1,21,4,Laptop & Accessory,6,4,0,1,144
51233,0,15,Mobile Phone,1,12,Married,3,Male,2,,13,7,Fashion,10,5,0,3,233
51234,0,4,Mobile Phone,3,16,Married,3,Female,2,1,11,4,Laptop & Accessory,3,1,1,0,166
51235,0,7,Mobile Phone,3,9,Married,4,Female,3,1,12,1,Laptop & Accessory,4,1,1,0,181
51236,0,4,Phone,1,10,Married,1,Female,3,2,12,2,Mobile Phone,9,3,0,2,140
51237,0,3,Pad,1,,Married,1,Male,3,7,18,7,Household,1,1,0,2,125
51238,0,18,Pad,1,6,Single,3,Male,2,1,12,3,Laptop & Accessory,5,3,0,1,154
51239,0,6,Mobile Phone,3,16,Single,3,Male,2,1,14,9,Laptop & Accessory,2,3,0,0,155
51240,0,1,Pad,3,6,Married,4,Male,2,1,12,7,Laptop & Accessory,2,1,1,0,168
51241,1,3,Pad,3,30,Single,1,Male,2,1,17,0,Mobile Phone,2,5,0,1,111
51242,0,12,Pad,3,27,Married,5,Female,2,1,19,2,Laptop & Accessory,7,3,0,0,157
51243,0,,Phone,1,8,Married,3,Male,2,1,11,2,Household,2,4,0,1,122
51244,0,7,Pad,1,28,Married,4,Male,2,6,15,11,Laptop & Accessory,2,1,1,3,157
51245,1,3,Mobile Phone,3,19,Single,3,Female,2,2,11,2,Laptop & Accessory,4,3,1,2,199
51246,0,23,Pad,1,20,Married,3,Male,3,1,18,7,Laptop & Accessory,9,4,0,0,155
51247,0,29,Mobile Phone,3,17,Married,4,Female,2,1,16,0,Laptop & Accessory,5,5,0,0,154
51248,0,12,Mobile Phone,1,15,Married,3,Male,2,7,25,9,Laptop & Accessory,2,5,0,4,152
51249,0,,Pad,1,14,Married,4,Female,2,1,16,7,Laptop & Accessory,2,4,1,1,121
51250,0,33,Mobile Phone,3,27,Married,3,Female,3,1,13,0,Grocery,5,1,1,,279
51251,1,3,Pad,1,,Single,1,Female,2,1,14,3,Household,4,3,1,0,124
51252,0,11,Phone,1,15,Married,3,Male,3,1,19,3,Mobile Phone,3,1,0,1,148
51253,0,22,Pad,1,8,Married,3,Male,2,4,15,3,Others,4,1,0,,292
51254,0,15,Mobile Phone,3,18,Married,3,Male,3,1,12,0,Laptop & Accessory,4,1,1,0,151
51255,1,3,Pad,2,28,Married,4,Female,,1,12,0,Household,2,4,0,1,129
51256,0,8,Mobile Phone,3,24,Married,3,Male,3,1,16,4,Laptop & Accessory,1,5,0,0,0
51257,0,,Pad,1,22,Single,3,Male,2,1,14,4,Household,2,3,0,0,121
51258,0,4,Pad,1,9,Married,3,Male,,2,13,3,Household,2,5,1,0,131
51259,0,9,Pad,1,15,Married,1,Male,,1,22,2,Household,2,4,0,1,128
51260,0,7,Mobile Phone,3,6,Single,3,Male,2,2,21,1,Fashion,2,1,0,1,199
51261,0,7,Mobile Phone,3,19,Married,3,Male,2,1,18,1,Fashion,2,3,0,1,186
51262,0,3,Phone,1,6,Single,3,Male,,7,13,6,Household,1,5,0,3,129
51263,0,2,Mobile Phone,1,6,Married,3,Male,2,1,12,2,Laptop & Accessory,1,5,0,1,154
51264,0,5,Pad,1,21,Married,3,Female,2,1,18,2,Laptop & Accessory,6,1,0,0,167
51265,0,4,Pad,1,6,Married,5,Male,2,8,21,7,Laptop & Accessory,2,5,0,1,150
51266,1,3,Phone,1,,Married,4,Male,2,1,12,3,Household,6,1,0,0,124
51267,0,11,Phone,3,6,Single,4,Male,,1,14,0,Household,5,5,0,0,129
51268,0,8,Mobile Phone,3,13,Married,3,Female,2,1,11,9,Laptop & Accessory,2,1,1,1,152
51269,0,3,Phone,3,15,Single,3,Male,2,1,14,7,Laptop & Accessory,2,1,0,0,141
51270,0,5,Mobile Phone,1,11,Single,4,Male,2,1,24,0,Laptop & Accessory,9,1,0,0,197
51271,1,3,Pad,3,32,Married,3,Male,3,1,11,8,Laptop & Accessory,2,1,1,0,156
51272,1,16,Mobile Phone,3,30,Single,3,Male,3,2,13,2,Fashion,7,5,1,2,204
51273,0,27,Phone,1,15,Married,3,Female,,2,11,3,Laptop & Accessory,4,3,0,0,129
51274,0,6,Pad,1,13,Married,3,Male,2,2,20,8,Laptop & Accessory,2,3,0,2,160
51275,0,16,Mobile Phone,1,17,Married,3,Male,1,1,17,9,Fashion,2,3,0,1,175
51276,0,11,Pad,2,6,Married,3,Male,,1,11,2,Household,1,4,1,1,130
51277,0,28,Mobile Phone,2,32,Married,1,Male,3,1,,4,Others,5,4,1,1,296
51278,0,4,Mobile Phone,1,8,Married,5,Female,2,1,11,0,Mobile Phone,2,1,1,1,111
51279,0,12,Mobile Phone,3,21,Single,3,Male,3,,12,10,Grocery,1,5,0,4,233
51280,0,15,Pad,1,29,Single,4,Male,2,3,12,7,Laptop & Accessory,2,3,0,2,143
51281,0,4,Pad,1,16,Married,3,Female,2,4,20,,Fashion,5,3,0,3,210
51282,0,27,Phone,1,16,Single,3,Female,3,1,19,4,Laptop & Accessory,7,5,1,0,144
51283,0,3,Phone,1,6,Single,4,Male,2,1,12,2,Laptop & Accessory,2,3,0,1,146
51284,0,3,Phone,1,,Single,3,Male,3,1,13,4,Household,2,1,0,1,126
51285,0,13,Pad,1,17,Married,3,Female,3,9,11,4,Laptop & Accessory,2,3,0,2,163
51286,0,13,Mobile Phone,3,8,Married,3,Female,3,5,14,10,Laptop & Accessory,4,4,0,1,157
51287,0,,Phone,2,8,Married,3,Female,2,1,14,2,Household,5,4,0,0,122
51288,0,3,Phone,1,6,Married,3,Male,3,1,13,7,Mobile Phone,2,4,0,0,137
51289,0,3,Phone,1,8,Married,3,Male,2,1,19,2,Mobile Phone,7,3,1,0,140
51290,0,23,Mobile Phone,1,31,Single,3,Male,2,12,23,11,Fashion,3,3,0,1,186
51291,0,,Pad,1,6,Married,4,Male,2,1,12,0,Household,2,3,0,0,120
51292,0,11,Phone,3,6,Married,3,Male,2,5,15,8,Laptop & Accessory,1,4,0,4,144
51293,0,4,Phone,3,8,Married,3,Male,,1,19,2,Household,1,3,0,1,131
51294,0,11,Pad,1,12,Married,4,Male,3,7,11,7,Laptop & Accessory,3,3,0,2,153
51295,0,15,Mobile Phone,1,24,Married,3,Male,2,1,17,2,Laptop & Accessory,7,5,1,0,154
51296,0,14,Phone,1,6,Married,3,Male,,1,22,0,Household,4,1,0,0,128
51297,0,23,Pad,1,6,Married,3,Female,3,5,18,,Fashion,1,4,0,0,220
51298,0,8,Phone,1,17,Married,3,Male,2,2,11,2,Household,8,3,1,0,127
51299,0,3,Phone,1,6,Single,3,Male,3,1,12,2,Household,1,3,0,0,134
51300,0,8,Mobile Phone,1,15,Single,3,Male,2,1,19,8,Laptop & Accessory,2,3,0,0,151
51301,0,6,Mobile Phone,1,21,Married,3,Female,3,8,13,1,Laptop & Accessory,1,1,1,5,12
51302,0,5,Phone,1,35,Single,4,Female,,4,13,1,Household,2,4,0,3,128
51303,0,13,Phone,1,,Married,3,Male,2,1,19,0,Household,9,1,0,0,124
51304,0,,Phone,3,6,Married,4,Male,3,2,14,2,Household,1,4,0,0,123
51305,0,12,Phone,1,30,Single,3,Male,2,1,13,7,Laptop & Accessory,8,1,0,1,141
51306,0,11,Mobile Phone,1,16,Married,5,Female,2,,12,11,Fashion,4,3,0,1,232
51307,0,5,Mobile Phone,3,6,Married,3,Female,2,5,19,7,Fashion,2,1,0,3,204
51308,0,13,Mobile Phone,1,16,Married,1,Female,2,,25,8,Fashion,2,1,1,0,237
51309,0,3,Phone,3,14,Married,3,Female,2,1,22,4,Laptop & Accessory,1,3,1,1,149
51310,0,25,Pad,3,126,Married,3,Male,2,1,15,0,Household,3,1,0,1,135
51311,0,17,Phone,1,,Single,3,Male,2,1,12,2,Household,7,1,1,0,124
51312,0,3,Phone,3,,Single,3,Male,2,1,11,2,Household,2,5,1,1,124
51313,0,12,Pad,1,15,Single,3,Male,2,1,,3,Others,3,1,0,0,294
51314,1,,Pad,3,15,Married,3,Male,2,1,19,0,Mobile Phone,2,5,0,1,118
51315,0,9,Mobile Phone,3,9,Married,4,Female,3,3,19,4,Fashion,1,1,0,3,176
51316,0,9,Pad,1,10,Married,3,Female,3,1,13,2,Laptop & Accessory,8,4,0,1,151
51317,0,29,Pad,1,6,Married,3,Male,2,1,21,9,Laptop & Accessory,2,3,0,0,163
51318,1,3,Phone,1,6,Married,3,Male,2,2,14,2,Mobile Phone,10,1,1,2,148
51319,0,15,Mobile Phone,1,8,Married,3,Male,2,4,11,14,Others,6,3,0,,289
51320,1,19,Phone,1,,Married,3,Male,3,9,11,8,Household,9,3,0,6,123
51321,0,14,Mobile Phone,1,34,Married,4,Female,2,,23,10,Grocery,1,4,0,1,236
51322,0,7,Mobile Phone,3,34,Married,4,Female,3,1,21,7,Laptop & Accessory,2,3,0,1,167
51323,0,9,Pad,3,21,Married,5,Male,2,11,24,11,Laptop & Accessory,2,1,0,4,154
51324,0,14,Mobile Phone,3,9,Married,4,Male,2,1,11,4,Laptop & Accessory,3,4,0,0,189
51325,0,5,Phone,1,,Single,3,Male,3,1,14,2,Household,2,5,0,1,124
51326,0,8,Mobile Phone,2,32,Single,3,Female,2,1,16,7,Fashion,2,1,1,1,188
51327,0,11,Mobile Phone,3,16,Married,3,Female,3,1,11,9,Laptop & Accessory,2,1,0,0,153
51328,1,13,Pad,3,6,Married,3,Male,3,1,12,1,Laptop & Accessory,8,3,0,1,167
51329,0,9,Mobile Phone,3,17,Married,4,Female,3,1,13,0,Laptop & Accessory,5,1,0,1,167
51330,0,18,Phone,3,26,Single,3,Female,2,1,15,1,Laptop & Accessory,9,3,0,1,149
51331,0,13,Phone,1,8,Single,4,Male,,2,14,2,Household,3,3,0,0,128
51332,0,8,Pad,1,24,Married,3,Male,3,1,14,2,Laptop & Accessory,2,3,1,1,157
51333,0,,Mobile Phone,1,8,Married,3,Female,3,1,14,2,Household,3,3,0,1,120
51334,0,8,Phone,1,6,Married,5,Female,,1,12,1,Household,2,1,0,0,130
51335,0,2,Phone,1,19,Married,4,Male,2,1,13,3,Laptop & Accessory,5,4,1,1,140
51336,0,2,Phone,1,34,Single,4,Female,3,1,14,4,Mobile Phone,2,5,0,0,138
51337,1,13,Mobile Phone,3,34,Married,4,Male,2,2,13,0,Fashion,5,5,1,0,209
51338,0,12,Mobile Phone,3,30,Married,4,Female,2,9,11,,Grocery,1,1,0,1,220
51339,0,4,Pad,1,11,Single,3,Male,3,1,19,7,Laptop & Accessory,1,5,0,0,199
51340,0,3,Phone,3,11,Single,4,Female,,1,18,0,Household,1,3,0,0,130
51341,0,9,Pad,1,,Married,1,Male,2,1,17,3,Laptop & Accessory,5,1,0,0,126
51342,0,12,Mobile Phone,1,12,Married,4,Male,2,1,15,7,Fashion,5,5,0,1,200
51343,0,3,Mobile Phone,1,10,Married,1,Male,2,1,20,3,Laptop & Accessory,2,4,1,1,161
51344,0,22,Pad,3,8,Married,4,Male,3,1,14,8,Laptop & Accessory,3,4,0,1,154
51345,0,7,Phone,1,14,Married,1,Male,2,1,12,2,Laptop & Accessory,3,3,0,0,144
51346,1,4,Mobile Phone,3,6,Single,3,Female,3,1,11,5,Laptop & Accessory,9,1,1,0,160
51347,0,22,Pad,1,14,Married,4,Male,3,1,23,7,Laptop & Accessory,2,4,0,0,151
51348,1,,Phone,1,8,Single,4,Male,3,1,15,0,Household,7,3,1,0,121
51349,0,6,Pad,1,9,Married,3,Female,,3,11,0,Household,2,3,1,2,129
51350,0,3,Phone,1,8,Married,3,Male,2,2,12,2,Household,10,4,0,1,135
51351,0,5,Pad,1,8,Single,3,Male,,3,13,6,Household,1,1,0,1,131
51352,0,33,Phone,1,9,Married,1,Female,,1,20,0,Household,5,5,1,0,127
51353,0,3,Phone,1,30,Married,3,Male,,1,22,0,Household,2,3,0,1,127
51354,0,11,Pad,1,29,Single,4,Male,2,1,21,8,Fashion,1,3,0,1,195
51355,0,9,Mobile Phone,1,33,Married,3,Male,3,7,13,7,Laptop & Accessory,7,3,0,0,152
51356,0,8,Phone,1,,Married,1,Male,2,1,13,3,Household,1,4,0,1,124
51357,0,2,Phone,1,21,Single,4,Female,2,1,12,8,Laptop & Accessory,1,3,1,1,142
51358,0,4,Phone,1,32,Married,3,Male,,4,17,3,Household,2,3,0,3,129
51359,0,7,Phone,1,25,Married,3,Male,3,1,11,2,Household,1,1,0,0,127
51360,1,,Phone,1,30,Single,4,Male,2,1,14,3,Household,6,3,1,0,120
51361,0,2,Mobile Phone,1,27,Married,1,Female,2,8,11,8,Fashion,2,5,0,6,200
51362,0,5,Phone,1,11,Married,1,Male,3,1,12,5,Household,1,4,1,1,133
51363,0,3,Pad,1,22,Married,1,Male,,1,13,0,Household,2,1,1,0,129
51364,0,26,Mobile Phone,3,8,Married,4,Female,3,,16,7,Grocery,3,1,0,0,254
51365,0,11,Phone,1,8,Single,3,Male,2,1,11,2,Mobile Phone,6,1,1,0,139
51366,0,3,Pad,1,17,Married,1,Female,3,1,18,3,Laptop & Accessory,1,3,0,0,140
51367,1,3,Phone,3,15,Single,4,Male,2,1,23,3,Household,8,5,0,0,134
51368,0,7,Mobile Phone,1,13,Single,3,Female,2,2,11,,Fashion,1,4,0,0,220
51369,0,,Mobile Phone,1,21,Single,3,Male,3,1,14,0,Mobile Phone,2,1,0,1,112
51370,1,3,Phone,1,12,Single,3,Male,,1,11,3,Household,3,5,0,0,130
51371,0,26,Mobile Phone,1,11,Married,3,Female,2,4,11,8,Others,5,3,0,,291
51372,1,3,Pad,1,22,Single,5,Female,3,6,22,7,Mobile Phone,2,5,1,0,139
51373,0,15,Mobile Phone,3,14,Married,3,Male,2,4,11,2,Laptop & Accessory,1,4,0,2,168
51374,0,17,Mobile Phone,1,13,Married,4,Female,2,5,14,17,Fashion,4,1,0,0,202
51375,0,19,Mobile Phone,3,8,Single,3,Female,2,2,12,1,Others,4,5,0,,289
51376,0,6,Phone,1,,Single,3,Male,3,1,11,0,Household,5,1,0,0,125
51377,0,17,Mobile Phone,1,16,Married,3,Male,2,1,13,3,Laptop & Accessory,3,1,1,0,165
51378,0,,Phone,1,15,Single,4,Male,2,1,13,8,Household,2,3,0,0,122
51379,1,,Phone,3,11,Married,3,Male,2,1,14,0,Laptop & Accessory,4,1,0,0,121
51380,1,,Phone,1,6,Married,3,Male,3,2,16,0,Household,3,1,1,0,123
51381,0,16,Phone,1,,Married,1,Female,3,1,12,4,Household,2,3,0,1,126
51382,1,13,Phone,3,9,Married,4,Male,,1,14,2,Household,2,3,1,1,127
51383,0,,Mobile Phone,3,8,Married,3,Female,3,2,13,2,Household,2,1,0,2,120
51384,0,9,Phone,1,11,Married,4,Female,2,1,14,0,Household,10,5,1,1,134
51385,0,6,Pad,3,6,Married,1,Female,2,1,19,3,Laptop & Accessory,3,5,0,0,154
51386,0,,Mobile Phone,1,10,Married,3,Male,3,1,12,0,Household,2,1,0,1,120
51387,0,3,Phone,1,,Married,3,Female,2,1,13,0,Household,2,5,0,1,123
51388,1,,Phone,1,31,Single,5,Male,2,1,12,1,Household,2,3,0,0,123
51389,0,3,Pad,3,14,Single,3,Male,2,1,15,7,Fashion,2,3,0,1,187
51390,0,3,Pad,1,6,Single,3,Female,2,3,23,7,Laptop & Accessory,2,1,0,1,140
51391,1,4,Mobile Phone,1,18,Married,3,Female,2,15,,8,Others,2,3,0,1,295
51392,0,7,Pad,3,29,Single,3,Male,3,8,20,7,Laptop & Accessory,1,3,0,0,146
51393,0,13,Phone,1,25,Married,3,Male,,1,21,0,Household,5,4,0,0,130
51394,0,19,Pad,3,11,Single,3,Male,3,1,21,8,Laptop & Accessory,5,1,1,1,158
51395,0,,Phone,1,14,Married,1,Male,2,1,19,1,Household,2,1,0,1,123
51396,1,11,Mobile Phone,1,6,Single,4,Male,3,1,13,0,Fashion,10,3,1,0,154
51397,1,3,Phone,1,11,Single,3,Male,2,2,13,2,Household,2,3,1,0,134
51398,0,17,Mobile Phone,3,6,Married,3,Female,3,1,21,3,Laptop & Accessory,6,5,1,1,155
51399,0,8,Pad,1,17,Married,4,Male,3,2,13,3,Fashion,3,5,1,1,199
51400,0,3,Phone,3,29,Married,4,Female,2,1,19,0,Laptop & Accessory,8,1,1,0,142
51401,0,6,Pad,1,29,Single,3,Female,3,,12,12,Fashion,2,1,1,3,235
51402,0,8,Pad,3,5,Married,3,Male,3,1,22,8,Fashion,2,5,0,0,191
51403,0,8,Phone,1,29,Married,3,Female,1,2,15,2,Mobile Phone,4,5,1,0,140
51404,0,4,Mobile Phone,1,13,Married,3,Male,2,1,22,7,Laptop & Accessory,4,1,0,0,159
51405,0,13,Mobile Phone,1,6,Married,4,Male,2,1,18,7,Laptop & Accessory,2,3,0,0,160
51406,0,5,Mobile Phone,1,6,Married,3,Male,2,7,22,8,Laptop & Accessory,2,1,1,5,162
51407,0,11,Pad,1,,Single,3,Female,2,9,11,9,Laptop & Accessory,2,1,0,6,124
51408,0,23,Mobile Phone,1,13,Married,4,Female,2,13,12,8,Others,6,3,1,,287
51409,0,33,Mobile Phone,3,31,Single,3,Female,4,7,11,9,Fashion,8,5,0,6,176
51410,0,9,Mobile Phone,1,14,Married,3,Female,2,12,13,8,Fashion,2,3,0,7,201
51411,0,28,Mobile Phone,1,14,Married,3,Female,2,,14,2,Grocery,3,3,1,1,248
51412,0,9,Pad,1,17,Single,4,Male,3,1,13,3,Laptop & Accessory,2,4,0,1,165
51413,0,18,Mobile Phone,1,13,Married,3,Male,2,1,17,0,Fashion,3,5,0,0,197
51414,0,,Pad,1,6,Married,3,Male,3,1,13,2,Household,5,5,0,0,122
51415,1,3,Phone,1,15,Married,4,Male,3,1,17,0,Household,1,3,1,1,134
51416,0,33,Pad,3,6,Single,4,Female,2,1,11,3,Laptop & Accessory,8,3,0,1,155
51417,0,2,Phone,1,8,Married,3,Male,,1,23,4,Household,1,4,0,1,127
51418,0,4,Phone,1,,Single,3,Male,2,1,17,0,Household,2,4,0,1,125
51419,0,5,Mobile Phone,1,6,Married,3,Male,3,1,17,9,Laptop & Accessory,2,4,0,1,162
51420,0,9,Phone,1,12,Married,1,Female,,1,12,0,Household,4,1,0,0,130
51421,0,4,Phone,1,14,Single,3,Female,3,1,23,8,Laptop & Accessory,2,1,0,1,144
51422,0,8,Phone,3,6,Single,4,Male,2,2,14,8,Laptop & Accessory,1,5,0,1,143
51423,0,18,Mobile Phone,1,12,Married,3,Male,2,,14,0,Fashion,5,5,1,1,232
51424,0,13,Mobile Phone,1,13,Single,3,Male,1,,13,2,Fashion,5,3,0,0,237
51425,0,19,Mobile Phone,2,11,Married,3,Male,3,1,22,2,Laptop & Accessory,2,4,1,1,150
51426,0,3,Mobile Phone,1,6,Married,4,Male,2,3,12,0,Laptop & Accessory,2,1,1,1,151
51427,0,8,Phone,1,6,Single,4,Male,,1,18,4,Household,2,3,0,1,129
51428,0,28,Mobile Phone,3,6,Married,3,Male,3,1,14,0,Fashion,4,1,0,0,202
51429,0,11,Pad,1,12,Married,5,Female,3,1,12,9,Laptop & Accessory,8,1,1,0,153
51430,0,7,Phone,1,6,Married,3,Male,3,1,15,3,Laptop & Accessory,2,4,0,1,143
51431,0,29,Mobile Phone,1,13,Single,5,Male,2,1,11,2,Fashion,5,1,0,0,173
51432,0,3,Phone,3,,Married,3,Male,3,1,13,0,Household,4,5,0,1,123
51433,0,,Phone,1,15,Married,3,Male,3,1,23,3,Household,4,1,0,1,121
51434,0,3,Phone,1,8,Married,4,Male,4,10,19,8,Laptop & Accessory,2,1,0,3,142
51435,1,9,Mobile Phone,3,15,Single,4,Male,3,4,16,7,Fashion,2,1,0,3,196
51436,0,13,Pad,1,6,Married,4,Male,3,,22,11,Grocery,2,4,0,5,235
51437,0,24,Mobile Phone,3,27,Single,3,Male,3,1,22,0,Laptop & Accessory,1,1,1,0,154
51438,0,3,Mobile Phone,3,10,Married,4,Female,3,2,12,7,Laptop & Accessory,2,4,1,2,152
51439,0,19,Pad,1,6,Married,4,Male,2,9,13,5,Fashion,3,5,1,4,207
51440,0,5,Mobile Phone,3,12,Single,3,Male,2,5,16,7,Laptop & Accessory,2,3,0,5,150
51441,0,27,Mobile Phone,1,8,Married,3,Female,2,,12,3,Fashion,10,3,0,0,235
51442,0,3,Mobile Phone,3,9,Married,3,Female,2,1,21,2,Laptop & Accessory,1,3,0,0,150
51443,0,1,Pad,3,10,Married,3,Male,2,1,15,4,Laptop & Accessory,2,3,0,0,142
51444,0,33,Mobile Phone,3,16,Single,3,Male,2,,13,8,Grocery,1,3,0,0,239
51445,0,,Pad,1,29,Married,3,Male,3,1,12,2,Laptop & Accessory,5,4,0,0,120
51446,1,,Phone,2,12,Married,3,Male,3,1,22,2,Household,5,5,1,0,121
51447,0,5,Phone,1,6,Single,3,Male,,1,13,0,Household,2,5,0,0,130
51448,1,3,Pad,1,12,Single,4,Female,,1,18,0,Household,2,1,1,0,129
51449,0,7,Phone,1,12,Single,3,Female,2,2,14,10,Laptop & Accessory,2,3,0,0,148
51450,0,13,Pad,1,8,Married,4,Male,3,1,14,0,Laptop & Accessory,6,1,0,1,152
51451,0,33,Pad,2,8,Married,4,Female,2,2,21,2,Others,10,1,0,,288
51452,0,23,Pad,1,6,Married,3,Female,3,1,19,7,Others,4,4,1,,282
51453,1,3,Mobile Phone,3,11,Single,4,Male,2,1,11,3,Laptop & Accessory,2,3,1,0,157
51454,0,3,Phone,1,13,Married,4,Male,,2,11,1,Household,2,1,0,0,129
51455,0,3,Phone,1,21,Single,3,Female,,1,15,0,Household,2,1,0,1,129
51456,0,24,Pad,1,6,Single,4,Female,1,12,20,8,Fashion,4,5,0,4,175
51457,1,3,Pad,1,13,Single,5,Male,3,1,24,6,Laptop & Accessory,2,3,1,1,161
51458,0,27,Pad,2,32,Single,1,Female,1,4,12,4,Grocery,3,1,1,,273
51459,0,3,Phone,1,24,Married,3,Male,,1,12,2,Household,1,3,0,0,128
51460,0,7,Phone,1,12,Married,4,Female,2,1,15,0,Laptop & Accessory,7,4,0,1,145
51461,0,13,Mobile Phone,3,9,Single,3,Male,2,1,12,3,Fashion,3,1,0,0,174
51462,0,7,Mobile Phone,1,11,Single,4,Female,2,5,12,,Fashion,3,5,0,2,216
51463,0,9,Pad,3,17,Married,3,Female,3,2,14,8,Fashion,1,1,0,0,197
51464,0,9,Phone,1,9,Married,3,Female,,1,22,0,Household,6,1,0,0,128
51465,0,16,Pad,3,32,Married,3,Male,3,4,12,12,Grocery,2,1,1,,270
51466,0,3,Pad,1,,Married,5,Male,3,1,25,9,Household,2,3,0,0,126
51467,0,6,Pad,3,28,Married,3,Male,3,1,13,7,Laptop & Accessory,1,4,0,0,161
51468,1,19,Mobile Phone,1,20,Married,3,Female,3,4,18,3,Mobile Phone,10,4,1,3,150
51469,0,24,Mobile Phone,1,12,Single,3,Male,2,15,,15,Others,8,3,0,8,295
51470,1,3,Mobile Phone,3,12,Married,5,Male,3,7,18,7,Laptop & Accessory,5,3,1,0,162
51471,0,3,Phone,1,,Married,4,Female,2,4,19,3,Household,2,4,0,2,124
51472,1,23,Mobile Phone,1,29,Married,3,Female,3,15,12,6,Fashion,2,1,0,7,203
51473,1,,Mobile Phone,3,28,Single,3,Male,2,1,19,0,Mobile Phone,2,3,1,1,117
51474,0,3,Phone,1,,Married,3,Male,3,2,14,1,Household,1,1,0,2,125
51475,0,22,Mobile Phone,1,26,Married,3,Female,3,5,14,11,Laptop & Accessory,2,5,0,5,166
51476,0,16,Pad,1,34,Single,1,Female,3,1,12,2,Mobile Phone,5,3,0,0,147
51477,0,23,Pad,3,18,Single,3,Female,3,2,11,1,Fashion,5,1,0,1,192
51478,1,3,Phone,3,26,Married,5,Female,3,2,11,2,Laptop & Accessory,4,3,1,0,146
51479,0,14,Mobile Phone,3,15,Married,3,Male,3,1,13,7,Fashion,4,3,1,0,182
51480,0,3,Phone,2,31,Married,3,Female,,5,23,7,Household,2,3,0,2,129
51481,0,9,Phone,1,12,Married,3,Male,2,1,20,1,Laptop & Accessory,7,4,0,0,149
51482,1,14,Pad,1,14,Single,5,Male,2,1,15,3,Fashion,3,1,0,1,207
51483,0,12,Mobile Phone,3,10,Married,4,Female,2,5,14,9,Laptop & Accessory,5,3,0,5,159
51484,0,3,Mobile Phone,3,34,Married,4,Male,2,2,18,2,Laptop & Accessory,3,3,0,1,186
51485,0,3,Mobile Phone,2,15,Married,3,Male,2,4,19,7,Laptop & Accessory,1,1,1,4,163
51486,1,3,Phone,1,15,Single,3,Female,2,1,22,4,Mobile Phone,8,5,0,1,142
51487,0,18,Phone,1,35,Single,3,Male,2,1,13,3,Household,6,1,0,1,135
51488,0,11,Phone,1,9,Single,3,Female,2,2,20,2,Laptop & Accessory,4,3,1,2,143
51489,0,3,Phone,1,,Single,3,Female,3,1,14,4,Household,2,3,0,1,126
51490,0,5,Pad,3,15,Married,5,Male,2,1,17,7,Laptop & Accessory,1,1,0,0,147
51491,0,3,Phone,1,11,Married,3,Female,2,2,14,30,Household,6,5,0,0,132
51492,0,3,Phone,1,8,Single,4,Male,,1,13,2,Household,1,1,0,0,127
51493,0,14,Pad,1,16,Married,4,Male,3,7,13,7,Grocery,5,5,0,,272
51494,0,,Phone,1,15,Married,3,Male,3,1,21,4,Household,3,5,0,0,122
51495,0,,Mobile Phone,1,9,Single,3,Female,3,1,14,0,Mobile Phone,2,4,0,1,115
51496,0,13,Pad,1,32,Married,3,Female,2,2,11,13,Laptop & Accessory,2,4,0,0,156
51497,0,8,Mobile Phone,3,6,Married,3,Male,3,1,13,6,Fashion,2,4,0,0,173
51498,0,,Phone,3,12,Married,3,Male,2,4,20,5,Laptop & Accessory,3,3,1,0,123
51499,0,18,Phone,1,,Married,3,Male,2,1,18,15,Laptop & Accessory,9,4,0,1,123
51500,0,5,Pad,3,14,Single,3,Female,2,3,14,7,Fashion,2,1,0,2,190
51501,0,2,Pad,1,6,Married,3,Male,2,1,13,9,Laptop & Accessory,2,3,0,0,143
51502,0,24,Mobile Phone,1,13,Married,4,Male,2,1,17,0,Laptop & Accessory,3,3,0,1,161
51503,0,33,Phone,1,15,Married,4,Female,3,1,20,0,Household,5,4,1,1,133
51504,0,13,Mobile Phone,3,10,Married,4,Male,3,2,11,11,Fashion,8,1,0,1,209
51505,0,,Pad,3,8,Married,3,Female,3,1,18,2,Household,7,3,0,0,122
51506,0,3,Phone,1,,Married,3,Male,3,2,24,2,Household,2,1,0,2,123
51507,0,,Pad,1,15,Married,3,Male,2,2,18,2,Household,7,4,0,2,120
51508,0,1,Phone,1,27,Married,3,Male,,1,11,2,Household,2,1,0,0,127
51509,0,33,Mobile Phone,1,30,Married,1,Male,2,1,16,4,Fashion,4,1,1,1,194
51510,0,3,Pad,1,,Married,4,Male,3,1,15,1,Household,2,3,1,0,126
51511,0,23,Mobile Phone,1,17,Single,3,Female,2,4,,4,Others,4,4,0,0,299
51512,0,14,Phone,1,,Married,3,Male,2,1,12,8,Household,5,3,0,1,125
51513,0,3,Mobile Phone,3,11,Married,3,Female,2,7,12,4,Fashion,3,1,0,1,194
51514,0,11,Mobile Phone,3,6,Single,4,Female,2,1,22,7,Laptop & Accessory,5,1,0,0,187
51515,0,5,Phone,1,12,Single,3,Male,,1,20,4,Household,4,3,0,0,130
51516,0,3,Phone,1,23,Married,3,Male,,1,16,1,Household,1,4,1,0,131
51517,1,3,Pad,3,,Single,5,Female,3,1,21,0,Household,1,5,0,1,123
51518,0,,Pad,1,9,Single,3,Male,1,7,12,2,Household,5,4,0,2,121
51519,0,3,Pad,1,15,Married,3,Male,,6,11,10,Laptop & Accessory,2,5,0,5,131
51520,0,18,Mobile Phone,3,10,Married,3,Female,1,1,11,3,Laptop & Accessory,5,5,1,0,150
51521,0,29,Phone,1,14,Married,3,Female,3,2,18,2,Mobile Phone,5,5,1,2,143
51522,0,6,Phone,1,,Single,3,Male,2,1,14,2,Household,1,1,0,1,125
51523,1,3,Mobile Phone,1,8,Single,4,Male,2,1,22,0,Mobile Phone,2,1,0,1,111
51524,0,19,Mobile Phone,3,6,Married,3,Female,3,15,25,7,Fashion,2,5,0,8,205
51525,0,,Phone,1,15,Single,3,Female,3,2,12,1,Household,2,1,0,1,123
51526,0,4,Phone,1,18,Married,3,Female,3,1,23,2,Mobile Phone,9,1,1,1,139
51527,0,,Phone,1,33,Single,3,Female,3,1,15,2,Household,3,4,0,0,123
51528,1,4,Phone,3,26,Single,3,Female,,1,22,2,Household,2,4,1,0,131
51529,0,23,Phone,1,6,Married,4,Male,2,1,15,2,Mobile Phone,3,3,0,1,137
51530,0,26,Phone,1,19,Married,1,Female,2,1,11,3,Laptop & Accessory,2,5,0,1,145
51531,0,6,Phone,1,20,Married,3,Female,,1,13,6,Household,2,4,0,1,128
51532,0,13,Mobile Phone,1,10,Married,3,Female,2,9,14,9,Others,2,3,0,,290
51533,0,28,Mobile Phone,1,20,Single,1,Male,3,2,11,15,Others,9,4,0,,287
51534,0,7,Pad,1,8,Married,4,Male,2,1,17,9,Laptop & Accessory,2,3,0,0,195
51535,0,24,Mobile Phone,1,9,Single,3,Female,3,,18,0,Grocery,4,4,0,1,237
51536,0,25,Mobile Phone,1,6,Married,4,Male,3,11,,9,Others,1,3,0,7,300
51537,0,,Phone,1,15,Single,3,Female,4,1,16,3,Household,2,4,0,0,123
51538,1,3,Mobile Phone,1,29,Married,4,Male,2,1,13,1,Laptop & Accessory,4,3,1,1,159
51539,0,,Pad,1,13,Married,1,Male,2,2,14,2,Household,5,1,0,1,121
51540,0,18,Pad,1,8,Married,4,Male,3,11,23,8,Grocery,10,1,0,,268
51541,0,13,Phone,1,27,Married,1,Male,3,1,12,7,Mobile Phone,2,5,1,1,136
51542,0,8,Pad,1,8,Single,3,Female,2,1,11,2,Laptop & Accessory,6,4,0,0,144
51543,0,15,Pad,1,27,Married,3,Female,2,1,16,2,Laptop & Accessory,3,3,0,0,153
51544,0,11,Mobile Phone,1,8,Married,3,Male,2,1,14,0,Laptop & Accessory,10,3,0,1,166
51545,0,11,Mobile Phone,1,35,Married,3,Male,2,1,18,7,Laptop & Accessory,4,1,0,0,163
51546,0,3,Pad,1,6,Married,4,Male,2,2,19,0,Laptop & Accessory,6,5,0,2,143
51547,0,22,Pad,1,24,Married,3,Male,3,1,15,7,Laptop & Accessory,2,1,1,0,168
51548,0,7,Pad,1,16,Married,3,Male,2,2,17,0,Mobile Phone,2,3,1,2,138
51549,0,13,Phone,1,25,Married,3,Male,,3,15,7,Laptop & Accessory,9,1,1,3,127
51550,1,1,Mobile Phone,1,35,Married,3,Male,3,1,19,0,Laptop & Accessory,8,5,1,1,167
51551,1,3,Mobile Phone,3,33,Married,3,Female,2,1,22,9,Fashion,2,1,0,0,176
51552,0,3,Phone,1,,Married,1,Male,2,2,16,2,Household,2,4,1,2,123
51553,0,,Pad,1,24,Single,3,Female,3,1,13,7,Household,2,1,0,0,122
51554,0,13,Pad,1,15,Married,4,Male,3,1,14,2,Laptop & Accessory,10,1,0,0,149
51555,0,19,Mobile Phone,1,6,Married,3,Male,3,1,16,3,Fashion,8,5,0,0,194
51556,1,3,Mobile Phone,3,10,Married,5,Male,2,9,11,8,Fashion,2,1,0,6,204
51557,0,3,Pad,1,6,Single,4,Male,2,5,22,8,Fashion,2,3,0,4,185
51558,0,3,Pad,3,26,Single,3,Female,2,1,14,7,Laptop & Accessory,2,3,0,1,200
51559,0,24,Mobile Phone,1,14,Married,4,Male,2,4,16,,Fashion,6,4,0,2,225
51560,1,3,Phone,1,,Single,3,Female,2,1,11,4,Household,6,5,1,0,127
51561,0,14,Mobile Phone,3,12,Single,3,Female,3,,18,0,Fashion,4,1,1,0,236
51562,1,3,Pad,3,32,Single,4,Female,2,1,15,1,Laptop & Accessory,6,5,0,1,167
51563,1,,Phone,1,6,Single,3,Male,2,1,14,5,Household,1,3,0,0,121
51564,0,18,Pad,3,12,Single,4,Female,2,12,12,8,Fashion,7,1,0,5,189
51565,0,27,Mobile Phone,3,9,Married,3,Female,2,1,14,5,Laptop & Accessory,3,5,0,1,159
51566,0,9,Mobile Phone,1,11,Single,3,Male,3,3,16,7,Laptop & Accessory,9,4,0,2,159
51567,0,6,Phone,1,,Married,4,Female,2,1,21,1,Household,7,4,0,0,126
51568,0,13,Pad,1,17,Married,3,Male,2,1,14,,Fashion,2,1,1,1,222
51569,0,11,Mobile Phone,3,9,Married,3,Male,3,5,12,13,Fashion,1,3,0,1,206
51570,0,4,Pad,1,6,Married,5,Male,2,1,12,4,Laptop & Accessory,1,3,0,0,143
51571,0,,Phone,1,9,Married,4,Male,3,1,17,0,Household,4,1,0,0,122
51572,0,13,Pad,3,10,Married,3,Male,,5,17,8,Household,5,1,0,3,128
51573,0,2,Pad,3,6,Married,3,Female,2,4,14,1,Fashion,2,1,0,4,179
51574,0,8,Pad,3,6,Single,3,Female,3,1,14,8,Fashion,2,3,0,1,188
51575,1,3,Phone,1,,Single,4,Male,2,1,13,1,Household,2,1,1,0,124
51576,0,25,Phone,1,8,Single,4,Female,2,2,15,2,Household,8,1,0,2,132
51577,0,15,Mobile Phone,1,10,Married,3,Male,2,11,,15,Others,2,1,0,0,292
51578,0,,Phone,2,12,Married,3,Male,2,2,17,2,Household,9,3,0,0,123
51579,0,23,Mobile Phone,3,6,Married,3,Female,3,1,,6,Others,4,1,0,1,295
51580,1,3,Phone,1,,Married,3,Male,2,1,13,4,Household,6,1,1,1,124
51581,0,16,Mobile Phone,3,22,Married,3,Female,3,,22,9,Grocery,6,1,1,0,261
51582,1,3,Phone,1,8,Married,3,Female,,1,20,7,Household,8,5,0,1,127
51583,0,25,Pad,3,8,Single,4,Male,3,15,18,12,Others,2,3,1,,291
51584,0,5,Phone,3,10,Married,3,Female,2,1,11,2,Mobile Phone,3,4,0,1,139
51585,1,3,Phone,1,6,Single,4,Male,3,1,14,2,Mobile Phone,1,3,1,0,137
51586,0,,Phone,1,6,Married,3,Female,3,1,14,2,Household,8,3,0,1,122
51587,0,5,Pad,3,32,Married,3,Male,3,2,18,2,Laptop & Accessory,1,1,0,2,145
51588,0,14,Phone,1,25,Married,3,Male,,1,16,0,Laptop & Accessory,3,5,0,0,131
51589,0,13,Phone,1,30,Married,3,Male,3,4,17,7,Laptop & Accessory,2,1,0,2,133
51590,0,18,Mobile Phone,1,6,Married,1,Male,3,1,,7,Others,1,1,0,1,292
51591,0,4,Pad,1,9,Married,3,Male,3,,12,2,Fashion,10,3,0,2,237
51592,0,6,Phone,1,11,Married,4,Female,,1,13,2,Household,2,1,0,0,129
51593,0,7,Mobile Phone,1,8,Married,4,Male,2,5,13,9,Laptop & Accessory,7,5,0,0,160
51594,0,13,Phone,1,6,Married,4,Female,2,1,14,2,Mobile Phone,3,5,0,0,139
51595,0,18,Pad,1,13,Married,1,Male,3,1,17,2,Laptop & Accessory,5,3,0,1,164
51596,1,3,Pad,1,16,Married,3,Male,3,1,11,0,Fashion,7,3,0,0,200
51597,0,12,Pad,1,8,Single,3,Female,3,11,25,,Fashion,1,3,0,6,209
51598,0,2,Phone,1,,Single,3,Male,2,1,19,5,Household,2,1,0,1,123
51599,0,15,Mobile Phone,1,23,Single,1,Female,2,1,13,2,Laptop & Accessory,4,5,1,1,165
51600,0,2,Mobile Phone,3,26,Married,3,Male,2,1,14,2,Laptop & Accessory,3,1,0,1,169
51601,0,3,Phone,1,6,Married,3,Female,3,1,12,2,Laptop & Accessory,1,3,0,1,149
51602,0,15,Phone,1,,Married,4,Female,2,7,11,8,Household,1,5,1,7,126
51603,0,13,Mobile Phone,1,8,Married,3,Male,2,3,,9,Others,1,3,0,3,294
51604,0,24,Phone,1,6,Married,3,Male,,1,11,0,Household,2,1,0,1,127
51605,1,3,Pad,1,35,Single,4,Male,3,1,11,4,Household,1,4,0,0,135
51606,0,5,Pad,1,13,Married,1,Male,,1,20,3,Household,2,4,0,0,128
51607,0,11,Pad,3,8,Married,4,Male,2,7,18,5,Laptop & Accessory,4,1,0,1,152
51608,0,,Phone,1,8,Single,4,Male,2,1,13,4,Laptop & Accessory,5,5,0,0,122
51609,0,19,Mobile Phone,3,8,Married,5,Female,3,7,12,7,Grocery,4,4,1,,269
51610,1,3,Phone,1,8,Single,3,Male,3,1,11,0,Household,3,3,0,0,135
51611,0,2,Mobile Phone,3,8,Married,4,Male,3,1,19,0,Laptop & Accessory,3,4,0,1,166
51612,0,4,Mobile Phone,1,29,Married,4,Male,3,7,21,8,Laptop & Accessory,1,1,0,0,156
51613,0,3,Pad,1,11,Married,1,Male,2,1,12,5,Laptop & Accessory,2,5,0,1,140
51614,0,18,Mobile Phone,1,26,Married,3,Male,3,,14,10,Grocery,1,1,1,2,235
51615,0,9,Phone,1,12,Married,3,Male,2,10,11,11,Household,1,1,0,1,132
51616,0,28,Mobile Phone,1,6,Single,3,Male,2,4,14,13,Others,1,5,1,,290
51617,1,13,Pad,1,35,Married,3,Male,2,9,12,,Fashion,2,4,1,4,218
51618,0,,Phone,1,15,Married,3,Male,3,1,23,4,Household,2,1,0,1,121
51619,0,13,Mobile Phone,3,12,Married,3,Male,3,1,14,1,Laptop & Accessory,5,1,0,1,165
51620,0,3,Phone,1,9,Single,4,Male,3,1,17,0,Household,2,3,0,1,132
51621,0,13,Pad,1,6,Married,3,Female,3,,18,2,Fashion,3,1,1,0,236
51622,0,8,Mobile Phone,1,28,Married,1,Female,3,6,18,,Fashion,8,4,0,5,220
51623,0,11,Mobile Phone,3,13,Married,1,Female,2,7,24,7,Laptop & Accessory,2,5,1,4,156
51624,0,3,Pad,1,6,Married,3,Female,2,1,20,4,Laptop & Accessory,2,4,0,1,164
51625,0,23,Mobile Phone,1,10,Married,3,Male,3,1,14,6,Others,4,4,0,,291
51626,0,26,Mobile Phone,1,9,Married,3,Male,2,1,16,3,Grocery,4,3,1,,276
51627,0,15,Phone,3,6,Married,3,Male,1,11,25,6,Laptop & Accessory,2,3,0,6,149
51628,0,2,Pad,3,8,Single,3,Male,2,1,18,9,Laptop & Accessory,2,1,0,0,146
51629,0,28,Mobile Phone,1,26,Married,3,Male,2,1,19,8,Laptop & Accessory,4,1,1,0,154
51630,0,3,Pad,1,17,Married,3,Male,2,3,13,3,Laptop & Accessory,2,5,1,1,147
51631,0,,Phone,1,6,Single,3,Female,2,5,12,7,Household,2,1,0,1,121
51632,1,7,Pad,1,30,Married,3,Male,,1,22,0,Household,4,3,1,0,132
51633,0,11,Mobile Phone,1,29,Married,3,Male,2,1,14,2,Laptop & Accessory,10,1,0,0,157
51634,1,3,Phone,1,,Married,3,Male,2,1,13,2,Household,3,4,1,1,124
51635,0,1,Phone,1,14,Single,3,Female,3,1,21,2,Household,2,1,0,1,133
51636,0,22,Pad,1,16,Single,3,Female,2,1,11,2,Others,10,5,1,,287
51637,0,9,Phone,1,9,Single,3,Male,1,7,12,7,Laptop & Accessory,5,4,0,2,145
51638,0,4,Pad,3,11,Married,3,Female,,2,11,2,Household,2,4,0,0,128
51639,1,3,Mobile Phone,3,10,Single,4,Male,2,7,12,4,Laptop & Accessory,2,1,1,4,158
51640,0,13,Pad,1,,Married,3,Male,2,1,12,2,Household,2,1,1,0,123
51641,0,15,Pad,3,32,Married,3,Female,3,,14,8,Grocery,6,4,0,3,235
51642,1,,Mobile Phone,1,9,Single,3,Male,2,1,13,0,Mobile Phone,2,3,0,1,114
51643,0,8,Mobile Phone,3,22,Married,3,Male,3,6,15,9,Fashion,1,4,0,3,180
51644,0,9,Pad,1,24,Married,1,Male,2,1,18,0,Mobile Phone,5,1,0,1,137
51645,0,24,Mobile Phone,1,8,Married,5,Male,2,1,18,2,Laptop & Accessory,6,4,0,0,155
51646,0,14,Mobile Phone,3,8,Single,3,Male,2,,19,4,Grocery,2,4,0,1,260
51647,0,,Mobile Phone,3,16,Single,4,Female,3,1,12,0,Mobile Phone,2,3,0,0,112
51648,0,1,Mobile Phone,1,22,Single,1,Male,3,1,19,7,Laptop & Accessory,1,5,0,0,157
51649,0,4,Mobile Phone,3,13,Married,1,Male,3,7,11,7,Laptop & Accessory,5,1,0,3,169
51650,0,12,Mobile Phone,1,6,Married,1,Male,2,3,17,7,Fashion,1,1,0,1,196
51651,0,9,Pad,1,30,Married,3,Female,2,1,15,8,Laptop & Accessory,8,4,0,1,157
51652,0,5,Mobile Phone,3,13,Married,4,Male,3,4,14,8,Laptop & Accessory,2,3,0,3,155
51653,0,11,Mobile Phone,1,31,Married,4,Female,2,1,17,,Fashion,4,4,0,0,221
51654,0,33,Pad,1,6,Married,5,Male,2,1,13,2,Laptop & Accessory,3,3,1,1,157
51655,0,4,Phone,1,11,Married,3,Male,2,1,12,3,Mobile Phone,1,1,1,1,148
51656,0,4,Mobile Phone,2,8,Married,4,Male,3,1,12,0,Laptop & Accessory,4,5,0,0,164
51657,0,18,Pad,1,13,Married,3,Male,3,9,18,11,Fashion,2,5,0,2,152
51658,0,4,Phone,1,8,Married,3,Male,,2,18,2,Household,1,1,1,2,127
51659,0,6,Pad,1,11,Married,3,Female,3,8,11,,Fashion,7,4,0,7,219
51660,0,3,Mobile Phone,1,16,Married,3,Male,3,11,14,10,Grocery,2,5,1,,271
51661,0,16,Pad,1,,Single,3,Female,2,1,19,7,Household,1,1,0,0,125
51662,0,22,Mobile Phone,1,6,Single,4,Female,2,,12,7,Grocery,8,3,1,0,240
51663,1,15,Phone,1,14,Married,4,Male,2,7,15,7,Laptop & Accessory,3,4,0,7,149
51664,0,3,Phone,1,,Single,3,Female,2,1,12,2,Household,2,4,1,0,125
51665,0,5,Mobile Phone,3,14,Married,4,Female,3,11,11,9,Laptop & Accessory,2,4,1,11,152
51666,0,3,Phone,3,8,Single,3,Male,3,1,11,4,Laptop & Accessory,2,3,1,0,145
51667,0,4,Mobile Phone,3,13,Married,3,Male,3,1,12,7,Laptop & Accessory,5,1,0,0,175
51668,0,5,Mobile Phone,1,8,Single,1,Female,3,1,16,7,Laptop & Accessory,8,1,0,0,151
51669,1,3,Phone,1,8,Married,5,Male,2,2,13,2,Household,6,1,1,1,135
51670,0,3,Mobile Phone,1,34,Married,3,Female,3,1,13,9,Laptop & Accessory,2,1,0,1,158
51671,0,4,Pad,1,13,Married,4,Female,2,8,24,9,Fashion,2,3,0,7,189
51672,0,12,Pad,1,13,Married,4,Male,2,13,,3,Others,2,1,0,6,293
51673,1,2,Mobile Phone,3,9,Married,3,Female,2,1,18,0,Laptop & Accessory,5,3,1,1,152
51674,0,6,Pad,3,16,Single,4,Male,2,1,14,1,Laptop & Accessory,4,1,0,1,147
51675,0,23,Mobile Phone,1,11,Married,3,Male,2,1,11,1,Others,5,3,0,,283
51676,0,16,Pad,1,16,Married,4,Female,2,1,11,0,Laptop & Accessory,2,3,0,1,153
51677,0,3,Pad,3,6,Married,3,Male,3,1,13,4,Laptop & Accessory,1,4,1,0,163
51678,0,27,Pad,1,26,Single,3,Female,2,1,12,3,Laptop & Accessory,4,3,0,0,149
51679,0,16,Mobile Phone,1,13,Married,3,Female,2,1,16,0,Fashion,9,5,0,1,200
51680,0,18,Phone,1,14,Married,3,Male,3,9,14,8,Laptop & Accessory,10,1,0,8,137
51681,0,13,Mobile Phone,3,6,Married,5,Male,2,1,22,2,Laptop & Accessory,3,1,1,1,175
51682,1,,Phone,1,14,Married,5,Male,3,1,11,7,Household,2,5,1,0,121
51683,0,2,Phone,1,15,Single,4,Male,1,2,17,2,Mobile Phone,1,1,0,1,140
51684,0,3,Mobile Phone,3,11,Married,4,Female,1,1,13,2,Laptop & Accessory,2,3,0,1,161
51685,0,3,Mobile Phone,3,14,Married,3,Female,2,1,18,7,Laptop & Accessory,2,4,0,0,162
51686,0,13,Mobile Phone,1,11,Married,3,Male,3,1,16,4,Laptop & Accessory,8,1,0,1,163
51687,0,11,Mobile Phone,1,21,Married,4,Male,3,2,14,,Fashion,1,1,1,2,215
51688,0,4,Mobile Phone,1,13,Single,3,Female,2,4,14,10,Fashion,2,1,1,4,171
51689,0,2,Mobile Phone,3,16,Married,4,Female,2,1,14,7,Laptop & Accessory,2,4,1,1,183
51690,0,8,Mobile Phone,1,11,Single,3,Male,3,1,13,13,Fashion,1,4,0,1,181
51691,0,3,Phone,1,32,Married,3,Male,,1,12,2,Household,2,1,0,0,129
51692,0,14,Mobile Phone,1,12,Single,4,Male,3,1,15,2,Laptop & Accessory,7,4,1,1,160
51693,0,23,Pad,3,10,Single,3,Male,,1,19,0,Laptop & Accessory,4,3,0,0,130
51694,0,15,Mobile Phone,1,29,Single,3,Female,2,,14,0,Grocery,3,1,0,0,260
51695,0,2,Pad,3,8,Married,3,Male,3,1,14,2,Laptop & Accessory,2,3,0,1,146
51696,0,15,Phone,2,8,Married,3,Male,,1,11,0,Household,1,3,1,1,127
51697,0,5,Phone,1,,Married,3,Female,3,1,13,7,Household,2,4,0,0,124
51698,0,21,Mobile Phone,3,35,Married,3,Female,3,1,21,,Fashion,4,3,0,0,225
51699,0,13,Mobile Phone,1,12,Married,1,Male,2,6,13,7,Laptop & Accessory,5,5,1,6,160
51700,0,3,Pad,3,31,Married,3,Female,2,2,12,2,Laptop & Accessory,8,3,1,2,147
51701,0,3,Mobile Phone,3,6,Married,3,Male,2,7,17,7,Laptop & Accessory,2,3,0,0,153
51702,0,15,Mobile Phone,1,8,Single,4,Male,3,1,23,0,Laptop & Accessory,4,1,0,1,168
51703,1,,Pad,3,6,Single,4,Female,3,1,11,2,Household,2,4,1,1,122
51704,0,9,Pad,3,6,Single,3,Female,2,1,15,0,Laptop & Accessory,5,1,0,1,167
51705,0,9,Pad,3,9,Married,4,Male,2,1,11,12,Fashion,5,1,0,0,197
51706,0,33,Mobile Phone,1,6,Married,3,Male,2,1,11,2,Laptop & Accessory,3,3,0,0,168
51707,0,,Phone,1,16,Married,1,Female,2,1,13,7,Household,4,3,1,0,122
51708,0,3,Pad,3,,Single,3,Male,2,2,24,2,Household,2,1,0,2,126
51709,1,3,Phone,3,11,Single,3,Female,,1,13,0,Household,2,3,1,0,129
51710,0,13,Phone,1,16,Married,3,Female,3,1,20,3,Household,7,5,0,1,135
51711,0,19,Pad,1,13,Married,3,Female,1,1,14,0,Laptop & Accessory,3,3,0,1,153
51712,1,4,Pad,3,10,Single,3,Male,2,7,18,7,Laptop & Accessory,2,4,0,4,194
51713,0,23,Mobile Phone,1,16,Single,4,Male,3,1,15,3,Fashion,7,1,0,1,205
51714,1,3,Mobile Phone,3,28,Married,4,Male,3,1,12,0,Laptop & Accessory,3,3,1,1,164
51715,0,4,Phone,1,,Single,4,Male,2,2,16,2,Household,1,4,1,2,127
51716,1,3,Phone,3,18,Single,1,Female,,1,15,0,Household,2,4,0,0,127
51717,0,,Phone,1,29,Single,3,Male,2,1,16,2,Household,10,1,0,0,122
51718,0,8,Mobile Phone,1,15,Single,4,Male,3,1,19,0,Laptop & Accessory,10,4,0,0,165
51719,0,3,Phone,1,6,Married,3,Male,2,1,11,4,Mobile Phone,2,4,0,0,138
51720,0,1,Mobile Phone,3,15,Single,3,Male,3,1,16,7,Laptop & Accessory,2,1,0,1,153
51721,0,22,Mobile Phone,1,13,Single,4,Male,2,1,24,,Fashion,9,3,0,1,210
51722,0,24,Phone,3,20,Married,3,Female,2,1,11,7,Laptop & Accessory,5,1,0,1,149
51723,0,9,Phone,1,,Married,3,Female,3,2,13,2,Household,5,3,0,2,125
51724,1,3,Pad,3,25,Single,1,Male,3,1,13,4,Laptop & Accessory,9,1,1,0,153
51725,0,28,Mobile Phone,1,8,Single,3,Female,3,1,13,2,Grocery,3,1,1,,267
51726,0,3,Phone,3,16,Married,3,Female,3,1,12,3,Laptop & Accessory,2,3,1,0,143
51727,0,3,Phone,3,,Married,3,Male,3,1,18,0,Household,2,4,0,1,125
51728,1,3,Pad,1,9,Single,3,Male,,1,22,4,Household,1,5,0,0,131
51729,0,,Phone,1,17,Married,3,Female,2,1,13,2,Household,2,4,0,1,122
51730,0,9,Mobile Phone,3,8,Married,4,Male,3,9,13,0,Fashion,2,3,0,8,176
51731,1,,Pad,1,10,Single,3,Male,2,1,23,0,Household,10,1,1,1,123
51732,0,13,Phone,1,20,Married,3,Female,,12,12,17,Household,2,5,0,10,130
51733,0,13,Mobile Phone,3,8,Married,3,Female,2,1,12,3,Laptop & Accessory,8,4,0,0,157
51734,0,15,Phone,1,,Married,3,Female,3,1,16,2,Household,4,5,0,0,126
51735,0,13,Phone,1,16,Single,3,Male,2,1,12,1,Laptop & Accessory,3,4,1,0,142
51736,0,16,Mobile Phone,1,18,Married,4,Male,2,,11,9,Grocery,2,4,0,3,243
51737,0,13,Phone,1,8,Married,4,Female,3,1,22,0,Laptop & Accessory,7,3,0,1,134
51738,0,27,Mobile Phone,1,11,Married,3,Male,2,1,,2,Others,5,5,0,1,294
51739,0,7,Pad,3,10,Married,3,Female,3,1,15,2,Laptop & Accessory,10,3,0,0,165
51740,0,4,Phone,1,13,Married,3,Female,2,3,12,12,Laptop & Accessory,2,5,0,3,143
51741,0,,Pad,1,27,Married,3,Male,3,1,20,2,Household,8,1,0,1,123
51742,0,16,Phone,1,14,Married,3,Female,3,1,14,2,Laptop & Accessory,5,3,1,1,145
51743,0,3,Phone,3,10,Single,4,Female,3,1,11,3,Laptop & Accessory,2,1,1,0,145
51744,0,13,Pad,1,31,Married,3,Female,3,10,15,7,Laptop & Accessory,4,3,1,4,144
51745,0,,Phone,1,6,Married,4,Male,3,3,12,2,Household,2,5,0,3,122
51746,0,12,Pad,1,6,Married,3,Male,2,1,14,6,Others,2,3,1,0,292
51747,0,29,Pad,3,12,Married,1,Female,2,,11,7,Grocery,10,5,0,6,232
51748,0,3,Mobile Phone,3,18,Single,3,Female,2,4,11,4,Laptop & Accessory,1,3,0,3,166
51749,0,14,Mobile Phone,3,6,Married,1,Male,2,1,16,7,Fashion,2,5,0,1,184
51750,0,1,Phone,1,23,Married,3,Male,3,1,12,8,Laptop & Accessory,2,5,0,0,146
51751,1,3,Phone,1,9,Married,3,Male,3,1,13,2,Mobile Phone,6,5,0,1,140
51752,0,25,Mobile Phone,1,9,Married,4,Male,2,1,14,4,Fashion,3,3,1,1,180
51753,0,18,Phone,1,,Married,3,Male,3,1,21,2,Household,4,1,0,0,127
51754,0,25,Mobile Phone,1,10,Married,3,Female,1,1,13,4,Grocery,3,1,0,,266
51755,0,15,Pad,1,35,Married,3,Female,3,1,11,2,Laptop & Accessory,3,3,0,1,146
51756,0,3,Mobile Phone,1,8,Single,5,Female,2,1,20,2,Laptop & Accessory,3,1,0,1,161
51757,0,33,Mobile Phone,1,13,Married,3,Female,2,11,,10,Others,6,5,0,1,296
51758,0,19,Phone,1,24,Married,3,Female,2,1,14,8,Laptop & Accessory,3,3,0,1,148
51759,0,15,Pad,1,34,Married,4,Female,2,1,11,4,Laptop & Accessory,1,1,0,0,145
51760,1,3,Phone,3,6,Single,3,Female,3,1,16,4,Household,2,4,1,0,132
51761,1,3,Pad,3,,Married,5,Female,2,1,16,0,Household,1,3,0,0,124
51762,0,,Pad,1,8,Married,3,Male,2,1,23,0,Mobile Phone,2,1,1,1,117
51763,0,13,Mobile Phone,3,8,Married,3,Female,3,1,14,12,Others,1,3,0,,280
51764,0,3,Phone,1,29,Married,3,Female,,1,22,2,Household,2,1,0,0,129
51765,0,,Pad,1,9,Married,3,Male,2,1,15,4,Household,5,1,0,1,121
51766,0,2,Mobile Phone,1,9,Married,4,Male,3,1,18,,Fashion,2,3,0,0,219
51767,1,3,Phone,1,,Married,4,Female,3,1,16,1,Household,6,4,0,1,125
51768,1,3,Phone,2,,Single,4,Male,2,1,12,0,Household,2,1,0,0,126
51769,0,3,Pad,3,28,Married,3,Female,3,7,11,8,Fashion,1,5,0,3,184
51770,0,33,Mobile Phone,3,35,Married,4,Male,2,,12,0,Grocery,4,1,0,1,241
51771,0,23,Mobile Phone,1,35,Married,4,Male,2,15,15,7,Grocery,1,3,0,,270
51772,0,3,Pad,1,,Single,3,Female,2,6,14,7,Household,1,1,0,1,126
51773,0,33,Pad,3,34,Married,4,Female,3,13,19,11,Fashion,5,5,0,3,203
51774,0,23,Mobile Phone,1,8,Married,3,Female,3,1,13,4,Laptop & Accessory,6,1,0,0,151
51775,0,19,Mobile Phone,1,8,Married,3,Male,2,1,13,1,Grocery,7,3,0,,279
51776,0,8,Phone,1,28,Single,5,Male,2,4,15,3,Mobile Phone,1,3,0,1,142
51777,0,27,Phone,1,5,Single,3,Female,2,1,11,0,Laptop & Accessory,8,3,0,0,138
51778,0,7,Phone,1,8,Married,4,Male,,5,12,7,Household,4,3,0,3,128
51779,0,5,Mobile Phone,3,16,Married,4,Female,3,1,19,2,Fashion,3,1,1,0,191
51780,0,4,Mobile Phone,1,15,Married,3,Male,2,1,25,8,Fashion,2,4,0,0,206
51781,1,3,Mobile Phone,1,21,Married,3,Male,2,,12,7,Fashion,8,3,1,3,236
51782,1,3,Phone,1,16,Married,5,Male,2,1,13,3,Household,8,1,0,0,134
51783,0,3,Phone,3,13,Single,3,Male,,1,14,2,Household,1,4,0,0,130
51784,0,8,Mobile Phone,1,22,Married,3,Male,3,1,12,0,Fashion,5,3,1,0,176
51785,1,3,Pad,1,26,Married,3,Male,3,1,12,0,Fashion,4,3,0,1,198
51786,1,3,Pad,2,29,Married,3,Female,2,1,15,2,Fashion,10,5,1,1,200
51787,0,,Pad,1,11,Married,3,Male,3,2,17,0,Household,5,3,0,0,121
51788,0,9,Pad,3,16,Single,3,Male,2,9,14,7,Fashion,2,1,0,8,200
51789,1,3,Pad,1,10,Single,4,Male,3,1,16,2,Mobile Phone,6,3,0,0,139
51790,0,21,Phone,3,8,Married,3,Female,2,6,14,7,Laptop & Accessory,3,1,0,6,141
51791,0,28,Mobile Phone,3,24,Single,3,Female,2,7,23,8,Grocery,4,4,0,,268
51792,0,14,Pad,3,16,Single,3,Male,2,1,14,10,Laptop & Accessory,8,1,0,0,162
51793,0,8,Phone,3,6,Married,3,Male,2,6,11,9,Laptop & Accessory,10,3,0,0,147
51794,0,13,Mobile Phone,1,12,Single,3,Female,3,,15,13,Grocery,8,3,0,4,232
51795,0,12,Pad,1,14,Married,3,Female,2,1,11,7,Mobile Phone,2,3,0,1,138
51796,0,4,Mobile Phone,3,8,Single,3,Male,3,1,13,5,Laptop & Accessory,5,1,1,1,166
51797,0,15,Mobile Phone,1,30,Married,3,Male,2,5,21,8,Fashion,2,5,1,5,174
51798,0,18,Phone,3,8,Married,3,Male,3,3,19,7,Laptop & Accessory,1,4,0,3,148
51799,1,3,Pad,2,23,Married,3,Female,,1,11,0,Household,1,3,1,0,127
51800,0,2,Phone,1,25,Married,3,Male,2,1,12,2,Laptop & Accessory,5,1,0,1,143
51801,0,6,Mobile Phone,1,6,Married,1,Female,3,1,19,5,Grocery,5,3,0,,262
51802,0,4,Mobile Phone,3,13,Married,4,Male,2,1,21,,Fashion,10,1,0,1,216
51803,1,,Pad,3,11,Single,3,Male,3,1,14,0,Mobile Phone,2,4,1,1,119
51804,0,13,Pad,3,34,Married,5,Male,2,1,15,,Fashion,4,5,0,0,209
51805,0,14,Pad,1,8,Single,4,Female,3,1,17,7,Laptop & Accessory,3,3,1,0,168
51806,0,3,Phone,3,35,Married,3,Male,2,1,12,0,Laptop & Accessory,6,3,0,0,143
51807,0,8,Phone,3,6,Single,3,Female,3,1,16,3,Laptop & Accessory,2,3,0,1,149
51808,0,7,Mobile Phone,3,27,Single,1,Male,3,5,12,7,Laptop & Accessory,2,1,0,0,153
51809,1,3,Phone,1,,Single,5,Male,3,1,18,0,Household,2,1,1,0,123
51810,0,13,Mobile Phone,1,6,Single,3,Female,2,1,17,2,Fashion,5,1,0,1,175
51811,0,19,Pad,1,24,Married,3,Female,2,1,11,2,Fashion,6,3,0,0,205
51812,0,14,Mobile Phone,3,8,Married,3,Female,3,11,16,8,Grocery,8,5,0,,266
51813,0,13,Pad,3,15,Married,3,Male,3,7,13,7,Fashion,2,4,0,1,188
51814,0,25,Mobile Phone,1,12,Married,3,Male,3,6,12,9,Laptop & Accessory,4,5,1,2,156
51815,1,3,Pad,3,17,Married,1,Male,2,1,12,2,Laptop & Accessory,9,3,0,1,147
51816,0,3,Pad,3,,Married,3,Male,2,2,13,1,Household,1,1,0,1,124
51817,0,11,Mobile Phone,1,16,Married,3,Female,3,1,19,0,Laptop & Accessory,4,3,0,0,198
51818,0,13,Mobile Phone,1,6,Married,3,Female,3,4,12,3,Laptop & Accessory,7,4,0,4,164
51819,0,22,Mobile Phone,1,24,Married,4,Male,2,1,,9,Others,2,3,1,1,295
51820,0,3,Phone,1,29,Married,1,Male,,1,11,4,Household,2,1,1,0,127
51821,0,3,Mobile Phone,3,34,Married,3,Male,3,1,20,4,Laptop & Accessory,2,4,0,0,163
51822,0,,Phone,1,23,Married,4,Male,3,1,21,0,Household,2,4,0,1,121
51823,0,23,Pad,2,9,Married,3,Male,3,10,11,7,Others,2,4,0,,282
51824,0,,Phone,3,19,Married,3,Male,2,1,11,6,Household,2,3,0,1,121
51825,1,3,Pad,1,13,Married,3,Female,,1,16,2,Household,2,3,1,0,129
51826,1,,Pad,3,18,Married,4,Male,3,1,18,0,Household,2,5,0,1,120
51827,0,7,Phone,1,6,Married,4,Male,2,1,13,3,Mobile Phone,2,1,1,1,136
51828,1,3,Phone,3,19,Married,3,Male,2,1,17,2,Laptop & Accessory,3,5,0,0,142
51829,0,8,Phone,1,31,Single,4,Male,2,1,14,2,Laptop & Accessory,5,1,0,1,137
51830,0,4,Mobile Phone,3,12,Married,1,Male,3,5,22,7,Laptop & Accessory,5,1,0,5,155
51831,0,,Phone,1,12,Married,4,Female,3,1,12,3,Household,1,3,0,0,122
51832,0,13,Mobile Phone,3,8,Married,3,Male,3,1,11,0,Laptop & Accessory,5,3,1,0,196
51833,0,3,Phone,1,6,Single,4,Female,,1,13,0,Household,2,4,0,0,128
51834,0,15,Phone,1,8,Married,3,Female,2,2,13,2,Laptop & Accessory,2,1,0,0,141
51835,0,16,Mobile Phone,1,12,Married,4,Male,2,1,14,0,Grocery,5,1,1,,266
51836,0,11,Phone,1,,Single,3,Female,2,1,17,0,Household,4,5,0,0,126
51837,0,16,Pad,1,15,Married,3,Male,3,4,13,7,Laptop & Accessory,4,3,1,1,157
51838,0,21,Mobile Phone,1,6,Married,4,Female,2,,11,2,Grocery,8,5,0,0,254
51839,0,17,Mobile Phone,2,6,Single,4,Female,2,1,11,2,Laptop & Accessory,5,3,0,1,160
51840,0,7,Phone,3,,Married,3,Female,2,1,18,6,Household,2,3,1,1,126
51841,1,3,Phone,3,8,Married,3,Male,,1,11,2,Household,1,5,0,1,130
51842,0,3,Phone,3,28,Single,3,Male,2,1,11,2,Household,2,3,0,0,134
51843,0,17,Mobile Phone,1,9,Married,3,Male,2,1,,1,Others,5,1,1,0,295
51844,0,3,Phone,1,12,Married,3,Male,,2,20,2,Household,1,3,0,1,128
51845,0,6,Mobile Phone,3,14,Married,3,Male,2,1,12,2,Laptop & Accessory,1,3,0,0,171
51846,0,5,Mobile Phone,1,15,Married,3,Female,3,1,12,5,Laptop & Accessory,2,1,1,1,163
51847,0,,Pad,1,9,Married,3,Female,3,1,20,0,Household,2,3,0,1,121
51848,0,26,Mobile Phone,3,6,Single,3,Female,2,8,20,10,Laptop & Accessory,8,5,0,4,184
51849,0,7,Phone,1,6,Married,3,Male,,8,12,8,Household,2,1,0,1,127
51850,1,8,Pad,3,32,Married,3,Female,3,1,14,0,Laptop & Accessory,3,5,0,0,143
51851,0,3,Mobile Phone,1,12,Married,3,Female,3,1,13,2,Mobile Phone,2,1,1,0,56
51852,0,13,Mobile Phone,1,9,Married,3,Male,2,7,15,8,Fashion,2,3,0,7,194
51853,0,2,Mobile Phone,3,9,Married,3,Female,3,1,14,2,Laptop & Accessory,2,3,0,0,156
51854,0,8,Mobile Phone,1,12,Single,5,Male,2,11,13,8,Laptop & Accessory,2,1,0,0,166
51855,0,6,Pad,1,12,Married,3,Male,1,4,23,7,Laptop & Accessory,4,1,0,3,177
51856,0,27,Mobile Phone,2,25,Married,3,Male,2,7,15,1,Fashion,3,4,0,2,207
51857,0,9,Mobile Phone,1,15,Married,4,Male,2,1,11,2,Laptop & Accessory,3,4,1,0,188
51858,0,,Phone,1,9,Single,4,Male,2,1,13,1,Household,1,1,0,1,120
51859,1,3,Mobile Phone,1,16,Single,3,Male,2,1,11,1,Mobile Phone,2,3,1,1,110
51860,1,3,Pad,1,9,Single,3,Male,3,9,11,7,Household,2,5,1,5,133
51861,0,,Pad,1,9,Married,4,Male,2,1,18,0,Mobile Phone,2,3,0,1,113
51862,0,3,Phone,1,10,Married,1,Male,,1,16,2,Household,3,5,0,0,128
51863,0,3,Phone,3,14,Married,1,Male,2,1,22,2,Laptop & Accessory,1,4,0,1,149
51864,0,11,Phone,3,13,Single,4,Female,2,1,20,5,Laptop & Accessory,1,1,0,1,140
51865,0,2,Pad,1,6,Married,5,Male,,2,18,8,Household,2,1,0,0,127
51866,0,21,Mobile Phone,3,8,Married,1,Male,2,2,12,2,Laptop & Accessory,4,4,0,0,181
51867,0,3,Pad,3,9,Married,1,Female,3,1,20,4,Laptop & Accessory,2,1,1,1,146
51868,0,13,Phone,1,16,Single,1,Male,3,1,17,0,Mobile Phone,4,1,0,1,147
51869,0,23,Phone,1,34,Married,1,Male,3,3,11,8,Household,2,3,1,0,132
51870,0,7,Mobile Phone,1,15,Single,4,Female,2,7,14,7,Fashion,2,4,0,4,186
51871,1,3,Phone,3,9,Single,3,Female,3,2,14,0,Laptop & Accessory,10,3,0,1,146
51872,0,12,Phone,1,8,Single,4,Female,3,11,11,10,Laptop & Accessory,2,3,0,1,146
51873,0,5,Mobile Phone,3,16,Single,3,Male,2,1,12,8,Laptop & Accessory,2,1,0,1,154
51874,1,13,Pad,3,14,Married,3,Male,2,1,14,3,Laptop & Accessory,4,3,1,0,168
51875,0,11,Mobile Phone,1,6,Single,1,Female,2,1,13,8,Laptop & Accessory,1,1,0,0,176
51876,0,3,Mobile Phone,1,6,Married,3,Female,3,1,11,7,Fashion,2,5,0,0,174
51877,0,5,Mobile Phone,1,9,Single,3,Female,2,7,15,,Fashion,4,1,0,6,212
51878,0,23,Mobile Phone,3,20,Single,3,Male,2,1,12,7,Laptop & Accessory,3,5,0,1,150
51879,0,13,Pad,3,11,Married,4,Male,2,1,21,12,Fashion,6,5,1,0,205
51880,0,26,Mobile Phone,1,13,Married,1,Male,2,,19,3,Grocery,4,3,0,0,248
51881,0,14,Mobile Phone,2,16,Married,4,Male,3,12,15,6,Others,4,1,0,,291
51882,0,33,Mobile Phone,3,22,Single,3,Male,2,2,14,2,Laptop & Accessory,9,5,0,2,154
51883,0,3,Pad,1,16,Married,3,Male,2,1,21,7,Fashion,2,5,0,0,188
51884,0,14,Mobile Phone,2,6,Married,4,Male,2,2,12,10,Others,2,3,0,,292
51885,0,23,Phone,3,14,Married,3,Male,2,2,15,2,Mobile Phone,8,4,0,0,139
51886,1,,Phone,1,6,Single,5,Female,3,3,13,7,Household,8,4,1,1,122
51887,0,9,Pad,1,14,Married,1,Female,3,1,14,,Fashion,10,5,0,0,217
51888,0,11,Mobile Phone,1,6,Single,3,Female,2,1,14,0,Fashion,5,3,1,0,179
51889,0,17,Pad,1,30,Single,5,Male,2,1,14,4,Mobile Phone,3,3,0,0,137
51890,0,23,Pad,3,9,Married,3,Female,2,,12,13,Grocery,10,3,1,1,238
51891,0,3,Mobile Phone,3,33,Married,3,Male,3,7,23,7,Laptop & Accessory,8,1,0,2,153
51892,0,2,Phone,3,,Single,3,Male,3,1,11,0,Household,2,3,0,1,126
51893,1,5,Pad,1,25,Married,1,Male,,2,12,2,Household,7,3,1,0,128
51894,0,16,Pad,3,21,Married,4,Male,2,2,18,2,Laptop & Accessory,4,1,0,1,168
51895,0,7,Mobile Phone,1,14,Single,3,Female,3,4,11,3,Laptop & Accessory,4,3,0,0,161
51896,0,3,Phone,1,,Married,3,Male,2,1,14,2,Household,2,5,0,1,125
51897,0,12,Mobile Phone,2,9,Married,1,Female,2,3,15,6,Laptop & Accessory,10,4,0,0,164
51898,0,29,Mobile Phone,1,15,Married,3,Male,2,1,11,,Grocery,8,1,0,0,211
51899,0,13,Phone,1,,Single,4,Female,2,2,20,3,Household,1,1,1,0,123
51900,0,3,Mobile Phone,1,13,Single,4,Female,2,1,19,7,Laptop & Accessory,9,5,0,1,168
51901,0,,Phone,3,16,Married,3,Male,2,2,14,2,Household,2,4,0,2,123
51902,0,26,Phone,1,,Single,3,Male,2,2,17,2,Laptop & Accessory,3,1,0,2,125
51903,0,8,Pad,1,8,Married,3,Female,3,1,11,0,Laptop & Accessory,3,5,0,1,151
51904,0,5,Pad,1,30,Married,3,Male,3,4,15,7,Laptop & Accessory,2,1,0,1,153
51905,0,11,Phone,1,8,Married,3,Male,,1,13,1,Household,7,3,1,0,131
51906,0,7,Mobile Phone,1,14,Married,3,Female,2,1,14,0,Laptop & Accessory,4,5,0,1,151
51907,0,25,Mobile Phone,3,9,Married,4,Male,2,1,11,16,Grocery,2,5,0,,269
51908,1,3,Phone,1,6,Single,3,Male,,7,13,8,Household,2,1,1,6,127
51909,0,3,Mobile Phone,3,32,Single,3,Female,2,1,23,4,Laptop & Accessory,2,1,0,0,162
51910,0,18,Mobile Phone,3,8,Single,5,Male,2,3,13,1,Laptop & Accessory,1,3,0,1,166
51911,0,3,Phone,1,16,Single,1,Male,3,1,18,2,Household,2,3,0,0,135
51912,1,13,Pad,3,33,Single,1,Female,3,1,12,3,Laptop & Accessory,5,3,1,0,164
51913,0,7,Mobile Phone,3,8,Single,3,Male,2,1,22,4,Laptop & Accessory,2,1,0,0,163
51914,1,18,Mobile Phone,1,8,Married,3,Male,3,1,,4,Others,6,5,1,1,299
51915,0,9,Pad,3,14,Single,4,Male,3,1,15,9,Fashion,2,5,0,0,176
51916,0,25,Pad,1,25,Married,3,Male,2,1,18,2,Mobile Phone,1,1,0,1,143
51917,0,3,Pad,1,6,Married,5,Female,3,2,14,0,Mobile Phone,4,1,0,2,144
51918,0,2,Phone,1,33,Married,3,Female,3,1,12,1,Laptop & Accessory,5,3,0,0,143
51919,1,3,Mobile Phone,3,14,Single,4,Male,2,1,17,2,Laptop & Accessory,7,5,0,0,153
51920,0,7,Phone,1,6,Single,1,Female,3,1,16,3,Household,3,1,0,1,133
51921,0,27,Mobile Phone,1,25,Married,3,Female,3,1,11,4,Laptop & Accessory,10,5,1,0,155
51922,0,3,Pad,3,14,Married,3,Male,2,1,19,1,Laptop & Accessory,1,1,0,1,143
51923,0,13,Phone,1,16,Married,3,Female,,4,13,3,Household,1,5,1,4,128
51924,0,11,Pad,1,8,Single,1,Female,3,4,12,12,Laptop & Accessory,7,5,1,0,160
51925,0,7,Phone,1,8,Single,4,Female,2,1,11,3,Mobile Phone,2,5,0,1,144
51926,0,8,Phone,3,,Married,3,Female,3,1,16,2,Household,2,1,0,1,126
51927,0,3,Phone,1,6,Married,5,Male,2,1,21,2,Mobile Phone,4,3,0,1,138
51928,0,13,Pad,1,8,Married,1,Female,2,3,24,7,Laptop & Accessory,2,4,0,0,142
51929,0,7,Mobile Phone,3,14,Married,3,Female,3,1,17,2,Laptop & Accessory,6,5,0,1,165
51930,0,15,Pad,1,14,Married,3,Male,3,14,13,9,Others,2,1,0,,284
51931,1,,Mobile Phone,1,12,Married,1,Male,3,1,21,0,Mobile Phone,2,5,1,0,116
51932,0,3,Pad,1,15,Married,4,Male,,1,11,0,Household,2,4,0,0,127
51933,0,25,Phone,1,17,Married,3,Female,,1,20,4,Laptop & Accessory,9,3,0,1,131
51934,0,23,Mobile Phone,1,8,Married,3,Male,3,1,16,3,Grocery,6,3,0,,276
51935,1,3,Phone,1,,Married,4,Female,2,1,11,0,Household,2,5,1,0,123
51936,0,6,Mobile Phone,1,13,Married,3,Male,2,3,11,,Fashion,1,3,0,1,217
51937,1,3,Mobile Phone,3,22,Single,3,Female,3,1,15,2,Laptop & Accessory,6,5,0,1,153
51938,0,23,Mobile Phone,1,8,Married,3,Female,2,3,11,0,Grocery,2,1,1,,268
51939,0,9,Mobile Phone,1,6,Married,3,Female,2,1,15,5,Laptop & Accessory,1,4,0,1,152
51940,0,2,Phone,1,29,Married,1,Male,,1,24,7,Household,2,3,0,1,127
51941,1,23,Mobile Phone,1,8,Single,3,Male,2,13,,8,Others,8,4,1,7,292
51942,0,8,Phone,1,,Single,1,Female,2,2,13,2,Household,4,3,0,2,125
51943,0,15,Mobile Phone,1,6,Married,4,Female,2,1,13,2,Laptop & Accessory,10,1,1,0,161
51944,1,3,Phone,1,8,Single,3,Male,2,2,17,1,Mobile Phone,7,3,0,2,144
51945,0,,Phone,2,19,Married,3,Male,2,1,13,4,Household,5,4,0,1,121
51946,0,5,Mobile Phone,1,10,Married,4,Female,3,6,12,8,Laptop & Accessory,2,3,0,5,162
51947,0,13,Pad,1,22,Single,4,Male,2,1,14,0,Laptop & Accessory,7,3,0,0,151
51948,0,3,Mobile Phone,1,8,Single,4,Female,2,1,24,0,Laptop & Accessory,6,1,1,1,169
51949,0,,Phone,1,8,Single,4,Female,3,1,14,0,Household,2,3,0,1,123
51950,0,15,Phone,1,35,Married,3,Male,3,7,13,8,Laptop & Accessory,2,4,0,5,144
51951,0,11,Pad,1,18,Married,4,Male,0,1,15,2,Laptop & Accessory,3,5,0,1,163
51952,0,7,Pad,1,,Single,4,Female,3,1,16,3,Household,2,1,0,1,126
51953,1,12,Mobile Phone,3,17,Married,3,Female,2,7,18,7,Fashion,2,1,0,0,177
51954,1,18,Mobile Phone,3,8,Single,3,Male,2,7,16,3,Laptop & Accessory,5,1,0,1,152
51955,0,16,Mobile Phone,1,20,Married,3,Male,3,1,24,0,Grocery,7,5,0,,272
51956,0,3,Mobile Phone,1,11,Married,4,Male,2,1,16,,Fashion,2,1,1,1,228
51957,0,8,Mobile Phone,1,13,Single,3,Male,2,1,21,6,Fashion,4,3,0,0,202
51958,0,1,Phone,3,8,Married,3,Female,2,7,20,5,Laptop & Accessory,2,4,1,6,148
51959,0,7,Phone,2,9,Married,3,Male,2,1,19,2,Mobile Phone,1,1,0,1,137
51960,1,3,Pad,1,,Married,4,Female,2,1,14,7,Household,2,3,1,0,124
51961,0,,Pad,1,9,Married,3,Male,2,1,11,0,Mobile Phone,2,1,0,0,117
51962,0,24,Mobile Phone,3,32,Married,3,Female,3,4,14,17,Grocery,3,3,0,,263
51963,0,17,Mobile Phone,1,10,Single,3,Male,2,2,12,3,Laptop & Accessory,10,4,0,1,159
51964,0,3,Phone,1,8,Single,1,Male,3,1,13,1,Household,8,5,0,0,134
51965,0,6,Phone,3,6,Married,1,Male,2,1,22,8,Laptop & Accessory,2,5,0,0,140
51966,0,8,Phone,1,,Single,4,Female,2,1,11,1,Household,2,5,0,0,126
51967,0,9,Mobile Phone,3,6,Married,3,Male,2,4,14,11,Laptop & Accessory,2,1,1,3,162
51968,0,5,Phone,3,19,Married,3,Male,3,1,11,3,Laptop & Accessory,3,1,0,0,144
51969,0,3,Pad,1,11,Married,4,Male,3,1,12,3,Mobile Phone,10,1,0,0,138
51970,0,26,Mobile Phone,3,13,Married,4,Female,3,1,18,,Fashion,8,1,1,0,209
51971,0,18,Mobile Phone,3,15,Married,3,Male,3,1,12,2,Fashion,5,5,1,0,208
51972,0,5,Mobile Phone,1,14,Married,1,Female,3,1,12,3,Laptop & Accessory,6,3,0,1,152
51973,0,25,Pad,1,31,Married,4,Female,2,,22,0,Grocery,4,1,0,0,238
51974,0,13,Mobile Phone,3,22,Married,4,Male,3,1,19,0,Laptop & Accessory,5,3,0,1,163
51975,0,1,Phone,2,14,Married,4,Male,3,1,13,4,Mobile Phone,2,1,0,1,149
51976,0,3,Phone,1,6,Married,4,Male,2,2,22,2,Laptop & Accessory,7,1,0,2,148
51977,0,17,Phone,1,14,Married,1,Male,,1,24,2,Household,3,1,1,1,128
51978,0,15,Pad,1,,Single,3,Male,2,2,14,2,Household,6,1,1,1,125
51979,0,9,Phone,2,,Married,4,Male,3,1,21,3,Household,1,5,0,0,123
51980,0,3,Phone,3,9,Married,3,Male,3,1,18,3,Laptop & Accessory,2,5,1,0,142
51981,0,8,Mobile Phone,1,15,Married,4,Female,3,5,20,15,Fashion,2,3,1,3,207
51982,1,,Pad,1,31,Married,3,Female,3,7,19,8,Household,2,4,1,6,120
51983,0,5,Pad,1,6,Married,3,Male,3,1,12,2,Household,1,1,0,1,123
51984,0,3,Phone,3,10,Married,4,Male,2,1,12,3,Laptop & Accessory,2,5,0,1,143
51985,0,22,Phone,1,6,Married,3,Female,2,1,16,2,Mobile Phone,3,5,0,0,136
51986,0,3,Pad,1,10,Married,4,Male,2,3,17,4,Household,1,1,0,0,132
51987,0,5,Pad,3,11,Married,3,Male,2,5,14,3,Laptop & Accessory,2,4,0,2,165
51988,0,11,Phone,3,15,Married,4,Male,,1,19,2,Household,1,4,0,0,129
51989,0,15,Mobile Phone,1,9,Married,1,Female,3,1,13,3,Laptop & Accessory,3,1,1,1,152
51990,0,4,Phone,1,,Married,3,Male,2,1,19,2,Household,4,1,1,0,124
51991,1,3,Phone,3,6,Married,4,Female,,1,19,2,Household,7,3,1,1,128
51992,0,26,Mobile Phone,3,14,Married,3,Male,3,2,14,,Grocery,6,1,0,2,218
51993,0,8,Mobile Phone,1,31,Married,4,Male,3,4,16,8,Fashion,4,4,0,2,209
51994,0,13,Pad,3,27,Married,3,Female,,1,15,0,Household,6,1,0,1,130
51995,0,26,Mobile Phone,1,29,Single,3,Female,3,,18,8,Grocery,7,1,0,3,243
51996,0,16,Pad,1,6,Married,3,Female,2,2,13,2,Laptop & Accessory,5,1,0,1,156
51997,0,23,Phone,3,8,Married,3,Female,2,7,22,7,Laptop & Accessory,1,1,1,3,145
51998,0,13,Pad,3,25,Single,3,Male,2,1,13,9,Fashion,2,4,1,0,176
51999,0,23,Pad,1,8,Married,3,Male,3,14,11,7,Grocery,2,5,0,,279
52000,0,12,Mobile Phone,2,8,Married,4,Female,2,1,11,4,Laptop & Accessory,9,1,0,1,152
52001,0,,Phone,2,9,Married,3,Male,2,1,11,3,Household,4,4,1,0,123
52002,1,3,Phone,1,31,Single,3,Male,,1,24,1,Household,2,1,1,0,128
52003,0,2,Phone,1,,Married,4,Female,3,1,14,3,Household,7,1,0,1,125
52004,0,17,Phone,1,,Married,3,Male,3,7,13,1,Household,2,5,1,5,126
52005,0,1,Phone,3,11,Single,3,Male,3,1,14,2,Laptop & Accessory,2,1,0,0,149
52006,1,23,Pad,1,,Married,4,Male,2,1,14,0,Household,10,1,1,1,124
52007,0,16,Phone,1,14,Married,3,Female,2,1,21,0,Laptop & Accessory,5,4,0,1,148
52008,1,,Phone,3,8,Single,4,Female,2,1,13,2,Household,2,3,0,1,120
52009,1,3,Phone,1,24,Single,3,Female,,1,19,0,Household,2,1,0,1,127
52010,0,9,Mobile Phone,1,20,Married,3,Male,3,4,17,11,Laptop & Accessory,1,1,1,2,166
52011,0,23,Phone,3,8,Single,4,Female,3,1,18,2,Household,2,1,1,0,133
52012,1,3,Phone,1,9,Married,3,Female,2,1,19,2,Laptop & Accessory,1,3,1,1,142
52013,1,4,Phone,1,8,Married,5,Female,,1,13,0,Household,5,1,1,0,128
52014,0,1,Phone,1,,Married,3,Female,3,2,18,2,Household,6,3,0,0,124
52015,1,2,Phone,1,,Married,3,Male,3,2,21,2,Household,8,5,1,1,124
52016,0,3,Phone,1,,Single,3,Female,3,1,19,0,Household,2,3,0,0,123
52017,0,,Mobile Phone,1,16,Married,3,Male,2,1,14,0,Household,2,4,0,1,120
52018,0,15,Mobile Phone,3,20,Single,4,Female,3,1,17,3,Laptop & Accessory,8,3,0,1,162
52019,0,6,Phone,1,6,Single,4,Male,,1,11,2,Household,4,5,1,1,128
52020,0,33,Mobile Phone,1,11,Married,4,Female,2,1,13,4,Fashion,3,4,1,1,206
52021,0,4,Phone,3,,Married,4,Male,2,5,15,2,Household,4,3,0,2,123
52022,0,8,Phone,1,27,Married,3,Female,2,1,25,7,Laptop & Accessory,2,1,1,0,140
52023,0,22,Mobile Phone,1,14,Married,3,Female,2,1,11,7,Fashion,5,4,0,0,174
52024,0,,Phone,1,26,Married,3,Male,2,1,17,0,Household,5,3,0,1,123
52025,0,4,Pad,3,26,Married,3,Female,2,1,13,0,Laptop & Accessory,2,3,0,1,169
52026,0,9,Phone,1,13,Single,3,Male,3,1,18,1,Mobile Phone,3,1,0,1,147
52027,0,11,Mobile Phone,1,6,Married,3,Female,3,,13,11,Fashion,2,5,0,4,236
52028,0,5,Pad,1,,Married,4,Female,3,1,20,2,Household,7,4,0,0,123
52029,1,3,Phone,3,,Married,4,Male,2,1,18,0,Household,2,4,1,0,124
52030,0,13,Mobile Phone,3,16,Married,4,Male,3,1,12,0,Fashion,3,4,0,0,197
52031,0,3,Pad,3,6,Single,4,Male,2,1,12,7,Laptop & Accessory,2,5,0,0,143
52032,0,14,Phone,1,12,Single,3,Male,2,2,13,17,Mobile Phone,3,5,1,1,147
52033,0,9,Phone,1,,Single,3,Male,3,3,21,9,Household,5,3,0,1,125
52034,1,,Phone,3,27,Single,4,Male,2,1,13,0,Household,2,4,1,1,121
52035,1,3,Phone,1,10,Single,3,Male,,1,19,0,Household,2,5,0,1,130
52036,0,4,Mobile Phone,1,18,Married,3,Female,2,8,11,5,Laptop & Accessory,1,1,1,6,159
52037,0,13,Pad,1,15,Married,3,Male,2,1,14,0,Mobile Phone,9,4,1,0,136
52038,0,5,Mobile Phone,1,9,Married,3,Female,3,6,12,3,Laptop & Accessory,2,5,0,1,167
52039,1,3,Mobile Phone,3,9,Married,4,Male,2,3,11,7,Fashion,2,1,1,3,203
52040,0,6,Mobile Phone,1,6,Single,4,Female,2,1,14,4,Laptop & Accessory,1,1,0,1,169
52041,1,3,Mobile Phone,3,6,Married,4,Male,2,11,11,46,Fashion,6,3,0,5,206
52042,0,18,Pad,1,10,Married,3,Male,2,1,12,8,Laptop & Accessory,2,4,0,1,144
52043,0,,Pad,3,26,Married,3,Female,2,1,15,2,Household,2,1,0,0,122
52044,0,8,Phone,3,24,Married,3,Female,2,1,16,0,Laptop & Accessory,2,3,0,1,146
52045,0,25,Mobile Phone,1,6,Married,3,Male,3,7,15,8,Grocery,3,1,0,,271
52046,1,23,Phone,1,,Single,3,Male,2,1,24,0,Household,5,3,0,0,125
52047,0,26,Mobile Phone,3,8,Married,3,Male,2,,13,2,Grocery,7,3,0,11,249
52048,0,3,Mobile Phone,3,14,Married,3,Male,3,7,11,7,Fashion,6,3,0,2,173
52049,0,11,Pad,3,16,Single,3,Female,2,1,13,3,Laptop & Accessory,2,1,1,1,157
52050,0,8,Mobile Phone,3,9,Married,3,Male,3,1,13,8,Fashion,7,1,0,0,178
52051,0,12,Mobile Phone,3,8,Single,1,Male,2,1,18,7,Fashion,1,3,0,0,179
52052,1,3,Pad,3,30,Single,1,Female,3,,16,0,Grocery,5,4,1,1,232
52053,0,23,Pad,1,22,Married,1,Male,3,2,19,7,Laptop & Accessory,2,3,1,1,151
52054,0,9,Pad,3,14,Married,3,Male,2,1,13,7,Laptop & Accessory,5,1,0,1,151
52055,1,3,Pad,1,,Single,4,Male,2,1,22,2,Household,1,5,1,0,123
52056,0,6,Pad,3,23,Single,3,Male,2,6,11,0,Grocery,2,3,0,,274
52057,1,3,Phone,1,,Single,4,Female,3,1,20,0,Household,7,5,1,1,124
52058,0,6,Phone,1,19,Single,3,Female,2,1,18,2,Household,4,1,0,1,135
52059,0,,Phone,1,6,Married,3,Female,3,1,14,2,Household,4,1,0,1,123
52060,0,23,Mobile Phone,1,6,Married,3,Male,3,1,22,3,Grocery,10,1,0,,274
52061,0,6,Pad,1,6,Married,1,Female,2,1,13,2,Laptop & Accessory,2,4,1,1,155
52062,0,14,Pad,1,15,Married,3,Male,3,1,,11,Others,3,3,0,0,294
52063,0,3,Phone,1,22,Married,3,Female,,2,14,2,Household,10,4,0,2,128
52064,0,18,Pad,1,29,Married,3,Male,2,1,15,8,Laptop & Accessory,2,5,1,1,136
52065,0,23,Phone,3,10,Single,3,Female,2,1,17,7,Laptop & Accessory,2,1,1,1,142
52066,1,,Phone,1,28,Married,3,Female,2,1,11,1,Household,5,3,1,0,121
52067,0,23,Mobile Phone,1,30,Married,3,Male,3,,18,5,Grocery,4,3,1,1,240
52068,0,11,Pad,1,16,Married,3,Male,,1,17,2,Household,1,3,0,0,127
52069,0,19,Mobile Phone,1,13,Married,3,Male,3,1,13,7,Fashion,7,3,0,1,208
52070,0,3,Phone,1,23,Married,4,Female,2,3,15,2,Laptop & Accessory,2,3,0,0,144
52071,1,3,Phone,1,20,Married,4,Male,2,1,24,2,Mobile Phone,2,4,1,1,137
52072,0,4,Pad,1,6,Married,3,Female,3,1,12,3,Laptop & Accessory,2,5,0,1,141
52073,0,3,Pad,1,11,Single,3,Male,3,1,15,0,Mobile Phone,2,1,0,0,111
52074,0,27,Mobile Phone,1,23,Married,3,Female,2,1,11,8,Fashion,9,3,0,0,207
52075,0,8,Mobile Phone,1,31,Married,3,Female,2,10,11,1,Fashion,2,3,1,0,204
52076,0,3,Mobile Phone,1,14,Married,1,Female,3,1,12,,Fashion,1,5,1,0,214
52077,1,3,Phone,1,,Single,4,Female,3,1,15,0,Household,2,5,1,1,126
52078,1,3,Pad,1,,Single,3,Female,2,1,17,2,Household,1,4,0,0,124
52079,0,3,Mobile Phone,1,8,Married,1,Male,2,1,12,3,Laptop & Accessory,2,1,0,1,155
52080,0,3,Phone,1,,Married,5,Male,3,1,15,1,Household,2,5,0,0,125
52081,0,21,Phone,1,12,Single,4,Male,3,2,13,2,Laptop & Accessory,3,3,0,0,142
52082,0,21,Mobile Phone,1,10,Single,4,Male,3,4,14,,Fashion,8,3,0,1,210
52083,0,14,Mobile Phone,1,13,Single,3,Female,2,2,14,1,Laptop & Accessory,7,3,0,2,150
52084,0,12,Mobile Phone,1,6,Married,4,Female,3,11,16,,Grocery,2,1,0,9,227
52085,0,3,Phone,1,8,Married,3,Female,2,2,18,2,Laptop & Accessory,1,1,0,2,142
52086,0,8,Phone,1,16,Married,3,Male,2,1,20,2,Mobile Phone,2,1,0,0,139
52087,0,3,Mobile Phone,3,11,Married,3,Male,2,1,13,0,Others,7,3,0,,283
52088,0,23,Phone,1,,Married,3,Male,3,1,18,0,Household,5,1,0,1,124
52089,0,33,Mobile Phone,1,8,Single,4,Female,3,,13,3,Grocery,4,1,1,4,237
52090,1,3,Phone,1,17,Married,5,Female,3,1,15,0,Laptop & Accessory,6,4,0,1,148
52091,0,28,Pad,1,24,Married,3,Male,3,6,14,7,Laptop & Accessory,4,4,1,2,164
52092,0,14,Pad,1,13,Married,5,Female,2,5,,10,Others,2,3,0,5,300
52093,0,11,Mobile Phone,3,9,Single,3,Male,2,1,12,0,Laptop & Accessory,9,1,1,1,169
52094,1,3,Pad,3,35,Single,5,Male,3,2,18,2,Laptop & Accessory,9,5,0,1,150
52095,1,15,Mobile Phone,3,8,Married,5,Female,2,6,,9,Others,2,1,0,3,298
52096,0,17,Mobile Phone,3,34,Married,1,Female,2,,18,11,Grocery,4,1,1,4,233
52097,0,23,Pad,3,6,Married,3,Female,3,1,12,13,Laptop & Accessory,1,3,0,0,163
52098,1,3,Phone,1,22,Single,1,Female,,15,16,14,Household,2,5,0,3,127
52099,0,12,Pad,1,28,Single,3,Female,2,2,13,8,Fashion,2,5,1,1,209
52100,0,6,Pad,3,,Single,4,Female,2,2,19,2,Household,1,1,0,0,123
52101,0,18,Mobile Phone,3,17,Married,3,Female,2,1,13,1,Grocery,4,1,0,,277
52102,0,5,Pad,1,35,Single,3,Female,3,7,12,7,Mobile Phone,10,3,0,6,140
52103,0,7,Mobile Phone,3,6,Married,1,Male,3,1,11,9,Laptop & Accessory,1,1,0,0,197
52104,0,33,Mobile Phone,3,6,Married,3,Male,3,1,14,,Fashion,4,1,1,1,219
52105,0,,Phone,2,30,Single,3,Male,2,1,16,4,Household,2,4,0,0,122
52106,0,26,Pad,3,8,Married,4,Female,2,6,12,12,Fashion,3,4,0,5,175
52107,1,3,Phone,1,21,Married,3,Male,2,1,14,0,Laptop & Accessory,8,3,0,0,148
52108,1,,Pad,1,8,Married,3,Male,2,1,14,2,Household,7,5,1,0,120
52109,0,,Phone,3,16,Married,3,Female,2,1,19,0,Household,2,3,1,0,122
52110,0,1,Mobile Phone,3,16,Married,3,Male,3,1,22,0,Mobile Phone,2,4,0,0,111
52111,0,11,Pad,1,9,Married,3,Male,,2,16,2,Household,4,3,0,2,128
52112,0,23,Mobile Phone,1,8,Married,3,Male,3,7,,7,Others,3,3,1,4,292
52113,0,13,Phone,1,9,Single,3,Female,2,1,15,1,Laptop & Accessory,4,4,0,1,141
52114,0,13,Mobile Phone,3,32,Married,3,Male,3,7,14,5,Laptop & Accessory,2,5,0,3,184
52115,0,,Pad,1,6,Married,4,Female,3,1,13,3,Household,2,3,0,0,120
52116,0,19,Mobile Phone,1,6,Married,3,Male,2,2,,2,Others,10,1,0,1,296
52117,0,27,Mobile Phone,3,8,Married,4,Female,2,7,11,0,Fashion,7,3,0,6,207
52118,0,29,Pad,1,15,Married,3,Female,,1,19,3,Household,3,3,0,1,129
52119,0,9,Mobile Phone,1,18,Single,4,Female,2,7,11,8,Fashion,1,1,0,5,189
52120,0,28,Pad,1,8,Single,4,Male,2,6,15,2,Grocery,8,5,0,,268
52121,0,16,Mobile Phone,3,31,Married,4,Male,3,1,13,0,Fashion,6,1,0,1,208
52122,1,3,Pad,3,,Single,3,Female,2,1,14,2,Household,2,1,1,1,123
52123,1,,Mobile Phone,1,16,Single,4,Female,2,1,13,0,Mobile Phone,2,5,0,0,114
52124,0,19,Phone,1,14,Married,4,Female,3,1,23,7,Laptop & Accessory,9,5,1,1,146
52125,1,14,Phone,1,,Married,3,Male,2,2,12,7,Household,10,3,1,0,125
52126,1,3,Pad,1,30,Single,4,Male,3,1,12,9,Fashion,2,5,0,1,187
52127,0,3,Phone,1,6,Married,4,Male,2,1,16,3,Mobile Phone,2,5,0,1,140
52128,0,3,Mobile Phone,1,26,Married,3,Male,2,1,15,2,Laptop & Accessory,1,5,0,0,200
52129,0,14,Phone,1,13,Married,1,Female,2,1,13,8,Household,2,3,0,0,134
52130,0,11,Mobile Phone,1,23,Married,4,Female,3,1,18,9,Fashion,1,3,0,1,188
52131,0,13,Mobile Phone,1,26,Married,3,Male,3,11,20,1,Fashion,5,1,0,3,203
52132,0,3,Pad,1,14,Married,5,Male,2,1,19,2,Mobile Phone,2,3,0,1,146
52133,0,28,Pad,1,8,Married,3,Male,3,1,18,,Fashion,4,4,0,0,210
52134,0,1,Phone,1,16,Single,3,Female,2,1,13,7,Laptop & Accessory,4,3,0,0,137
52135,1,7,Mobile Phone,2,6,Married,4,Male,3,3,14,6,Fashion,10,5,0,2,205
52136,0,6,Mobile Phone,1,11,Married,4,Male,2,1,15,2,Fashion,5,1,0,1,171
52137,1,3,Mobile Phone,3,10,Single,3,Male,2,4,22,7,Fashion,1,5,1,2,196
52138,1,3,Pad,1,35,Single,4,Female,2,3,22,8,Laptop & Accessory,2,3,0,2,145
52139,0,,Phone,1,21,Married,3,Male,2,2,16,2,Household,2,3,0,0,122
52140,0,7,Pad,1,9,Single,3,Male,2,1,17,4,Laptop & Accessory,1,1,0,1,178
52141,0,13,Mobile Phone,3,16,Married,4,Female,2,1,14,0,Laptop & Accessory,3,1,1,1,167
52142,1,3,Phone,1,10,Married,3,Male,2,5,15,6,Mobile Phone,2,1,1,4,137
52143,1,3,Phone,1,,Married,3,Male,2,1,20,0,Household,2,3,0,1,124
52144,1,3,Phone,1,31,Single,4,Male,2,2,20,2,Household,5,4,1,1,123
52145,0,15,Mobile Phone,1,8,Married,3,Male,2,13,17,7,Grocery,1,5,0,,277
52146,1,3,Pad,1,,Married,4,Male,2,1,15,0,Household,2,4,0,1,126
52147,1,13,Pad,3,6,Single,3,Male,2,1,14,0,Laptop & Accessory,4,3,1,1,147
52148,0,6,Pad,3,13,Married,3,Female,1,1,17,2,Laptop & Accessory,1,4,0,0,143
52149,0,7,Pad,1,9,Married,4,Male,,1,17,0,Household,4,1,0,0,130
52150,0,21,Pad,1,6,Single,1,Male,2,2,22,1,Grocery,3,1,0,,269
52151,0,18,Pad,3,15,Married,4,Female,3,4,13,12,Laptop & Accessory,2,3,0,4,156
52152,0,25,Mobile Phone,1,5,Single,3,Male,2,4,19,0,Fashion,8,4,0,2,204
52153,0,11,Mobile Phone,3,16,Married,4,Male,3,2,14,7,Fashion,1,3,1,1,187
52154,0,2,Phone,1,,Married,3,Female,3,1,22,7,Household,5,1,0,1,125
52155,0,1,Mobile Phone,1,9,Married,3,Female,3,1,17,7,Fashion,1,4,0,0,177
52156,0,19,Mobile Phone,3,9,Married,3,Male,2,4,12,9,Grocery,4,3,0,,275
52157,0,11,Mobile Phone,3,8,Single,3,Male,2,1,16,0,Fashion,8,4,0,1,174
52158,0,16,Pad,1,33,Married,3,Female,2,1,11,1,Fashion,9,5,0,1,208
52159,1,2,Pad,1,8,Married,3,Male,2,11,11,,Grocery,8,1,0,10,222
52160,0,13,Mobile Phone,1,20,Single,4,Male,2,4,,9,Others,2,3,0,3,296
52161,0,,Phone,1,6,Single,4,Female,3,2,11,2,Household,2,4,1,1,121
52162,0,12,Pad,1,15,Single,3,Male,3,1,15,3,Laptop & Accessory,10,4,0,1,168
52163,0,9,Pad,1,24,Single,3,Male,3,1,20,9,Laptop & Accessory,3,1,0,0,178
52164,0,4,Pad,3,26,Married,1,Male,,2,12,2,Household,1,1,0,2,128
52165,0,1,Phone,1,8,Married,4,Male,3,1,17,4,Household,1,4,0,0,132
52166,0,8,Pad,3,17,Married,3,Male,2,1,11,2,Laptop & Accessory,2,1,0,1,150
52167,0,22,Mobile Phone,3,14,Married,4,Male,2,2,17,,Grocery,7,4,0,1,231
52168,0,7,Pad,1,8,Single,3,Male,3,1,11,2,Laptop & Accessory,3,3,0,1,140
52169,0,2,Pad,1,16,Married,3,Female,3,1,14,1,Household,1,4,0,0,133
52170,0,15,Phone,1,35,Single,5,Male,2,1,19,0,Laptop & Accessory,5,1,0,1,143
52171,0,2,Mobile Phone,1,14,Married,4,Male,3,1,15,2,Laptop & Accessory,2,1,1,1,151
52172,0,11,Phone,2,6,Married,1,Male,,5,13,0,Household,2,3,0,3,128
52173,0,1,Pad,1,12,Married,4,Male,,1,14,2,Household,2,3,1,1,127
52174,1,,Pad,1,14,Single,3,Male,3,1,12,0,Household,2,3,0,1,119
52175,1,3,Mobile Phone,3,15,Single,3,Female,3,1,17,3,Laptop & Accessory,4,5,1,0,182
52176,0,14,Phone,1,18,Married,3,Male,2,1,11,0,Mobile Phone,4,1,1,1,148
52177,1,3,Pad,1,,Married,3,Male,3,2,12,2,Household,2,3,0,1,126
52178,0,13,Mobile Phone,1,31,Married,4,Female,2,1,13,3,Laptop & Accessory,8,1,0,1,157
52179,0,3,Phone,1,,Married,4,Male,2,2,13,2,Household,2,3,0,1,125
52180,0,7,Mobile Phone,3,15,Married,3,Female,3,1,20,3,Laptop & Accessory,2,3,0,0,157
52181,0,8,Phone,2,14,Single,3,Male,3,1,17,4,Mobile Phone,2,3,0,0,143
52182,1,3,Mobile Phone,3,29,Married,4,Female,2,3,13,10,Fashion,2,5,0,1,173
52183,0,13,Pad,1,15,Single,3,Female,2,,17,13,Fashion,10,3,0,1,235
52184,1,5,Pad,3,18,Single,3,Male,2,,12,14,Grocery,1,5,1,2,238
52185,0,15,Mobile Phone,3,10,Single,3,Male,2,1,13,5,Laptop & Accessory,8,5,0,1,152
52186,0,,Phone,1,6,Married,4,Male,2,1,12,7,Household,7,3,0,1,123
52187,0,3,Phone,1,30,Single,3,Male,2,1,22,2,Mobile Phone,9,4,0,0,136
52188,1,3,Phone,1,,Married,3,Female,3,1,11,0,Household,2,1,1,1,125
52189,0,3,Phone,1,9,Married,1,Male,2,1,22,7,Mobile Phone,2,1,0,1,144
52190,0,3,Mobile Phone,3,16,Married,4,Male,3,1,18,4,Laptop & Accessory,2,3,0,0,166
52191,0,13,Pad,1,32,Married,4,Female,3,1,13,0,Laptop & Accessory,4,1,1,0,144
52192,0,8,Mobile Phone,1,8,Married,4,Male,2,6,18,4,Fashion,3,4,0,2,203
52193,0,7,Pad,1,7,Single,4,Male,3,4,20,9,Laptop & Accessory,1,5,0,0,153
52194,0,8,Pad,1,,Married,4,Male,2,2,13,2,Household,2,1,0,1,124
52195,1,6,Mobile Phone,3,15,Single,5,Female,2,1,13,3,Laptop & Accessory,9,3,0,0,153
52196,0,5,Pad,3,8,Married,3,Female,,1,12,0,Household,2,5,0,1,128
52197,0,29,Mobile Phone,1,10,Married,3,Female,3,4,,2,Others,5,5,0,4,299
52198,0,2,Phone,1,12,Married,3,Female,,1,13,8,Household,2,1,0,0,131
52199,0,3,Phone,1,,Single,3,Male,2,1,25,0,Household,2,5,0,0,126
52200,0,18,Phone,1,13,Married,3,Female,2,1,19,2,Mobile Phone,5,3,1,0,145
52201,0,13,Mobile Phone,1,7,Married,4,Female,2,3,13,11,Laptop & Accessory,2,1,0,0,165
52202,0,3,Phone,1,5,Single,4,Male,,1,12,2,Household,2,3,0,0,130
52203,1,7,Phone,1,16,Single,3,Male,,1,11,2,Household,2,3,1,1,129
52204,0,26,Mobile Phone,1,13,Married,3,Female,2,4,18,7,Others,4,3,0,,286
52205,0,,Phone,1,21,Married,5,Female,3,1,18,3,Household,1,1,1,1,122
52206,1,3,Pad,1,9,Married,4,Male,,1,11,0,Household,1,1,1,0,129
52207,0,19,Mobile Phone,3,8,Married,3,Female,3,15,23,9,Grocery,9,5,0,,270
52208,0,,Pad,1,23,Single,5,Male,3,1,13,0,Household,3,3,0,1,123
52209,0,6,Phone,2,8,Married,3,Male,3,1,13,4,Mobile Phone,2,3,0,1,136
52210,1,,Pad,1,11,Married,4,Male,3,1,17,0,Household,7,5,0,0,121
52211,0,3,Phone,3,35,Married,3,Male,3,1,19,3,Laptop & Accessory,9,5,0,1,141
52212,0,13,Pad,3,8,Married,3,Male,3,1,12,0,Laptop & Accessory,6,4,0,1,143
52213,0,23,Pad,1,8,Married,3,Female,1,2,22,2,Grocery,3,5,0,,279
52214,0,1,Phone,1,25,Married,4,Male,3,3,12,3,Household,2,5,0,1,132
52215,0,19,Mobile Phone,1,21,Married,3,Male,2,1,11,3,Others,6,4,0,,291
52216,0,8,Mobile Phone,3,23,Married,3,Male,3,1,15,7,Laptop & Accessory,4,5,1,0,190
52217,1,,Phone,1,23,Married,3,Female,3,1,13,0,Household,2,4,0,1,122
52218,0,6,Pad,3,31,Married,3,Female,2,1,12,1,Laptop & Accessory,2,3,0,0,145
52219,0,9,Phone,1,12,Married,5,Male,,1,14,7,Household,2,3,0,1,127
52220,0,3,Phone,1,13,Married,3,Male,2,8,13,9,Laptop & Accessory,2,3,0,4,135
52221,0,17,Phone,1,35,Single,3,Male,2,13,25,17,Laptop & Accessory,2,1,0,6,145
52222,0,3,Phone,3,27,Single,1,Male,,2,17,2,Household,2,1,0,2,127
52223,0,19,Mobile Phone,1,8,Married,3,Male,2,1,11,4,Laptop & Accessory,3,1,0,0,174
52224,0,15,Pad,2,8,Married,1,Male,3,1,16,3,Laptop & Accessory,8,5,0,1,163
52225,0,33,Mobile Phone,3,13,Married,1,Male,2,1,18,9,Laptop & Accessory,1,1,1,0,152
52226,0,5,Pad,1,19,Married,4,Female,3,2,20,2,Household,2,4,0,2,134
52227,0,5,Pad,1,8,Single,3,Female,2,1,14,7,Laptop & Accessory,5,3,1,1,150
52228,0,9,Mobile Phone,1,7,Married,5,Female,3,7,21,7,Fashion,3,5,1,7,203
52229,0,6,Phone,1,15,Married,3,Male,,4,13,10,Household,1,1,0,0,128
52230,0,13,Mobile Phone,3,16,Married,4,Female,2,1,12,3,Laptop & Accessory,8,4,0,1,169
52231,0,3,Phone,3,16,Single,3,Male,2,1,14,1,Laptop & Accessory,1,1,0,1,150
52232,0,3,Phone,1,7,Married,3,Male,3,5,21,7,Mobile Phone,1,4,1,3,136
52233,0,15,Pad,1,32,Married,3,Female,2,,17,0,Fashion,4,5,1,0,232
52234,0,8,Pad,3,14,Married,4,Female,3,4,11,12,Fashion,5,1,1,3,204
52235,0,,Phone,1,20,Married,3,Male,2,6,14,8,Household,2,5,1,5,122
52236,0,27,Pad,1,7,Married,3,Female,2,1,17,4,Fashion,8,3,0,0,205
52237,0,,Mobile Phone,1,8,Married,1,Female,3,7,13,7,Household,2,1,0,1,120
52238,1,,Pad,1,16,Single,4,Female,3,1,25,0,Mobile Phone,2,4,1,0,119
52239,0,2,Phone,1,7,Married,3,Female,3,1,15,2,Mobile Phone,2,1,0,1,138
52240,0,27,Mobile Phone,1,9,Married,3,Male,2,1,14,9,Grocery,4,1,0,,278
52241,0,4,Mobile Phone,1,17,Married,3,Male,3,1,12,1,Laptop & Accessory,2,5,1,1,168
52242,0,4,Mobile Phone,1,30,Single,4,Female,3,1,19,8,Laptop & Accessory,2,5,0,1,168
52243,0,33,Mobile Phone,3,9,Single,4,Female,2,1,17,5,Laptop & Accessory,6,1,0,0,152
52244,0,16,Mobile Phone,1,9,Married,5,Male,3,1,,7,Others,4,1,0,1,297
52245,0,22,Mobile Phone,1,10,Married,4,Male,2,1,13,0,Others,3,3,0,,287
52246,0,9,Pad,1,9,Married,3,Male,2,1,12,7,Mobile Phone,2,4,0,0,137
52247,0,21,Phone,1,,Single,1,Male,3,1,11,0,Household,6,4,0,0,126
52248,0,3,Phone,1,,Married,3,Male,3,1,11,3,Household,2,3,0,1,125
52249,0,2,Mobile Phone,1,13,Married,3,Male,2,1,11,0,Laptop & Accessory,2,1,1,1,166
52250,0,21,Mobile Phone,1,7,Single,4,Male,3,1,12,0,Others,7,1,0,,283
52251,0,2,Mobile Phone,1,7,Married,4,Female,2,1,14,7,Grocery,4,1,0,,261
52252,0,7,Phone,1,,Married,1,Female,2,1,17,0,Household,1,3,0,1,126
52253,0,17,Mobile Phone,3,11,Married,3,Male,2,3,11,10,Others,8,4,0,,282
52254,0,6,Mobile Phone,3,16,Married,1,Male,2,1,14,8,Fashion,1,3,1,0,184
52255,0,3,Phone,1,31,Single,1,Female,,1,12,1,Household,2,1,1,0,130
52256,0,,Mobile Phone,1,7,Married,3,Male,2,1,22,1,Mobile Phone,2,3,0,1,112
52257,1,3,Pad,3,30,Single,5,Male,3,1,14,0,Mobile Phone,2,1,1,1,111
52258,0,3,Phone,1,10,Single,3,Male,,2,20,2,Household,2,1,1,2,129
52259,1,8,Mobile Phone,3,8,Single,5,Female,3,1,16,11,Others,3,4,1,,288
52260,0,28,Pad,1,14,Married,4,Male,2,,15,0,Grocery,2,4,1,2,236
52261,1,3,Pad,1,,Single,4,Female,2,2,20,2,Household,2,3,0,1,126
52262,0,19,Mobile Phone,3,10,Married,4,Female,2,1,14,8,Others,3,4,0,,288
52263,0,7,Phone,3,8,Single,3,Female,2,1,12,2,Laptop & Accessory,1,5,1,1,145
52264,0,24,Pad,3,15,Married,3,Male,2,11,,10,Others,5,4,1,6,298
52265,0,33,Mobile Phone,1,24,Single,3,Male,3,5,12,4,Fashion,7,1,0,3,205
52266,0,7,Pad,1,25,Married,3,Female,2,5,13,10,Laptop & Accessory,5,4,0,0,144
52267,0,,Pad,1,7,Single,3,Male,2,1,11,2,Household,1,3,1,1,122
52268,0,17,Mobile Phone,1,10,Married,1,Male,3,14,14,13,Others,2,5,0,2,292
52269,0,7,Pad,2,17,Married,4,Male,2,1,11,8,Laptop & Accessory,5,4,0,0,145
52270,0,8,Phone,1,12,Married,3,Male,3,2,14,2,Household,1,3,1,1,135
52271,0,15,Phone,1,,Married,1,Female,3,1,16,0,Laptop & Accessory,7,4,1,0,124
52272,0,16,Mobile Phone,3,10,Single,4,Female,2,15,14,17,Fashion,4,1,0,10,202
52273,0,9,Mobile Phone,1,8,Single,3,Female,2,5,11,12,Laptop & Accessory,10,4,1,4,154
52274,1,7,Mobile Phone,1,21,Married,3,Female,3,1,11,5,Fashion,2,1,0,0,180
52275,0,1,Pad,1,8,Married,4,Male,2,2,12,2,Mobile Phone,2,1,1,0,139
52276,0,24,Pad,1,12,Single,4,Female,,7,14,7,Household,1,3,0,3,128
52277,0,3,Pad,1,15,Single,3,Female,3,1,18,7,Laptop & Accessory,8,3,1,0,147
52278,1,3,Phone,1,13,Married,3,Female,2,7,13,7,Household,4,3,1,4,133
52279,0,,Phone,1,7,Single,3,Male,2,1,11,2,Household,3,5,0,1,121
52280,0,,Phone,1,7,Single,3,Female,2,2,18,1,Household,2,4,0,1,121
52281,0,5,Mobile Phone,3,14,Married,1,Male,2,1,15,8,Laptop & Accessory,2,1,0,0,162
52282,0,18,Pad,1,31,Single,3,Female,2,1,22,0,Others,4,4,0,,281
52283,0,12,Mobile Phone,1,19,Married,4,Female,3,15,13,2,Grocery,7,4,1,,271
52284,0,33,Phone,1,,Married,3,Male,2,2,12,2,Household,2,3,0,1,124
52285,1,3,Phone,1,13,Married,3,Male,3,1,18,1,Laptop & Accessory,2,3,0,0,149
52286,1,2,Phone,1,29,Single,3,Male,3,1,13,3,Mobile Phone,1,5,0,0,139
52287,0,3,Phone,1,12,Married,4,Female,2,6,12,7,Laptop & Accessory,1,1,0,5,146
52288,0,9,Mobile Phone,1,16,Married,3,Female,3,1,12,7,Fashion,4,3,0,1,171
52289,0,19,Phone,2,7,Single,3,Female,2,5,12,7,Household,7,5,0,2,134
52290,0,1,Pad,1,7,Married,5,Female,2,7,11,5,Laptop & Accessory,1,1,0,7,167
52291,0,23,Mobile Phone,1,34,Married,3,Female,2,1,11,2,Grocery,5,5,1,,269
52292,1,3,Mobile Phone,3,31,Single,4,Male,2,1,12,0,Fashion,3,4,1,1,191
52293,1,15,Mobile Phone,3,11,Single,3,Male,3,7,19,7,Fashion,10,4,1,7,184
52294,0,3,Mobile Phone,1,23,Married,3,Female,3,1,23,,Fashion,2,5,1,1,219
52295,0,12,Phone,1,24,Single,3,Male,2,1,11,7,Laptop & Accessory,1,3,0,1,145
52296,0,4,Pad,3,8,Married,3,Female,2,9,19,6,Fashion,2,3,1,8,199
52297,0,14,Pad,3,16,Single,5,Male,2,11,13,9,Laptop & Accessory,2,4,0,3,162
52298,1,,Pad,3,7,Single,3,Female,2,2,11,2,Household,2,4,1,2,123
52299,1,7,Phone,1,,Married,3,Male,2,1,12,2,Household,5,5,0,1,124
52300,0,15,Pad,1,8,Married,3,Male,2,2,13,10,Grocery,1,3,1,,279
52301,0,28,Mobile Phone,1,8,Married,5,Female,2,9,14,11,Others,5,3,0,,292
52302,0,29,Mobile Phone,2,14,Single,3,Male,3,7,,7,Others,7,4,0,2,297
52303,0,13,Pad,1,22,Married,3,Male,3,1,16,0,Household,10,3,0,1,135
52304,0,7,Mobile Phone,1,15,Married,3,Male,2,1,11,6,Fashion,1,1,0,0,185
52305,0,13,Phone,1,8,Single,3,Male,3,8,13,8,Laptop & Accessory,2,1,0,3,147
52306,0,14,Pad,3,7,Married,3,Female,3,1,17,7,Laptop & Accessory,1,5,0,0,141
52307,0,8,Pad,1,10,Single,3,Male,2,1,11,1,Laptop & Accessory,2,3,1,1,142
52308,0,24,Mobile Phone,2,11,Married,3,Male,2,,11,10,Grocery,2,4,1,0,240
52309,0,11,Mobile Phone,3,8,Married,3,Female,2,1,15,7,Laptop & Accessory,4,5,0,0,169
52310,0,7,Mobile Phone,3,21,Single,3,Female,3,9,12,6,Laptop & Accessory,2,5,0,4,161
52311,0,3,Phone,1,25,Married,3,Male,3,1,11,2,Mobile Phone,4,1,0,0,137
52312,1,23,Mobile Phone,1,13,Married,4,Female,2,5,14,9,Fashion,8,5,1,1,200
52313,0,13,Phone,1,,Married,3,Male,2,1,22,3,Household,4,4,0,1,124
52314,0,9,Pad,3,13,Married,1,Female,2,6,16,13,Laptop & Accessory,3,5,0,5,146
52315,0,21,Mobile Phone,1,10,Single,3,Male,2,1,11,8,Fashion,2,1,0,1,179
52316,0,3,Phone,3,,Married,1,Female,3,1,14,0,Household,9,1,0,0,125
52317,0,24,Mobile Phone,1,17,Single,4,Female,2,1,16,3,Grocery,4,4,0,0,231
52318,0,,Pad,1,7,Single,3,Female,3,1,15,0,Mobile Phone,2,1,0,1,116
52319,0,8,Mobile Phone,1,7,Married,4,Female,2,1,12,0,Laptop & Accessory,1,1,0,0,154
52320,0,3,Pad,3,8,Single,5,Male,2,1,20,0,Laptop & Accessory,4,1,0,0,151
52321,1,18,Mobile Phone,3,19,Single,1,Male,2,,17,8,Grocery,7,3,1,1,237
52322,0,29,Mobile Phone,1,29,Married,3,Male,3,,12,9,Grocery,5,4,1,13,234
52323,0,,Pad,1,32,Married,4,Female,3,1,20,0,Household,2,3,0,1,120
52324,0,13,Mobile Phone,1,8,Married,1,Female,2,11,20,8,Laptop & Accessory,6,3,0,6,164
52325,0,7,Mobile Phone,1,35,Married,3,Male,2,7,13,7,Laptop & Accessory,5,3,0,5,154
52326,1,3,Pad,3,8,Single,4,Female,,1,14,0,Household,8,1,0,0,128
52327,1,3,Pad,3,24,Married,3,Female,3,3,18,2,Laptop & Accessory,1,3,1,0,146
52328,0,11,Pad,1,,Married,1,Male,2,1,11,3,Household,2,3,0,0,126
52329,0,7,Mobile Phone,1,8,Single,3,Female,3,4,11,11,Laptop & Accessory,2,1,0,4,167
52330,0,1,Phone,3,32,Married,4,Male,2,1,11,4,Laptop & Accessory,2,5,0,1,147
52331,1,3,Mobile Phone,1,28,Married,3,Male,3,6,15,7,Laptop & Accessory,2,3,1,5,162
52332,0,12,Mobile Phone,3,27,Married,4,Male,2,1,12,4,Laptop & Accessory,4,1,1,0,161
52333,0,24,Pad,3,8,Married,3,Male,2,3,11,2,Fashion,3,4,0,3,206
52334,0,14,Pad,1,28,Married,3,Female,3,3,14,3,Laptop & Accessory,4,1,1,2,155
52335,0,13,Phone,1,10,Married,3,Male,,1,15,3,Household,8,3,1,1,130
52336,0,6,Pad,3,11,Married,3,Male,3,1,13,2,Laptop & Accessory,7,1,0,1,200
52337,0,5,Phone,3,8,Married,3,Male,2,1,13,2,Laptop & Accessory,1,4,1,1,141
52338,0,12,Pad,1,31,Married,3,Male,3,1,21,,Fashion,4,3,0,0,209
52339,0,3,Mobile Phone,3,24,Married,1,Male,3,1,11,2,Laptop & Accessory,3,3,0,1,162
52340,0,25,Pad,1,34,Married,1,Female,2,,11,2,Grocery,3,3,1,1,232
52341,0,16,Phone,1,12,Single,4,Female,3,1,14,8,Laptop & Accessory,2,3,1,0,141
52342,0,3,Mobile Phone,3,16,Married,4,Female,3,4,11,4,Laptop & Accessory,2,1,1,1,158
52343,1,3,Phone,1,,Single,3,Female,2,7,13,7,Household,2,3,1,4,124
52344,0,3,Phone,1,8,Single,4,Male,2,1,12,1,Mobile Phone,1,1,0,1,139
52345,0,15,Mobile Phone,2,16,Married,3,Female,2,1,14,9,Grocery,1,5,0,,268
52346,0,25,Phone,1,14,Married,3,Female,,1,13,4,Household,10,5,0,1,130
52347,0,13,Phone,1,17,Single,3,Female,3,1,18,2,Mobile Phone,5,3,0,1,136
52348,0,8,Pad,1,24,Single,3,Male,2,2,11,2,Fashion,3,1,0,2,194
52349,0,3,Phone,1,7,Married,3,Male,2,1,11,2,Household,5,1,0,0,132
52350,0,3,Phone,1,13,Single,1,Male,3,1,12,7,Mobile Phone,1,5,0,0,136
52351,0,2,Mobile Phone,2,23,Single,4,Male,2,1,13,9,Fashion,2,5,0,0,180
52352,1,12,Pad,1,34,Single,4,Male,3,1,20,3,Laptop & Accessory,4,5,0,0,143
52353,1,3,Pad,1,20,Single,3,Female,2,7,12,7,Fashion,1,1,1,4,176
52354,0,27,Mobile Phone,1,7,Single,3,Female,2,12,19,7,Grocery,7,1,0,,273
52355,0,33,Mobile Phone,1,7,Married,3,Female,3,1,,5,Others,4,5,1,1,297
52356,0,28,Mobile Phone,1,7,Married,1,Male,2,,13,0,Grocery,3,1,0,0,247
52357,0,9,Mobile Phone,3,9,Single,3,Female,3,1,16,1,Laptop & Accessory,4,4,1,0,193
52358,1,,Pad,3,7,Single,5,Female,2,1,12,0,Mobile Phone,2,3,0,0,114
52359,0,3,Phone,3,13,Married,3,Female,3,1,14,2,Laptop & Accessory,8,5,0,1,148
52360,0,4,Mobile Phone,1,14,Single,3,Female,3,1,11,0,Grocery,4,4,0,,264
52361,0,7,Pad,1,7,Married,3,Male,,1,14,3,Household,6,5,0,1,130
52362,1,,Mobile Phone,1,14,Single,4,Female,2,1,12,0,Mobile Phone,2,4,0,0,113
52363,0,,Phone,1,17,Married,3,Male,3,1,14,4,Household,1,5,0,1,121
52364,0,9,Mobile Phone,1,10,Single,4,Male,2,1,16,8,Laptop & Accessory,2,1,0,0,158
52365,0,9,Mobile Phone,3,22,Married,4,Female,3,1,13,2,Laptop & Accessory,5,5,0,1,156
52366,0,23,Phone,1,7,Married,3,Male,3,1,12,2,Household,8,1,0,1,134
52367,1,3,Phone,3,15,Married,4,Male,3,2,12,2,Mobile Phone,4,5,0,2,144
52368,0,13,Pad,1,11,Single,1,Male,2,1,14,3,Household,1,3,0,0,135
52369,0,,Phone,1,7,Married,3,Female,2,1,22,0,Household,3,5,0,0,121
52370,0,23,Mobile Phone,1,8,Married,3,Female,2,5,19,6,Grocery,4,3,0,,272
52371,0,3,Phone,3,10,Married,3,Female,2,1,12,3,Laptop & Accessory,2,3,1,1,142
52372,0,5,Mobile Phone,3,13,Married,3,Male,3,1,12,3,Laptop & Accessory,5,1,0,0,192
52373,0,7,Phone,1,7,Married,4,Female,2,1,17,2,Household,6,4,0,1,133
52374,0,,Phone,1,11,Married,1,Male,2,1,12,3,Household,3,3,1,0,121
52375,0,13,Pad,1,15,Married,3,Male,2,1,11,7,Laptop & Accessory,4,3,0,0,140
52376,0,4,Mobile Phone,3,14,Married,3,Male,2,9,18,9,Fashion,2,1,0,2,208
52377,1,9,Mobile Phone,3,15,Married,3,Male,2,4,11,3,Fashion,5,1,0,4,201
52378,1,2,Pad,1,8,Single,4,Female,2,1,23,0,Mobile Phone,3,5,1,0,136
52379,1,3,Pad,1,7,Single,1,Female,3,4,11,7,Fashion,2,4,0,1,174
52380,0,18,Mobile Phone,1,26,Married,5,Male,3,1,18,7,Fashion,3,5,1,1,209
52381,0,,Phone,2,14,Single,1,Female,3,1,18,2,Household,10,4,0,1,121
52382,1,3,Pad,1,8,Married,3,Male,3,2,13,2,Mobile Phone,7,1,1,0,137
52383,0,18,Mobile Phone,1,35,Married,3,Male,2,1,18,2,Fashion,5,1,1,1,194
52384,0,21,Mobile Phone,3,13,Married,3,Male,3,2,11,2,Laptop & Accessory,5,5,0,0,155
52385,1,3,Phone,2,15,Married,3,Female,,2,15,2,Household,2,3,0,2,127
52386,0,13,Pad,1,14,Married,4,Male,2,,11,8,Fashion,3,4,0,4,238
52387,0,1,Mobile Phone,3,11,Single,3,Male,2,1,18,3,Laptop & Accessory,1,5,0,0,185
52388,0,17,Pad,1,11,Single,4,Male,2,1,14,3,Household,4,3,0,0,132
52389,0,26,Mobile Phone,1,8,Single,1,Male,2,8,12,8,Grocery,5,4,0,,266
52390,0,22,Mobile Phone,1,11,Married,3,Male,3,1,14,2,Laptop & Accessory,3,3,0,0,167
52391,0,13,Phone,1,,Married,3,Male,3,1,14,2,Household,3,3,0,1,123
52392,0,17,Phone,1,26,Single,3,Male,2,1,13,3,Household,2,4,0,1,134
52393,0,6,Pad,3,13,Married,3,Male,2,1,14,3,Laptop & Accessory,1,5,0,1,144
52394,0,7,Phone,3,9,Single,5,Male,2,3,18,12,Laptop & Accessory,4,5,0,2,148
52395,0,3,Mobile Phone,3,22,Married,3,Male,3,2,15,2,Laptop & Accessory,9,3,0,1,153
52396,0,15,Pad,1,15,Single,3,Female,3,5,13,8,Mobile Phone,2,1,0,0,137
52397,0,17,Pad,3,7,Married,3,Female,3,1,12,0,Laptop & Accessory,8,3,0,0,148
52398,0,,Pad,1,13,Married,3,Male,3,1,13,0,Mobile Phone,2,3,0,0,113
52399,0,33,Phone,1,7,Married,1,Male,3,2,24,8,Laptop & Accessory,1,3,0,1,149
52400,0,22,Mobile Phone,1,13,Married,3,Male,2,1,14,7,Fashion,4,4,0,0,205
52401,0,7,Pad,1,21,Married,3,Male,3,6,14,9,Grocery,8,5,0,,270
52402,1,3,Pad,3,7,Married,3,Male,,1,15,2,Household,4,3,0,1,129
52403,1,3,Pad,3,19,Single,3,Female,2,1,11,0,Laptop & Accessory,6,4,0,1,158
52404,1,3,Phone,3,30,Single,4,Female,2,10,23,10,Laptop & Accessory,1,4,1,4,146
52405,0,8,Phone,3,,Married,3,Male,3,1,13,0,Household,2,3,0,0,124
52406,1,3,Pad,1,15,Single,3,Male,2,1,11,0,Household,3,5,1,0,132
52407,0,,Pad,3,19,Married,3,Female,3,1,13,0,Household,2,4,0,0,120
52408,0,17,Pad,1,8,Single,3,Male,2,2,18,2,Fashion,6,3,1,2,202
52409,0,2,Mobile Phone,3,25,Married,4,Male,3,1,14,4,Laptop & Accessory,2,3,0,1,186
52410,0,,Phone,2,7,Married,3,Male,2,1,21,3,Household,1,3,0,0,121
52411,0,28,Phone,1,10,Married,3,Male,1,1,16,2,Laptop & Accessory,1,3,1,1,140
52412,0,6,Phone,1,10,Married,4,Female,2,1,11,2,Mobile Phone,9,4,0,1,138
52413,0,23,Phone,3,20,Married,3,Female,3,1,17,2,Laptop & Accessory,4,3,1,1,146
52414,1,3,Pad,1,,Single,4,Male,2,1,11,0,Household,8,5,0,1,126
52415,0,,Mobile Phone,1,7,Married,4,Male,3,1,14,0,Mobile Phone,2,3,0,0,116
52416,0,1,Pad,3,13,Single,3,Male,2,1,14,3,Laptop & Accessory,1,5,0,1,149
52417,0,22,Phone,1,9,Married,4,Female,2,1,25,2,Laptop & Accessory,5,5,0,0,148
52418,0,2,Pad,1,8,Married,3,Female,3,1,13,2,Household,1,4,0,1,132
52419,0,1,Mobile Phone,1,35,Married,5,Male,3,1,14,7,Laptop & Accessory,2,4,0,0,165
52420,0,6,Mobile Phone,1,14,Single,3,Male,3,1,17,0,Laptop & Accessory,3,3,1,1,164
52421,0,5,Mobile Phone,1,16,Single,3,Male,3,1,25,,Fashion,3,1,0,0,212
52422,0,27,Pad,1,17,Married,3,Female,2,,20,12,Grocery,4,1,0,0,260
52423,1,3,Phone,1,,Single,4,Male,3,1,13,7,Household,7,5,0,1,124
52424,0,17,Mobile Phone,1,34,Married,3,Male,2,14,13,17,Grocery,4,5,0,,263
52425,0,12,Mobile Phone,1,12,Single,3,Female,2,2,18,2,Fashion,5,4,0,2,184
52426,0,19,Mobile Phone,3,9,Married,3,Female,2,5,12,1,Grocery,9,4,0,,266
52427,0,8,Mobile Phone,1,22,Single,4,Female,3,3,19,3,Fashion,2,4,0,3,186
52428,0,,Phone,1,26,Single,3,Male,3,1,14,2,Laptop & Accessory,1,3,0,1,123
52429,1,,Mobile Phone,1,15,Single,3,Male,2,1,14,0,Household,4,5,0,1,120
52430,0,7,Mobile Phone,3,7,Married,4,Male,3,8,14,6,Fashion,2,3,1,7,171
52431,1,3,Pad,1,9,Single,3,Female,2,7,12,7,Mobile Phone,2,3,0,2,141
52432,0,23,Pad,1,28,Single,5,Male,2,,13,9,Grocery,2,1,1,1,244
52433,0,,Phone,3,13,Married,3,Male,2,5,25,7,Household,1,3,1,3,123
52434,0,15,Phone,1,8,Married,4,Male,3,1,14,0,Mobile Phone,5,4,0,0,148
52435,0,13,Phone,1,19,Married,3,Male,2,3,17,7,Laptop & Accessory,2,1,0,2,143
52436,0,2,Mobile Phone,1,14,Married,5,Female,2,1,13,7,Laptop & Accessory,4,5,0,1,197
52437,0,6,Phone,1,31,Single,4,Male,2,1,13,2,Laptop & Accessory,2,4,0,1,143
52438,0,,Phone,1,34,Married,3,Male,3,1,20,3,Household,5,1,0,1,121
52439,0,15,Pad,1,8,Married,3,Male,2,13,14,9,Fashion,3,1,1,4,201
52440,0,13,Mobile Phone,3,15,Married,3,Male,2,7,12,1,Laptop & Accessory,1,5,0,7,155
52441,0,6,Mobile Phone,1,34,Married,3,Male,3,5,12,7,Laptop & Accessory,2,3,1,4,152
52442,0,13,Mobile Phone,2,12,Single,3,Male,2,7,21,7,Grocery,2,1,1,,264
52443,0,,Phone,1,27,Married,4,Male,2,1,14,0,Household,1,5,0,0,123
52444,0,13,Pad,1,14,Married,3,Male,3,2,18,2,Laptop & Accessory,4,1,1,1,141
52445,0,18,Mobile Phone,1,7,Married,3,Male,3,7,12,7,Fashion,2,4,0,3,174
52446,0,8,Phone,3,,Married,4,Female,3,4,23,2,Household,1,3,0,2,124
52447,0,5,Mobile Phone,1,11,Married,4,Female,3,2,12,5,Laptop & Accessory,4,4,0,1,159
52448,0,9,Phone,3,,Single,3,Male,3,1,21,2,Household,4,1,1,1,126
52449,0,21,Mobile Phone,3,22,Married,3,Female,3,7,14,7,Laptop & Accessory,9,3,0,7,164
52450,0,2,Phone,1,,Married,1,Male,3,1,18,0,Household,7,3,0,0,125
52451,0,6,Mobile Phone,3,14,Married,3,Male,2,2,13,2,Laptop & Accessory,3,5,0,2,164
52452,1,3,Mobile Phone,3,7,Married,4,Male,3,6,11,7,Laptop & Accessory,2,5,0,1,197
52453,0,11,Pad,2,16,Married,3,Male,3,1,11,2,Laptop & Accessory,4,3,0,0,161
52454,0,8,Phone,1,,Single,4,Male,3,1,19,2,Household,2,5,0,1,125
52455,0,7,Mobile Phone,3,35,Married,3,Male,2,1,12,3,Fashion,4,4,0,1,193
52456,1,,Phone,1,8,Married,3,Female,3,1,12,0,Household,2,5,1,1,121
52457,1,16,Mobile Phone,1,8,Married,4,Female,3,1,16,9,Fashion,1,1,0,0,202
52458,1,1,Phone,1,8,Married,3,Male,2,1,11,4,Laptop & Accessory,5,4,0,1,149
52459,0,5,Pad,1,7,Married,3,Male,3,1,14,2,Laptop & Accessory,5,5,0,0,141
52460,0,21,Phone,1,,Married,3,Female,3,7,12,6,Household,9,5,0,6,124
52461,0,7,Phone,1,13,Single,3,Male,,1,13,0,Household,2,1,0,0,130
52462,0,28,Mobile Phone,3,32,Married,4,Male,2,2,,13,Others,2,1,0,0,296
52463,0,7,Mobile Phone,1,7,Married,3,Male,2,2,17,1,Laptop & Accessory,10,1,0,0,155
52464,0,,Phone,1,9,Married,3,Female,2,1,21,0,Household,2,1,0,1,121
52465,0,11,Mobile Phone,3,20,Married,3,Male,3,7,11,7,Laptop & Accessory,1,4,0,3,199
52466,0,11,Phone,3,22,Single,3,Female,2,1,12,2,Laptop & Accessory,3,4,0,1,142
52467,0,9,Mobile Phone,3,7,Single,3,Female,3,1,13,0,Laptop & Accessory,7,3,0,1,168
52468,0,2,Phone,1,9,Single,3,Male,2,1,18,5,Mobile Phone,2,5,1,0,147
52469,0,8,Mobile Phone,1,16,Single,3,Female,2,1,16,4,Laptop & Accessory,4,3,1,0,161
52470,0,12,Mobile Phone,3,12,Married,1,Male,2,7,11,6,Fashion,3,3,0,3,182
52471,0,2,Pad,1,8,Married,3,Male,2,1,19,3,Laptop & Accessory,2,1,0,1,189
52472,0,23,Mobile Phone,3,15,Married,3,Male,2,1,,0,Others,5,3,1,0,293
52473,0,,Phone,1,16,Married,1,Male,2,2,16,2,Household,3,3,0,0,121
52474,0,9,Pad,1,12,Married,1,Male,3,1,13,2,Laptop & Accessory,4,5,1,0,156
52475,0,15,Mobile Phone,1,15,Single,4,Male,3,1,,1,Others,9,1,0,1,296
52476,0,8,Phone,1,34,Married,1,Male,2,6,17,8,Laptop & Accessory,2,3,0,6,134
52477,0,7,Pad,1,16,Married,4,Male,3,7,14,7,Laptop & Accessory,2,3,0,1,151
52478,0,13,Phone,3,20,Married,3,Female,2,1,15,2,Laptop & Accessory,2,5,0,0,146
52479,0,16,Phone,1,33,Married,1,Male,2,1,12,2,Mobile Phone,6,4,0,1,149
52480,0,8,Phone,1,13,Married,4,Male,,1,18,1,Household,2,1,0,1,127
52481,0,19,Mobile Phone,3,7,Single,1,Male,2,1,15,12,Grocery,2,5,0,,276
52482,1,3,Phone,1,,Married,3,Male,2,1,17,0,Household,2,4,1,0,124
52483,0,3,Pad,1,32,Married,4,Female,,1,14,3,Household,2,3,1,1,128
52484,0,23,Pad,1,26,Married,3,Male,2,12,15,,Grocery,3,3,1,0,212
52485,0,5,Phone,1,11,Married,1,Female,2,1,17,2,Household,4,1,0,1,133
52486,0,17,Mobile Phone,1,13,Married,3,Female,2,1,14,10,Others,1,1,1,,290
52487,0,,Phone,1,13,Married,4,Male,2,1,12,1,Household,2,4,0,1,121
52488,0,18,Mobile Phone,1,11,Single,5,Female,2,1,14,4,Laptop & Accessory,2,5,1,0,158
52489,0,18,Pad,3,32,Married,4,Male,2,4,15,5,Laptop & Accessory,2,5,0,3,144
52490,0,4,Pad,3,8,Single,3,Male,2,1,13,3,Laptop & Accessory,8,5,0,1,153
52491,0,9,Phone,1,18,Married,3,Female,3,1,12,1,Laptop & Accessory,10,3,1,0,147
52492,0,7,Pad,1,16,Married,1,Male,2,7,13,2,Laptop & Accessory,2,1,0,3,147
52493,0,22,Phone,1,31,Married,3,Female,2,1,14,4,Household,2,5,0,1,132
52494,0,12,Mobile Phone,1,16,Married,3,Male,3,7,13,7,Laptop & Accessory,3,5,0,3,154
52495,0,3,Phone,1,25,Married,4,Male,3,1,11,7,Mobile Phone,2,5,0,0,141
52496,0,8,Mobile Phone,1,24,Married,1,Male,2,1,11,10,Laptop & Accessory,2,5,0,1,152
52497,0,1,Phone,1,33,Married,5,Female,2,1,21,0,Laptop & Accessory,1,5,0,1,149
52498,0,3,Phone,1,11,Single,3,Male,,2,18,2,Household,2,1,0,0,131
52499,1,,Pad,3,9,Single,3,Female,3,1,12,0,Mobile Phone,2,1,1,1,116
52500,0,23,Mobile Phone,2,32,Married,3,Female,3,1,,0,Others,4,3,0,1,297
52501,0,12,Phone,1,9,Married,4,Male,,1,15,7,Laptop & Accessory,1,3,0,0,131
52502,0,13,Mobile Phone,1,21,Married,4,Female,3,14,13,12,Fashion,2,3,0,6,204
52503,0,8,Pad,1,14,Married,3,Female,2,2,12,9,Laptop & Accessory,2,3,0,0,141
52504,0,13,Mobile Phone,1,25,Married,3,Male,2,1,17,2,Laptop & Accessory,4,3,0,0,158
52505,0,12,Pad,1,10,Single,3,Female,2,3,13,8,Laptop & Accessory,1,3,0,3,150
52506,0,18,Mobile Phone,1,8,Married,4,Female,2,3,19,9,Laptop & Accessory,2,1,0,3,158
52507,0,11,Mobile Phone,1,8,Married,4,Female,2,1,19,2,Fashion,4,3,1,0,178
52508,1,3,Mobile Phone,3,16,Married,4,Male,2,6,17,0,Fashion,10,5,0,0,203
52509,0,13,Phone,1,16,Married,3,Female,3,7,11,7,Mobile Phone,2,4,0,4,139
52510,0,13,Mobile Phone,1,22,Single,3,Female,2,3,15,3,Fashion,7,1,1,3,179
52511,0,17,Pad,2,7,Married,3,Male,2,1,11,2,Laptop & Accessory,5,1,1,1,157
52512,0,21,Pad,1,10,Married,4,Male,2,,25,2,Grocery,3,1,0,0,252
52513,1,3,Mobile Phone,3,21,Married,5,Male,2,2,14,2,Laptop & Accessory,7,1,1,0,154
52514,0,3,Pad,1,8,Single,3,Female,2,1,13,3,Mobile Phone,2,1,1,0,138
52515,0,3,Phone,1,14,Married,1,Female,2,1,17,2,Household,8,3,0,0,135
52516,0,3,Pad,1,,Single,3,Male,2,1,13,2,Household,3,1,0,0,126
52517,1,,Phone,1,13,Single,3,Male,3,1,14,3,Household,4,5,1,0,122
52518,0,2,Mobile Phone,3,16,Single,4,Male,2,1,11,4,Laptop & Accessory,10,3,0,1,159
52519,0,9,Mobile Phone,1,11,Married,3,Female,2,1,12,2,Fashion,5,5,0,1,180
52520,0,3,Pad,1,8,Married,1,Male,3,1,17,7,Laptop & Accessory,2,3,0,1,152
52521,0,12,Mobile Phone,1,18,Married,3,Male,3,1,21,0,Laptop & Accessory,5,4,0,1,153
52522,0,22,Mobile Phone,1,28,Married,3,Female,3,1,16,2,Grocery,4,4,0,,264
52523,0,23,Mobile Phone,1,23,Married,4,Female,2,,15,11,Fashion,6,5,0,0,233
52524,0,3,Phone,3,8,Single,3,Female,,2,19,2,Household,2,3,0,0,128
52525,0,7,Mobile Phone,1,9,Married,3,Female,3,7,12,9,Laptop & Accessory,2,4,0,1,154
52526,0,,Mobile Phone,1,13,Single,3,Male,3,1,11,3,Household,3,4,0,0,120
52527,0,22,Mobile Phone,1,12,Married,4,Female,2,,19,12,Grocery,3,3,1,2,240
52528,0,9,Pad,1,7,Married,4,Female,2,1,15,2,Laptop & Accessory,1,3,0,0,144
52529,0,9,Mobile Phone,1,9,Married,1,Male,3,1,20,4,Laptop & Accessory,7,5,0,0,168
52530,0,27,Mobile Phone,1,28,Married,3,Female,3,4,25,7,Grocery,4,3,0,,274
52531,0,16,Mobile Phone,1,21,Married,4,Male,3,6,24,11,Grocery,2,3,0,,276
52532,1,3,Pad,3,18,Single,3,Male,2,6,24,7,Laptop & Accessory,4,1,1,5,146
52533,0,11,Pad,1,7,Married,3,Male,2,2,15,9,Laptop & Accessory,8,1,0,1,147
52534,0,2,Phone,3,11,Married,4,Male,2,1,13,9,Laptop & Accessory,2,4,1,0,142
52535,0,6,Mobile Phone,3,8,Married,3,Male,3,1,14,4,Laptop & Accessory,2,1,0,1,155
52536,0,5,Mobile Phone,1,8,Married,3,Male,2,1,13,6,Laptop & Accessory,1,4,0,1,155
52537,0,4,Mobile Phone,3,11,Married,3,Female,3,1,11,2,Laptop & Accessory,2,1,0,0,155
52538,0,22,Phone,1,,Married,3,Female,3,2,16,2,Household,5,5,1,0,126
52539,0,11,Pad,1,,Single,4,Female,2,3,22,3,Household,2,4,0,0,124
52540,0,23,Mobile Phone,3,8,Married,1,Female,2,,14,2,Grocery,7,4,0,1,260
52541,0,22,Mobile Phone,1,7,Single,3,Male,2,,14,0,Grocery,5,3,0,1,254
52542,0,14,Mobile Phone,3,29,Single,3,Male,3,1,16,2,Fashion,4,3,1,0,171
52543,0,3,Phone,3,15,Single,3,Male,,1,11,2,Household,2,5,0,0,127
52544,0,6,Pad,3,22,Married,3,Female,2,1,25,2,Laptop & Accessory,2,1,1,0,154
52545,0,9,Mobile Phone,1,32,Married,3,Male,3,1,14,2,Laptop & Accessory,7,3,0,1,153
52546,0,17,Phone,2,7,Married,3,Female,2,2,18,2,Household,5,1,1,2,132
52547,1,3,Phone,1,14,Single,4,Male,3,1,11,2,Mobile Phone,2,3,1,1,140
52548,0,11,Phone,1,10,Married,3,Female,2,1,19,0,Household,8,3,0,0,133
52549,0,26,Mobile Phone,1,30,Married,1,Male,2,1,15,2,Fashion,4,1,0,0,170
52550,1,11,Pad,3,,Married,3,Female,3,7,11,7,Household,3,3,1,1,127
52551,1,,Mobile Phone,1,8,Single,3,Male,3,1,12,0,Mobile Phone,2,4,0,0,114
52552,0,3,Pad,1,,Single,3,Male,3,5,20,7,Household,2,1,0,0,126
52553,0,28,Phone,1,28,Married,4,Male,3,1,12,2,Household,6,4,0,1,135
52554,0,7,Phone,1,11,Married,4,Male,2,4,14,13,Laptop & Accessory,2,1,0,0,140
52555,0,33,Mobile Phone,1,7,Married,5,Male,3,1,20,0,Fashion,4,1,0,1,209
52556,0,,Phone,1,27,Married,1,Male,3,2,18,13,Household,2,4,0,0,120
52557,0,13,Pad,3,7,Married,5,Male,2,1,14,3,Laptop & Accessory,2,1,0,1,195
52558,0,7,Phone,1,25,Married,4,Female,,8,12,7,Household,2,1,0,1,129
52559,1,,Phone,3,13,Married,3,Male,3,1,21,2,Household,2,1,1,1,123
52560,0,17,Mobile Phone,1,8,Married,1,Female,3,6,19,7,Fashion,2,1,1,1,179
52561,0,8,Pad,1,8,Single,4,Male,3,1,14,4,Mobile Phone,1,1,1,1,149
52562,0,16,Mobile Phone,3,8,Married,3,Male,3,8,17,8,Laptop & Accessory,2,1,1,3,178
52563,0,3,Phone,1,15,Married,1,Male,3,1,16,4,Mobile Phone,2,3,0,0,144
52564,0,14,Mobile Phone,3,12,Single,3,Male,2,8,12,7,Fashion,2,3,0,3,192
52565,0,2,Phone,1,15,Married,3,Female,,1,17,2,Household,10,3,0,0,130
52566,0,9,Phone,3,8,Single,3,Female,2,6,15,7,Laptop & Accessory,4,1,0,6,145
52567,0,18,Pad,1,7,Married,4,Male,3,14,23,4,Fashion,4,3,0,4,207
52568,1,,Mobile Phone,2,28,Married,5,Male,2,1,11,0,Mobile Phone,2,3,0,0,116
52569,1,13,Pad,3,15,Married,5,Male,2,14,11,,Grocery,8,3,0,6,229
52570,0,,Phone,1,23,Married,5,Male,3,1,15,2,Household,2,3,0,1,123
52571,0,18,Mobile Phone,1,34,Single,4,Female,2,8,11,6,Grocery,2,4,0,,267
52572,0,5,Pad,1,16,Married,3,Male,2,1,13,3,Household,7,3,0,0,134
52573,0,4,Phone,1,8,Married,3,Male,3,1,14,3,Household,2,3,0,1,135
52574,0,14,Pad,2,10,Married,5,Male,2,1,19,2,Laptop & Accessory,7,4,0,0,164
52575,0,13,Mobile Phone,1,14,Married,3,Female,3,1,16,0,Laptop & Accessory,3,5,1,1,165
52576,0,3,Phone,1,35,Married,3,Male,3,1,13,2,Mobile Phone,2,5,0,1,139
52577,0,19,Mobile Phone,1,19,Single,3,Male,2,1,14,9,Laptop & Accessory,7,4,0,1,156
52578,0,8,Mobile Phone,1,33,Married,3,Male,2,1,16,7,Laptop & Accessory,3,3,0,1,169
52579,0,3,Phone,1,22,Married,3,Male,,1,12,8,Household,2,1,0,0,129
52580,0,23,Pad,3,8,Married,3,Male,2,1,11,0,Laptop & Accessory,8,4,0,0,150
52581,0,19,Mobile Phone,3,8,Married,3,Male,3,1,12,3,Fashion,5,1,1,0,204
52582,1,3,Mobile Phone,3,19,Married,4,Male,3,2,13,2,Laptop & Accessory,6,5,1,1,161
52583,1,3,Mobile Phone,3,7,Single,5,Male,2,1,15,0,Laptop & Accessory,7,4,0,0,167
52584,0,3,Phone,1,10,Single,3,Female,2,1,13,2,Household,2,4,0,0,133
52585,0,4,Pad,1,30,Single,3,Female,1,1,20,4,Laptop & Accessory,3,1,0,0,152
52586,0,12,Pad,1,7,Married,3,Male,3,5,15,8,Laptop & Accessory,2,1,1,0,165
52587,0,5,Mobile Phone,3,25,Married,5,Male,3,1,13,2,Fashion,4,3,0,0,196
52588,0,13,Mobile Phone,3,13,Single,3,Male,2,12,,8,Others,2,4,0,12,298
52589,0,18,Mobile Phone,2,10,Married,5,Female,2,1,21,3,Fashion,5,3,0,1,198
52590,0,3,Pad,1,8,Single,4,Female,3,1,16,7,Mobile Phone,1,5,0,0,150
52591,0,,Pad,2,16,Married,3,Male,2,2,14,1,Household,1,1,0,0,121
52592,1,,Pad,2,14,Married,4,Female,3,1,11,2,Household,7,1,0,1,122
52593,0,4,Mobile Phone,3,11,Married,3,Male,2,1,19,2,Laptop & Accessory,2,3,0,1,183
52594,0,3,Phone,1,14,Single,3,Female,3,1,11,4,Household,2,1,0,0,134
52595,1,3,Phone,3,15,Single,5,Female,,2,13,2,Household,2,4,0,2,128
52596,0,2,Pad,1,7,Single,1,Male,3,1,12,2,Laptop & Accessory,9,3,1,1,163
52597,0,3,Mobile Phone,3,21,Married,4,Male,3,1,11,7,Fashion,3,5,0,1,171
52598,0,7,Phone,1,8,Married,1,Male,,1,14,2,Household,1,1,1,1,129
52599,0,6,Pad,3,8,Single,3,Female,3,1,15,7,Laptop & Accessory,9,4,0,1,151
52600,0,22,Phone,3,17,Single,3,Female,3,1,12,4,Laptop & Accessory,4,1,0,0,145
52601,1,3,Mobile Phone,3,22,Single,3,Female,3,1,20,0,Fashion,3,5,1,1,186
52602,0,11,Pad,1,,Married,4,Female,3,1,14,5,Household,5,4,0,0,125
52603,1,3,Mobile Phone,3,22,Married,3,Male,3,1,13,0,Fashion,3,3,0,0,182
52604,0,,Phone,1,10,Married,4,Female,3,1,13,0,Household,2,5,0,0,121
52605,0,3,Mobile Phone,1,22,Married,1,Male,2,1,16,7,Laptop & Accessory,4,3,0,1,153
52606,0,5,Pad,1,11,Single,3,Male,,1,14,7,Household,3,4,0,1,127
52607,0,11,Mobile Phone,1,24,Married,5,Male,2,1,16,0,Laptop & Accessory,4,1,1,0,158
52608,1,6,Pad,1,,Married,4,Male,2,1,16,0,Household,10,3,1,1,124
52609,0,15,Phone,1,18,Married,3,Male,,1,22,4,Household,9,4,0,1,128
52610,0,28,Mobile Phone,1,8,Married,4,Male,2,1,12,0,Others,9,5,0,,290
52611,0,6,Pad,1,10,Married,3,Male,,1,15,7,Laptop & Accessory,6,4,0,0,131
52612,0,,Phone,1,15,Married,3,Male,3,1,20,4,Household,2,5,0,0,123
52613,0,7,Pad,3,16,Married,3,Male,2,1,14,7,Laptop & Accessory,2,3,1,1,140
52614,0,26,Pad,1,7,Married,4,Female,2,1,20,,Grocery,5,3,1,1,230
52615,0,16,Phone,2,8,Single,3,Male,3,1,13,8,Household,1,1,0,1,135
52616,0,7,Mobile Phone,3,9,Single,5,Female,2,2,12,2,Laptop & Accessory,6,1,0,2,160
52617,1,3,Phone,3,13,Single,3,Male,,1,13,0,Household,2,4,0,0,127
52618,0,11,Phone,1,12,Married,4,Female,2,1,11,4,Mobile Phone,2,3,0,1,137
52619,1,3,Phone,1,,Married,3,Female,3,1,17,0,Household,2,5,1,0,124
52620,0,4,Mobile Phone,3,35,Married,4,Female,3,5,14,7,Laptop & Accessory,2,1,0,0,155
52621,0,24,Mobile Phone,1,9,Married,3,Female,2,2,11,,Fashion,3,3,0,2,231
52622,0,13,Phone,3,15,Married,4,Male,2,1,14,3,Laptop & Accessory,2,4,0,1,142
52623,0,19,Mobile Phone,1,8,Married,3,Male,2,2,,2,Others,8,1,1,2,293
52624,0,9,Mobile Phone,1,16,Married,3,Male,2,5,13,7,Fashion,8,5,1,2,183
52625,1,7,Pad,1,,Married,3,Male,3,2,12,3,Household,2,4,1,2,123
52626,0,13,Phone,2,14,Married,3,Male,2,4,13,7,Laptop & Accessory,3,4,0,3,141
52627,1,3,Mobile Phone,3,33,Single,3,Male,2,7,18,7,Laptop & Accessory,2,1,1,3,158
52628,0,6,Phone,1,14,Married,1,Male,,7,19,6,Household,7,5,0,3,131
52629,0,,Phone,1,7,Married,3,Male,2,1,11,3,Household,2,1,0,0,120
52630,0,12,Mobile Phone,1,16,Single,3,Male,3,,21,2,Fashion,8,3,0,2,235
52631,0,19,Pad,3,32,Single,4,Male,3,2,15,2,Laptop & Accessory,9,4,0,1,180
52632,0,13,Phone,1,8,Married,3,Female,3,1,17,2,Household,5,5,0,1,134
52633,0,15,Mobile Phone,1,19,Married,1,Male,3,1,18,0,Laptop & Accessory,6,5,0,1,155
52634,0,8,Pad,1,8,Married,3,Male,2,1,14,7,Laptop & Accessory,3,1,0,1,158
52635,0,11,Pad,2,,Married,3,Male,3,3,13,8,Household,6,4,0,2,126
52636,1,3,Pad,1,15,Married,3,Male,3,1,17,7,Laptop & Accessory,5,5,0,0,153
52637,1,3,Phone,1,16,Single,3,Male,2,1,15,8,Laptop & Accessory,2,5,0,0,142
52638,0,12,Pad,3,26,Married,3,Male,2,2,18,2,Laptop & Accessory,3,1,0,1,141
52639,0,16,Pad,1,,Single,3,Male,2,1,13,2,Household,5,3,0,1,124
52640,0,14,Mobile Phone,1,11,Single,1,Male,2,1,12,2,Laptop & Accessory,4,4,0,0,169
52641,0,14,Mobile Phone,3,10,Married,3,Female,2,13,13,5,Fashion,1,3,1,5,204
52642,0,3,Mobile Phone,1,16,Single,3,Female,3,1,14,2,Fashion,10,3,0,0,197
52643,1,,Phone,2,26,Married,3,Female,3,1,11,4,Household,1,4,1,0,121
52644,1,9,Mobile Phone,1,27,Married,3,Female,3,3,22,7,Laptop & Accessory,5,4,0,3,189
52645,0,13,Mobile Phone,1,7,Married,3,Female,2,1,17,3,Laptop & Accessory,5,1,0,0,165
52646,0,7,Mobile Phone,3,14,Married,1,Male,3,4,21,8,Laptop & Accessory,2,3,0,2,168
52647,0,33,Pad,3,8,Married,3,Male,2,14,22,14,Grocery,5,4,0,,263
52648,0,8,Phone,1,29,Married,5,Male,,1,16,3,Household,1,3,0,0,127
52649,0,23,Mobile Phone,1,10,Married,4,Female,3,14,12,10,Fashion,9,4,1,5,203
52650,0,13,Phone,1,18,Married,3,Female,2,7,12,7,Laptop & Accessory,3,5,0,1,144
52651,0,27,Mobile Phone,1,13,Married,3,Female,3,1,15,7,Laptop & Accessory,5,1,0,1,169
52652,0,4,Pad,3,13,Married,3,Female,3,2,14,2,Fashion,3,5,0,2,196
52653,0,1,Phone,1,7,Married,3,Female,3,1,25,2,Mobile Phone,2,5,0,1,136
52654,0,11,Mobile Phone,3,8,Married,5,Female,3,1,20,3,Laptop & Accessory,3,1,1,0,154
52655,0,3,Phone,3,16,Single,3,Male,2,1,13,2,Laptop & Accessory,2,1,0,1,147
52656,0,33,Pad,1,21,Married,3,Male,2,,14,2,Grocery,3,3,1,2,258
52657,0,,Pad,1,20,Single,3,Female,2,1,16,0,Mobile Phone,2,3,0,1,115
52658,1,3,Phone,2,24,Married,1,Male,,1,17,0,Household,1,5,0,1,130
52659,1,3,Phone,2,,Married,4,Male,2,2,15,0,Household,5,5,1,2,123
52660,0,18,Pad,3,8,Married,3,Female,3,5,22,7,Laptop & Accessory,5,3,0,3,152
52661,0,9,Mobile Phone,1,8,Married,3,Female,3,1,22,0,Laptop & Accessory,5,4,1,1,170
52662,0,16,Pad,3,8,Married,3,Male,3,7,20,7,Laptop & Accessory,2,1,0,7,157
52663,0,3,Pad,1,,Single,3,Female,2,1,14,2,Household,1,1,1,1,124
52664,0,2,Pad,1,26,Married,3,Male,2,3,13,10,Mobile Phone,2,1,0,1,138
52665,0,5,Pad,3,16,Single,3,Male,3,1,13,0,Laptop & Accessory,9,1,0,0,146
52666,0,15,Pad,1,16,Married,3,Male,,3,22,3,Household,4,3,0,3,129
52667,0,,Phone,1,15,Single,3,Female,3,2,12,0,Household,5,3,0,0,121
52668,0,19,Mobile Phone,1,8,Married,3,Male,2,4,14,7,Fashion,4,1,0,0,186
52669,0,1,Pad,2,7,Married,3,Male,,2,15,2,Household,2,1,0,1,127
52670,0,2,Mobile Phone,1,35,Married,5,Male,3,1,17,6,Laptop & Accessory,9,3,0,0,164
52671,0,15,Phone,1,14,Single,3,Male,2,1,13,0,Mobile Phone,5,3,0,1,140
52672,1,3,Mobile Phone,3,8,Single,4,Male,2,2,12,2,Laptop & Accessory,8,4,1,1,199
52673,0,19,Mobile Phone,3,9,Married,1,Female,2,,12,8,Grocery,3,5,0,2,232
52674,0,3,Phone,3,29,Married,4,Female,2,5,21,8,Laptop & Accessory,2,3,0,3,135
52675,0,2,Phone,2,12,Married,4,Male,,1,11,0,Household,2,4,0,1,128
52676,0,16,Mobile Phone,1,12,Married,4,Female,2,6,,14,Others,8,3,0,6,294
52677,0,21,Mobile Phone,1,16,Married,4,Male,3,12,,9,Others,5,4,0,3,297
52678,1,3,Pad,1,,Single,4,Male,3,1,24,0,Household,2,1,1,1,124
52679,1,9,Mobile Phone,3,16,Married,3,Female,3,1,21,7,Fashion,6,4,0,1,173
52680,0,3,Pad,1,21,Married,4,Female,3,7,19,3,Mobile Phone,1,5,0,0,148
52681,0,12,Phone,1,25,Married,3,Male,2,2,14,2,Laptop & Accessory,9,1,0,0,139
52682,0,28,Phone,1,8,Married,4,Male,,1,20,4,Household,9,1,0,1,127
52683,0,1,Phone,3,9,Married,3,Female,,1,19,0,Household,2,4,0,1,129
52684,1,3,Mobile Phone,3,15,Single,3,Male,2,1,13,0,Mobile Phone,2,1,0,0,111
52685,1,3,Phone,1,,Single,3,Male,3,1,23,0,Household,2,4,1,1,125
52686,0,9,Mobile Phone,3,16,Married,4,Female,3,1,13,7,Laptop & Accessory,2,3,1,0,157
52687,0,4,Phone,1,26,Married,3,Male,2,1,11,2,Laptop & Accessory,2,3,0,0,142
52688,0,7,Mobile Phone,3,10,Married,3,Male,3,1,13,0,Fashion,3,1,1,0,197
52689,0,,Phone,1,13,Single,3,Male,2,1,14,2,Household,4,5,0,0,121
52690,0,13,Phone,1,13,Married,3,Male,3,1,22,4,Laptop & Accessory,6,5,1,0,143
52691,0,8,Phone,1,22,Married,4,Female,2,1,11,2,Laptop & Accessory,1,4,1,0,148
52692,0,18,Mobile Phone,1,31,Married,4,Female,3,3,13,8,Laptop & Accessory,1,1,0,0,159
52693,0,9,Pad,2,8,Single,4,Male,3,1,21,8,Laptop & Accessory,2,1,0,1,139
52694,0,13,Mobile Phone,1,7,Married,3,Male,3,11,11,16,Grocery,3,5,0,,268
52695,0,3,Phone,1,7,Married,4,Female,,1,13,0,Household,2,3,1,0,129
52696,0,3,Mobile Phone,3,8,Single,1,Female,2,1,14,7,Laptop & Accessory,1,3,0,0,165
52697,0,21,Pad,1,28,Married,3,Female,2,4,11,7,Grocery,4,1,0,,272
52698,0,17,Mobile Phone,1,7,Married,1,Male,3,2,15,2,Laptop & Accessory,3,5,0,1,150
52699,1,,Pad,1,22,Married,5,Male,2,3,23,0,Household,2,5,1,0,123
52700,1,19,Phone,1,,Single,3,Male,3,1,16,0,Household,2,1,0,0,126
52701,0,9,Mobile Phone,3,23,Married,4,Male,2,1,16,3,Laptop & Accessory,3,4,0,1,155
52702,0,14,Phone,3,14,Married,3,Female,2,1,21,4,Laptop & Accessory,6,4,0,0,144
52703,0,15,Mobile Phone,1,12,Married,3,Male,2,,13,7,Fashion,10,5,0,5,233
52704,0,4,Mobile Phone,3,16,Married,3,Female,2,1,11,4,Laptop & Accessory,3,1,1,1,166
52705,0,7,Mobile Phone,3,9,Married,4,Female,3,1,12,1,Laptop & Accessory,4,1,1,0,181
52706,0,4,Phone,1,10,Married,1,Female,3,2,12,2,Mobile Phone,9,3,0,1,140
52707,0,3,Pad,1,,Married,1,Male,3,7,18,7,Household,1,1,0,2,125
52708,0,18,Pad,1,7,Single,3,Male,2,1,12,3,Laptop & Accessory,5,3,0,0,154
52709,0,6,Mobile Phone,3,16,Single,3,Male,2,1,14,9,Laptop & Accessory,2,3,0,0,155
52710,0,1,Pad,3,7,Married,4,Male,2,1,12,7,Laptop & Accessory,2,1,1,1,168
52711,1,3,Pad,3,30,Single,1,Male,2,1,17,0,Mobile Phone,2,5,0,0,111
52712,0,12,Pad,3,27,Married,5,Female,2,1,19,2,Laptop & Accessory,7,3,0,0,157
52713,0,,Phone,1,8,Married,3,Male,2,1,11,2,Household,2,4,0,0,122
52714,0,7,Pad,1,28,Married,4,Male,2,6,15,11,Laptop & Accessory,2,1,1,3,157
52715,1,3,Mobile Phone,3,19,Single,3,Female,2,2,11,2,Laptop & Accessory,4,3,1,0,199
52716,0,23,Pad,1,20,Married,3,Male,3,1,18,7,Laptop & Accessory,9,4,0,0,155
52717,0,29,Mobile Phone,3,17,Married,4,Female,2,1,16,0,Laptop & Accessory,5,5,0,0,154
52718,0,12,Mobile Phone,1,15,Married,3,Male,2,7,25,9,Laptop & Accessory,2,5,0,0,152
52719,0,,Pad,1,14,Married,4,Female,2,1,16,7,Laptop & Accessory,2,4,1,1,121
52720,0,63,Mobile Phone,3,27,Married,3,Female,3,1,13,0,Grocery,5,1,1,,279
52721,1,3,Pad,1,,Single,1,Female,2,1,14,3,Household,4,3,1,0,124
52722,0,11,Phone,1,15,Married,3,Male,3,1,19,3,Mobile Phone,3,1,0,0,148
52723,0,22,Pad,1,8,Married,3,Male,2,4,15,3,Others,4,1,0,,292
52724,0,15,Mobile Phone,3,18,Married,3,Male,3,1,12,0,Laptop & Accessory,4,1,1,1,151
52725,1,3,Pad,2,28,Married,4,Female,,1,12,0,Household,2,4,0,1,129
52726,0,8,Mobile Phone,3,24,Married,3,Male,3,1,16,4,Laptop & Accessory,1,5,0,1,156
52727,0,,Pad,1,22,Single,3,Male,2,1,14,4,Household,2,3,0,0,121
52728,0,4,Pad,1,9,Married,3,Male,,2,13,3,Household,2,5,1,2,131
52729,0,9,Pad,1,15,Married,1,Male,,1,22,2,Household,2,4,0,1,128
52730,0,7,Mobile Phone,3,7,Single,3,Male,2,2,21,1,Fashion,2,1,0,2,199
52731,0,7,Mobile Phone,3,19,Married,3,Male,2,1,18,1,Fashion,2,3,0,0,186
52732,0,3,Phone,1,7,Single,3,Male,,7,13,6,Household,1,5,0,7,129
52733,0,2,Mobile Phone,1,7,Married,3,Male,2,1,12,2,Laptop & Accessory,1,5,0,0,154
52734,0,5,Pad,1,21,Married,3,Female,2,1,18,2,Laptop & Accessory,6,1,0,0,167
52735,0,4,Pad,1,7,Married,5,Male,2,8,21,7,Laptop & Accessory,2,5,0,6,150
52736,1,3,Phone,1,,Married,4,Male,2,1,12,3,Household,6,1,0,1,124
52737,0,11,Phone,3,7,Single,4,Male,,1,14,0,Household,5,5,0,1,129
52738,0,8,Mobile Phone,3,13,Married,3,Female,2,1,11,9,Laptop & Accessory,2,1,1,1,152
52739,0,3,Phone,3,15,Single,3,Male,2,1,14,7,Laptop & Accessory,2,1,0,1,141
52740,0,5,Mobile Phone,1,11,Single,4,Male,2,1,24,0,Laptop & Accessory,9,1,0,1,197
52741,1,3,Pad,3,32,Married,3,Male,3,1,11,8,Laptop & Accessory,2,1,1,0,156
52742,1,16,Mobile Phone,3,30,Single,3,Male,3,2,13,2,Fashion,7,5,1,0,204
52743,0,27,Phone,1,15,Married,3,Female,,2,11,3,Laptop & Accessory,4,3,0,1,129
52744,0,6,Pad,1,13,Married,3,Male,2,2,20,8,Laptop & Accessory,2,3,0,0,160
52745,0,16,Mobile Phone,1,17,Married,3,Male,1,1,17,9,Fashion,2,3,0,1,175
52746,0,11,Pad,2,7,Married,3,Male,,1,11,2,Household,1,4,1,0,130
52747,0,28,Mobile Phone,2,32,Married,1,Male,3,1,,4,Others,5,4,1,1,296
52748,0,4,Mobile Phone,1,8,Married,5,Female,2,1,11,0,Mobile Phone,2,1,1,0,111
52749,0,12,Mobile Phone,3,21,Single,3,Male,3,,12,10,Grocery,1,5,0,4,233
52750,0,15,Pad,1,29,Single,4,Male,2,3,12,7,Laptop & Accessory,2,3,0,3,143
52751,0,4,Pad,1,16,Married,3,Female,2,4,20,,Fashion,5,3,0,3,210
52752,0,27,Phone,1,16,Single,3,Female,3,1,19,4,Laptop & Accessory,7,5,1,0,144
52753,0,3,Phone,1,7,Single,4,Male,2,1,12,2,Laptop & Accessory,2,3,0,1,146
52754,0,3,Phone,1,,Single,3,Male,3,1,13,4,Household,2,1,0,1,126
52755,0,13,Pad,1,17,Married,3,Female,3,9,11,4,Laptop & Accessory,2,3,0,7,163
52756,0,13,Mobile Phone,3,8,Married,3,Female,3,5,14,10,Laptop & Accessory,4,4,0,1,157
52757,0,,Phone,2,8,Married,3,Female,2,1,14,2,Household,5,4,0,0,122
52758,0,3,Phone,1,7,Married,3,Male,3,1,13,7,Mobile Phone,2,4,0,1,137
52759,0,3,Phone,1,8,Married,3,Male,2,1,19,2,Mobile Phone,7,3,1,0,140
52760,0,23,Mobile Phone,1,31,Single,3,Male,2,12,23,11,Fashion,3,3,0,9,186
52761,0,,Pad,1,7,Married,4,Male,2,1,12,0,Household,2,3,0,0,120
52762,0,11,Phone,3,7,Married,3,Male,2,5,15,8,Laptop & Accessory,1,4,0,1,144
52763,0,4,Phone,3,8,Married,3,Male,,1,19,2,Household,1,3,0,0,131
52764,0,11,Pad,1,12,Married,4,Male,3,7,11,7,Laptop & Accessory,3,3,0,2,153
52765,0,15,Mobile Phone,1,24,Married,3,Male,2,1,17,2,Laptop & Accessory,7,5,1,1,154
52766,0,14,Phone,1,7,Married,3,Male,,1,22,0,Household,4,1,0,0,128
52767,0,23,Pad,1,7,Married,3,Female,3,5,18,,Fashion,1,4,0,0,220
52768,0,8,Phone,1,17,Married,3,Male,2,2,11,2,Household,8,3,1,2,127
52769,0,3,Phone,1,7,Single,3,Male,3,1,12,2,Household,1,3,0,1,134
52770,0,8,Mobile Phone,1,15,Single,3,Male,2,1,19,8,Laptop & Accessory,2,3,0,0,151
52771,0,6,Phone,1,21,Married,3,Female,3,8,13,1,Laptop & Accessory,1,1,1,6,149
52772,0,5,Phone,1,35,Single,4,Female,,4,13,1,Household,2,4,0,0,128
52773,0,13,Phone,1,,Married,3,Male,2,1,19,0,Household,9,1,0,1,124
52774,0,,Phone,3,7,Married,4,Male,3,2,14,2,Household,1,4,0,2,123
52775,0,12,Phone,1,30,Single,3,Male,2,1,13,7,Laptop & Accessory,8,1,0,0,141
52776,0,11,Mobile Phone,1,16,Married,5,Female,3,,12,11,Fashion,4,3,0,0,232
52777,0,5,Mobile Phone,3,7,Married,3,Female,2,5,19,7,Fashion,2,1,0,0,204
52778,0,13,Mobile Phone,1,16,Married,1,Female,2,,25,8,Fashion,2,1,1,5,237
52779,0,3,Phone,3,14,Married,3,Female,2,1,22,4,Laptop & Accessory,1,3,1,0,149
52780,0,25,Pad,3,35,Married,3,Male,2,1,15,0,Household,3,1,0,1,135
52781,0,17,Phone,1,,Single,3,Male,2,1,12,2,Household,7,1,1,1,124
52782,0,3,Phone,3,,Single,3,Male,2,1,11,2,Household,2,5,1,1,124
52783,0,12,Pad,1,15,Single,3,Male,2,1,,3,Others,3,1,0,1,294
52784,1,,Pad,3,15,Married,3,Male,2,1,19,0,Mobile Phone,2,5,0,1,118
52785,0,9,Mobile Phone,3,9,Married,4,Female,3,3,19,4,Fashion,1,1,0,0,176
52786,0,9,Pad,1,10,Married,3,Female,3,1,13,2,Laptop & Accessory,8,4,0,0,151
52787,0,29,Pad,1,7,Married,3,Male,2,1,21,9,Laptop & Accessory,2,3,0,0,163
52788,1,3,Phone,1,7,Married,3,Male,2,2,14,2,Mobile Phone,10,1,1,2,148
52789,0,15,Mobile Phone,1,8,Married,3,Male,2,4,11,14,Others,6,3,0,,289
52790,1,19,Phone,1,,Married,3,Male,3,9,11,8,Household,9,3,0,6,123
52791,0,14,Mobile Phone,1,34,Married,4,Female,2,,23,10,Grocery,1,4,0,1,236
52792,0,7,Mobile Phone,3,34,Married,4,Female,3,1,21,7,Laptop & Accessory,2,3,0,1,167
52793,0,9,Pad,3,21,Married,5,Male,2,11,24,11,Laptop & Accessory,2,1,0,5,154
52794,0,14,Mobile Phone,3,9,Married,4,Male,2,1,11,4,Laptop & Accessory,3,4,0,1,189
52795,0,5,Phone,1,,Single,3,Male,3,1,14,2,Household,2,5,0,0,124
52796,0,8,Mobile Phone,2,32,Single,3,Female,2,1,16,7,Fashion,2,1,1,1,188
52797,0,11,Mobile Phone,3,16,Married,3,Female,3,1,11,9,Laptop & Accessory,2,1,0,0,153
52798,1,13,Pad,3,7,Married,3,Male,3,1,12,1,Laptop & Accessory,8,3,0,1,167
52799,0,9,Mobile Phone,3,17,Married,4,Female,3,1,13,0,Laptop & Accessory,5,1,0,1,167
52800,0,18,Phone,3,26,Single,3,Female,2,1,15,1,Laptop & Accessory,9,3,0,0,149
52801,0,13,Phone,1,8,Single,4,Male,,2,14,2,Household,3,3,0,0,128
52802,0,8,Pad,1,24,Married,3,Male,3,1,14,2,Laptop & Accessory,2,3,1,0,157
52803,0,,Mobile Phone,1,8,Married,3,Female,3,1,14,2,Household,3,3,0,0,120
52804,0,8,Phone,1,7,Married,5,Female,,1,12,1,Household,2,1,0,1,130
52805,0,2,Phone,1,19,Married,4,Male,2,1,13,3,Laptop & Accessory,5,4,1,0,140
52806,0,2,Phone,1,34,Single,4,Female,3,1,14,4,Mobile Phone,2,5,0,0,138
52807,1,13,Mobile Phone,3,34,Married,4,Male,2,2,13,0,Fashion,5,5,1,2,209
52808,0,12,Mobile Phone,3,30,Married,4,Female,2,9,11,,Grocery,1,1,0,3,220
52809,0,4,Pad,1,11,Single,3,Male,3,1,19,7,Laptop & Accessory,1,5,0,1,199
52810,0,3,Phone,3,11,Single,4,Female,,1,18,0,Household,1,3,0,1,130
52811,0,9,Pad,1,,Married,1,Male,2,1,17,3,Laptop & Accessory,5,1,0,0,126
52812,0,12,Mobile Phone,1,12,Married,4,Male,2,1,15,7,Fashion,5,5,0,0,200
52813,0,3,Mobile Phone,1,10,Married,1,Male,2,1,20,3,Laptop & Accessory,2,4,1,0,161
52814,0,22,Pad,3,8,Married,4,Male,3,1,14,8,Laptop & Accessory,3,4,0,1,154
52815,0,7,Phone,1,14,Married,1,Male,2,1,12,2,Laptop & Accessory,3,3,0,1,144
52816,1,5,Mobile Phone,3,7,Single,4,Female,4,2,12,6,Laptop & Accessory,10,2,1,2,185
52817,1,1,Phone,1,9,Single,5,Male,4,2,16,1,Mobile Phone,8,3,1,1,146
52818,1,1,Phone,1,31,Single,5,Male,3,2,15,4,Mobile Phone,7,3,1,1,145
52819,1,1,Mobile Phone,3,16,Single,5,Male,3,2,24,4,Laptop & Accessory,9,5,0,1,159
52820,1,1,Mobile Phone,1,13,Single,4,Male,3,2,12,4,Mobile Phone,4,5,0,2,155
52821,1,1,Pad,1,23,Single,6,Female,4,7,23,8,Mobile Phone,3,5,1,5,164
52822,1,3,Phone,3,12,Divorced,4,Male,3,2,15,1,Laptop & Accessory,5,2,0,1,146
52823,1,1,Phone,1,7,Divorced,4,Male,4,3,17,1,Mobile Phone,4,2,1,3,148
52824,1,14,Mobile Phone,3,10,Divorced,5,Male,3,2,15,3,Mobile Phone,3,3,1,1,152
52825,1,1,Phone,1,32,Single,6,Male,3,2,13,2,Mobile Phone,3,3,0,2,148
52826,1,5,Mobile Phone,1,19,Divorced,4,Female,3,16,,9,Others,3,3,0,10,320
52827,1,12,Mobile Phone,1,7,Single,5,Male,4,2,14,1,Fashion,11,3,1,1,179
52828,1,1,Mobile Phone,1,12,Single,4,Male,3,3,14,3,Mobile Phone,3,3,1,3,159
52829,1,1,Mobile Phone,1,16,Divorced,5,Male,4,2,18,1,Mobile Phone,2,3,1,1,159
52830,1,13,Mobile Phone,3,16,Single,5,Male,4,5,17,,Fashion,3,2,0,1,221
52831,1,1,Phone,2,13,Married,4,Male,4,2,23,3,Mobile Phone,6,5,1,2,146
52832,1,1,Pad,1,13,Single,5,Female,4,2,19,1,Mobile Phone,3,2,1,2,154
52833,1,1,Mobile Phone,3,12,Single,5,Male,3,2,12,4,Laptop & Accessory,3,3,1,2,182
52834,1,1,Pad,1,14,Single,6,Male,4,2,25,7,Laptop & Accessory,3,3,1,2,186
52835,1,23,Mobile Phone,1,21,Divorced,4,Female,4,5,19,4,Mobile Phone,11,4,1,2,175
52836,1,1,Mobile Phone,3,13,Divorced,6,Male,4,8,19,8,Laptop & Accessory,6,3,1,7,187
52837,1,21,Mobile Phone,1,30,Divorced,4,Female,4,16,13,,Fashion,3,2,0,12,228
52838,1,1,Phone,3,29,Single,4,Male,3,2,20,1,Mobile Phone,3,3,1,1,142
52839,1,1,Mobile Phone,3,27,Divorced,6,Female,4,3,12,3,Laptop & Accessory,5,3,1,2,171
52840,1,15,Pad,1,15,Single,6,Male,3,2,16,4,Fashion,4,2,0,1,232
52841,1,1,Mobile Phone,1,16,Single,4,Female,3,2,23,5,Mobile Phone,9,5,0,2,167
52842,0,9,Mobile Phone,3,7,Divorced,4,Male,4,2,14,7,Fashion,3,4,0,2,198
52843,0,27,Phone,3,13,Divorced,4,Male,3,5,21,6,Laptop & Accessory,4,3,1,1,148
52844,0,19,Phone,1,16,Married,4,Male,3,2,19,16,Laptop & Accessory,10,4,0,2,148
52845,0,6,Pad,3,15,Single,4,Female,3,4,15,,Fashion,3,2,0,3,215
52846,0,3,Pad,1,7,Divorced,4,Male,3,2,14,10,Laptop & Accessory,3,3,0,1,168
52847,0,1,Mobile Phone,1,14,Divorced,5,Male,3,2,18,1,Laptop & Accessory,4,3,0,2,186
52848,0,31,Mobile Phone,1,16,Divorced,5,Female,4,2,21,1,Mobile Phone,6,4,1,2,158
52849,0,14,Mobile Phone,3,11,Divorced,5,Male,4,,12,12,Fashion,9,2,0,3,234
52850,0,8,Pad,3,9,Divorced,4,Female,4,2,19,3,Mobile Phone,8,3,0,2,147
52851,0,1,Phone,1,26,Divorced,4,Male,4,3,25,3,Mobile Phone,3,2,0,1,148
52852,0,1,Pad,1,16,Married,4,Male,3,3,19,3,Mobile Phone,8,4,0,1,145
52853,0,2,Mobile Phone,1,28,Divorced,4,Male,3,2,12,3,Mobile Phone,3,2,0,1,152
52854,0,31,Mobile Phone,1,31,Married,3,Male,3,2,17,,Fashion,5,2,1,2,219
52855,0,1,Pad,1,10,Married,5,Male,4,2,16,2,Mobile Phone,3,3,1,1,151
52856,0,24,Mobile Phone,1,18,Single,4,Female,3,5,16,5,Others,5,4,0,3,324
52857,0,15,Phone,1,21,Married,4,Male,3,2,13,9,Mobile Phone,6,3,0,2,150
52858,0,4,Mobile Phone,3,12,Divorced,4,Female,3,8,13,,Fashion,4,2,0,3,219
52859,0,12,Mobile Phone,3,7,Single,5,Female,3,2,23,,Laptop & Accessory,6,2,0,2,212
52860,0,6,Mobile Phone,1,13,Single,4,Male,3,2,21,5,Mobile Phone,5,3,0,1,155
52861,0,1,Mobile Phone,1,24,Divorced,4,Male,3,2,17,2,Mobile Phone,2,4,1,2,156
52862,1,1,Pad,3,7,Single,6,Female,4,2,22,1,Mobile Phone,2,5,0,2,148
52863,0,13,Pad,1,10,Single,4,Male,2,8,13,3,Mobile Phone,6,4,0,5,146
52864,0,4,Pad,1,16,Married,4,Male,4,7,12,11,Laptop & Accessory,3,5,0,1,156
52865,0,19,Mobile Phone,3,11,Married,4,Female,2,2,12,4,Laptop & Accessory,6,5,1,1,175
52866,0,33,Mobile Phone,1,15,Married,4,Female,4,3,19,3,Mobile Phone,6,5,1,2,168
52867,0,7,Mobile Phone,1,9,Single,4,Male,3,2,15,3,Mobile Phone,2,2,0,1,150
52868,1,1,Phone,1,9,Single,5,Male,3,2,23,1,Mobile Phone,3,2,0,1,136
52869,0,23,Mobile Phone,3,7,Married,4,Female,4,16,26,,Fashion,3,5,0,5,230
52870,0,12,Phone,1,16,Single,4,Female,4,3,13,2,Mobile Phone,3,2,0,2,148
52871,0,5,Mobile Phone,1,19,Divorced,4,Female,4,2,24,3,Mobile Phone,10,2,1,2,164
52872,0,8,Phone,1,34,Single,4,Female,4,2,16,3,Mobile Phone,4,4,0,2,148
52873,1,5,Mobile Phone,3,27,Single,4,Female,4,2,23,3,Mobile Phone,3,4,1,1,156
52874,0,24,Mobile Phone,1,7,Divorced,5,Male,3,2,16,3,Mobile Phone,4,3,0,1,162
52875,0,27,Mobile Phone,1,20,Married,3,Female,3,2,12,4,Laptop & Accessory,3,5,0,2,170
52876,0,7,Mobile Phone,1,21,Divorced,4,Female,4,2,14,7,Mobile Phone,3,4,0,1,153
52877,0,14,Mobile Phone,1,11,Divorced,4,Female,3,10,,10,Others,3,3,0,1,315
52878,0,29,Mobile Phone,1,21,Single,3,Male,4,3,,16,Others,10,4,0,1,312
52879,0,8,Pad,1,9,Divorced,5,Male,3,2,18,,Laptop & Accessory,3,3,0,1,220
52880,0,25,Mobile Phone,1,10,Single,4,Female,4,2,19,1,Grocery,5,4,0,,262
52881,0,26,Mobile Phone,1,7,Divorced,5,Male,4,12,15,10,Others,2,3,0,2,325
52882,0,1,Phone,1,16,Single,4,Female,3,2,17,4,Mobile Phone,3,4,0,2,148
52883,1,1,Mobile Phone,1,30,Divorced,5,Male,3,2,14,2,Laptop & Accessory,5,3,1,2,184
52884,0,17,Pad,1,14,Married,3,Male,3,3,15,3,Mobile Phone,6,2,0,1,146
52885,0,19,Pad,1,9,Divorced,5,Male,4,12,,9,Grocery,11,2,0,10,293
52886,0,11,Mobile Phone,1,28,Divorced,3,Male,4,2,13,8,Mobile Phone,3,5,1,1,161
52887,0,9,Pad,1,9,Single,4,Female,3,2,12,3,Laptop & Accessory,7,4,0,2,169
52888,0,16,Pad,1,28,Married,4,Female,3,2,17,3,Laptop & Accessory,4,3,0,1,178
52889,0,12,Mobile Phone,1,9,Divorced,4,Male,3,2,15,1,Laptop & Accessory,11,3,0,1,191
52890,0,12,Mobile Phone,1,36,Divorced,4,Male,3,2,19,8,Laptop & Accessory,5,2,0,1,188
52891,0,1,Pad,1,7,Divorced,5,Male,3,3,20,1,Laptop & Accessory,7,5,0,1,168
52892,0,23,Pad,1,25,Married,4,Male,4,2,16,8,Laptop & Accessory,3,2,1,1,193
52893,0,8,Pad,1,17,Married,4,Male,3,3,18,1,Mobile Phone,3,3,1,3,163
52894,0,14,Mobile Phone,1,26,Divorced,4,Male,3,4,16,8,Laptop & Accessory,10,2,1,2,152
52895,1,2,Mobile Phone,1,36,Divorced,4,Male,4,2,20,1,Laptop & Accessory,9,5,1,1,192
52896,1,1,Mobile Phone,3,34,Divorced,4,Female,3,2,23,10,Fashion,3,2,0,2,201
52897,0,1,Phone,1,12,Married,3,Male,3,3,17,3,Mobile Phone,3,4,1,1,148
52898,0,13,Pad,1,25,Single,4,Female,4,2,14,8,Mobile Phone,3,2,0,2,147
52899,0,14,Pad,1,16,Divorced,5,Male,4,2,15,3,Laptop & Accessory,11,2,0,2,174
52900,0,23,Mobile Phone,1,7,Married,4,Male,4,2,17,,Fashion,9,5,0,1,219
52901,1,1,Mobile Phone,3,11,Divorced,6,Male,3,10,12,,Fashion,3,2,0,8,229
52902,0,4,Pad,1,7,Single,5,Male,3,6,23,,Fashion,3,3,0,3,210
52903,0,1,Pad,3,27,Single,4,Female,3,2,15,,Laptop & Accessory,3,3,0,2,225
52904,0,25,Mobile Phone,1,15,Divorced,5,Male,3,,17,8,Fashion,7,4,0,2,250
52905,1,1,Mobile Phone,1,10,Single,4,Female,3,2,12,5,Mobile Phone,7,5,1,2,152
52906,0,15,Mobile Phone,3,13,Single,4,Female,4,2,19,1,Fashion,5,2,1,1,261
52907,1,1,Pad,3,33,Single,5,Female,3,2,16,2,Laptop & Accessory,7,5,0,1,192
52908,1,1,Phone,1,7,Single,4,Male,3,2,15,6,Mobile Phone,2,3,0,1,146
52909,0,19,Pad,3,13,Single,5,Female,3,13,13,,Fashion,8,2,0,13,214
52910,0,28,Mobile Phone,3,10,Divorced,4,Female,3,2,15,6,Laptop & Accessory,4,5,0,2,184
52911,0,13,Mobile Phone,1,12,Single,4,Male,4,4,17,8,Laptop & Accessory,10,4,0,1,184
52912,0,7,Mobile Phone,1,11,Divorced,5,Female,3,2,22,2,Mobile Phone,8,4,0,1,151
52913,0,11,Pad,1,18,Married,4,Male,3,,15,8,Fashion,3,2,1,1,247
52914,0,12,Mobile Phone,3,10,Married,4,Male,4,6,13,,Fashion,2,3,0,2,231
52915,0,5,Pad,1,7,Divorced,6,Male,3,2,13,5,Laptop & Accessory,2,3,0,2,168
52916,0,31,Phone,1,10,Divorced,5,Male,4,2,18,1,Mobile Phone,5,2,0,1,147
52917,0,11,Pad,3,11,Married,4,Male,3,6,18,9,Mobile Phone,6,2,0,2,25
52918,0,3,Pad,3,7,Divorced,4,Female,3,5,15,2,Fashion,3,2,0,5,204
52919,0,9,Pad,3,7,Single,4,Female,4,2,15,,Fashion,3,3,0,2,213
52920,1,1,Phone,1,25,Single,5,Male,3,2,14,2,Mobile Phone,3,2,1,1,149
52921,0,26,Mobile Phone,1,9,Single,5,Female,3,3,16,3,Mobile Phone,9,2,0,1,157
52922,0,16,Mobile Phone,1,11,Divorced,4,Male,3,12,,16,Others,3,2,0,1,317
52923,0,31,Phone,2,13,Divorced,4,Male,3,3,18,3,Mobile Phone,10,3,0,3,148
52924,0,24,Mobile Phone,3,7,Married,4,Female,4,2,,7,Others,5,2,0,2,320
52925,1,1,Phone,1,21,Divorced,4,Male,3,2,14,5,Mobile Phone,7,2,1,1,149
52926,0,17,Mobile Phone,3,23,Divorced,4,Female,4,2,23,10,Grocery,7,2,1,,286
52927,1,1,Mobile Phone,1,9,Divorced,4,Female,3,2,21,8,Mobile Phone,9,5,0,2,152
52928,0,26,Pad,3,9,Single,5,Male,4,16,,13,Others,3,3,1,8,316
52929,0,6,Mobile Phone,3,11,Divorced,4,Female,3,2,12,3,Mobile Phone,4,4,0,2,164
52930,1,1,Mobile Phone,1,7,Single,5,Male,4,2,15,3,Mobile Phone,2,3,1,2,162
52931,0,13,Phone,1,7,Married,4,Female,4,2,15,3,Mobile Phone,9,3,0,1,147
52932,0,6,Pad,3,33,Divorced,4,Male,4,3,19,3,Laptop & Accessory,2,2,0,2,170
52933,0,15,Mobile Phone,1,26,Married,4,Male,3,2,17,1,Laptop & Accessory,4,5,0,2,156
52934,0,14,Mobile Phone,1,31,Married,4,Male,4,5,18,8,Laptop & Accessory,3,2,0,3,158
52935,0,19,Mobile Phone,1,7,Divorced,3,Male,4,2,,8,Others,2,2,0,2,317
52936,0,5,Pad,1,10,Married,4,Male,4,3,13,3,Fashion,11,3,0,,262
52937,0,7,Mobile Phone,1,12,Divorced,5,Female,4,2,14,3,Mobile Phone,3,2,0,1,154
52938,0,8,Mobile Phone,1,9,Divorced,5,Male,3,6,14,10,Laptop & Accessory,8,5,0,1,185
52939,0,11,Mobile Phone,1,7,Divorced,5,Female,3,2,15,3,Mobile Phone,4,5,0,2,164
52940,0,19,Pad,1,14,Divorced,3,Male,4,2,18,3,Laptop & Accessory,6,3,0,1,189
52941,1,1,Pad,1,17,Married,4,Male,4,2,12,,Fashion,8,3,0,2,225
52942,0,13,Pad,1,9,Single,4,Female,4,,26,9,Fashion,2,3,0,11,234
52943,0,3,Phone,1,22,Single,4,Male,3,2,20,6,Mobile Phone,3,2,0,1,148
52944,0,16,Mobile Phone,1,24,Single,3,Female,3,2,14,3,Laptop & Accessory,5,5,1,1,190
52945,0,3,Mobile Phone,3,27,Married,4,Male,3,2,15,3,Laptop & Accessory,4,2,0,2,194
52946,0,1,Mobile Phone,1,7,Divorced,4,Female,4,2,13,3,Laptop & Accessory,2,3,0,2,174
52947,0,16,Mobile Phone,1,9,Married,5,Female,3,8,12,9,Mobile Phone,2,5,1,5,151
52948,0,14,Mobile Phone,1,9,Married,4,Male,3,4,,10,Others,2,3,0,1,319
52949,0,25,Mobile Phone,1,7,Divorced,4,Male,4,2,12,1,Mobile Phone,3,2,0,2,152
52950,1,1,Pad,1,36,Single,5,Male,4,2,12,5,Mobile Phone,2,4,0,2,160
52951,0,6,Pad,1,14,Divorced,3,Male,4,2,21,4,Mobile Phone,3,4,0,1,153
52952,0,12,Pad,3,9,Divorced,5,Male,3,8,19,6,Laptop & Accessory,5,2,0,7,177
52953,0,6,Phone,1,9,Single,5,Male,3,2,14,5,Laptop & Accessory,6,5,0,1,147
52954,0,23,Mobile Phone,3,9,Divorced,6,Female,4,8,,8,Grocery,5,4,1,7,294
52955,1,1,Mobile Phone,1,9,Single,4,Male,4,2,12,1,Mobile Phone,4,3,0,2,160
52956,0,3,Mobile Phone,3,9,Divorced,5,Male,4,2,20,1,Laptop & Accessory,4,4,0,1,191
52957,0,5,Mobile Phone,1,30,Divorced,5,Male,4,8,22,9,Laptop & Accessory,2,2,0,2,181
52958,0,1,Pad,1,12,Married,3,Male,3,2,13,6,Laptop & Accessory,3,5,0,2,165
52959,0,19,Mobile Phone,1,27,Divorced,4,Male,4,,15,11,Grocery,2,2,1,1,260
52960,0,13,Mobile Phone,1,13,Divorced,4,Male,3,11,12,12,Mobile Phone,2,2,0,5,157
52961,0,29,Mobile Phone,1,7,Single,4,Male,3,5,,14,Others,2,5,1,5,315
52962,1,11,Pad,1,36,Divorced,4,Male,3,,13,10,Fashion,3,4,1,6,243
52963,0,2,Phone,1,16,Divorced,4,Male,4,2,24,5,Mobile Phone,3,2,0,2,146
52964,0,11,Mobile Phone,3,13,Divorced,4,Male,4,2,15,2,Laptop & Accessory,6,2,0,1,190
52965,0,1,Mobile Phone,1,10,Single,5,Male,4,2,18,1,Mobile Phone,3,3,0,2,157
52966,0,11,Pad,1,7,Married,4,Female,1,2,19,3,Fashion,4,2,1,,261
52967,0,3,Mobile Phone,1,29,Married,3,Female,4,,19,3,Fashion,9,4,0,6,245
52968,0,12,Mobile Phone,3,14,Married,3,Female,3,8,25,8,Laptop & Accessory,3,5,1,1,181
52969,0,1,Pad,1,7,Married,4,Female,3,2,21,5,Laptop & Accessory,3,4,0,1,189
52970,0,24,Mobile Phone,1,11,Married,4,Male,4,2,,7,Others,5,4,0,2,316
52971,0,27,Mobile Phone,1,10,Divorced,4,Male,3,2,,4,Grocery,5,3,1,1,301
52972,0,16,Mobile Phone,3,7,Divorced,4,Male,3,12,26,7,Laptop & Accessory,3,3,0,5,174
52973,0,3,Pad,3,9,Single,4,Male,3,2,19,10,Laptop & Accessory,3,2,0,1,171
52974,0,29,Mobile Phone,1,27,Divorced,4,Male,3,2,20,9,Laptop & Accessory,5,2,1,2,179
52975,0,1,Pad,1,18,Divorced,4,Male,3,4,14,4,Laptop & Accessory,3,5,1,3,172
52976,0,11,Phone,1,7,Single,4,Female,3,6,13,8,Mobile Phone,3,2,0,2,146
52977,1,8,Pad,1,31,Married,4,Male,3,2,23,1,Mobile Phone,5,3,1,1,157
52978,0,12,Mobile Phone,1,30,Married,4,Male,3,2,15,3,Laptop & Accessory,11,2,0,1,182
52979,1,1,Phone,1,23,Married,4,Male,3,2,14,3,Mobile Phone,4,4,1,2,149
52980,0,2,Mobile Phone,1,15,Single,4,Female,4,2,22,3,Mobile Phone,3,2,0,1,158
52981,0,23,Pad,1,17,Single,4,Female,3,2,,3,Others,11,5,1,1,312
52982,0,13,Mobile Phone,1,10,Single,4,Male,2,8,13,8,Laptop & Accessory,6,4,0,7,170
52983,0,5,Pad,3,12,Married,4,Female,3,3,12,3,Mobile Phone,3,4,0,1,153
52984,1,1,Mobile Phone,3,11,Single,5,Male,3,8,13,5,Laptop & Accessory,3,2,1,8,183
52985,0,11,Pad,1,16,Divorced,4,Male,3,2,13,3,Mobile Phone,3,2,1,1,148
52986,0,16,Pad,3,33,Divorced,4,Female,4,,15,9,Grocery,7,4,0,3,260
52987,1,1,Phone,1,10,Single,4,Male,3,2,14,1,Mobile Phone,3,3,0,1,139
52988,0,9,Mobile Phone,3,23,Divorced,4,Male,4,7,16,10,Fashion,2,4,0,4,205
52989,0,13,Pad,1,25,Divorced,3,Male,3,2,19,1,Mobile Phone,6,2,0,1,162
52990,0,25,Mobile Phone,1,9,Married,6,Male,3,2,19,3,Laptop & Accessory,7,4,0,1,180
52991,0,15,Mobile Phone,3,9,Single,4,Male,3,2,20,5,Grocery,3,4,0,,285
52992,0,1,Phone,3,17,Single,5,Female,4,2,13,1,Mobile Phone,3,3,0,2,137
52993,0,2,Mobile Phone,1,23,Single,3,Male,4,2,20,8,Laptop & Accessory,2,5,0,1,182
52994,0,5,Mobile Phone,3,14,Divorced,3,Male,4,8,12,8,Laptop & Accessory,6,2,0,4,194
52995,0,13,Mobile Phone,1,7,Married,3,Male,3,4,18,,Fashion,2,2,0,4,221
52996,0,13,Pad,1,31,Divorced,4,Female,3,2,16,9,Laptop & Accessory,9,4,0,1,182
52997,0,6,Mobile Phone,3,14,Divorced,5,Male,4,5,15,9,Laptop & Accessory,3,3,0,2,180
52998,0,12,Mobile Phone,1,32,Divorced,5,Female,3,,18,2,Fashion,5,4,0,2,246
52999,0,31,Pad,1,7,Married,6,Male,3,2,14,3,Laptop & Accessory,4,3,1,2,182
53000,0,5,Mobile Phone,1,12,Divorced,4,Male,3,2,13,4,Mobile Phone,2,2,1,1,173
53001,0,5,Mobile Phone,2,9,Divorced,5,Male,4,2,13,1,Laptop & Accessory,5,5,0,1,189
53002,0,19,Pad,1,14,Married,4,Male,4,10,19,12,Fashion,3,5,0,6,177
53003,0,5,Mobile Phone,1,9,Married,4,Male,3,3,19,3,Mobile Phone,2,2,1,2,152
53004,0,7,Pad,1,12,Divorced,4,Female,4,,12,9,Fashion,8,4,0,3,244
53005,0,13,Mobile Phone,1,17,Divorced,4,Male,3,12,,11,Grocery,3,5,1,12,296
53006,0,17,Pad,1,17,Single,4,Female,3,2,20,8,Mobile Phone,2,2,0,1,150
53007,0,23,Mobile Phone,1,7,Single,5,Female,3,2,13,8,Grocery,9,3,1,,265
53008,1,16,Mobile Phone,1,15,Divorced,5,Male,3,8,16,8,Laptop & Accessory,4,4,0,8,174
53009,0,1,Mobile Phone,1,12,Single,4,Female,3,2,13,3,Mobile Phone,3,4,1,1,150
53010,0,6,Mobile Phone,3,15,Divorced,5,Female,4,12,12,10,Laptop & Accessory,3,4,1,7,177
53011,0,1,Mobile Phone,3,9,Single,4,Male,4,2,12,5,Laptop & Accessory,3,3,1,2,170
53012,0,5,Mobile Phone,3,14,Married,4,Male,4,2,13,8,Laptop & Accessory,6,2,0,1,200
53013,0,6,Mobile Phone,1,9,Single,3,Female,4,2,17,8,Laptop & Accessory,9,2,0,2,176
53014,1,1,Mobile Phone,1,9,Divorced,6,Male,3,3,14,3,Mobile Phone,7,2,1,3,160
53015,0,4,Mobile Phone,1,35,Divorced,4,Female,4,2,14,10,Laptop & Accessory,3,2,0,1,183
53016,0,5,Pad,1,14,Divorced,5,Female,3,9,25,,Fashion,3,3,0,4,214
53017,0,13,Pad,1,6,Divorced,5,Male,3,14,,4,Others,3,2,0,10,318
53018,1,3,Mobile Phone,3,10,Divorced,4,Female,3,2,19,1,Laptop & Accessory,6,3,1,2,177
53019,0,7,Pad,3,17,Single,5,Male,3,2,15,2,Laptop & Accessory,5,2,0,2,172
53020,0,21,Mobile Phone,1,12,Divorced,4,Male,3,2,,2,Others,6,3,0,1,308
53021,0,17,Pad,1,17,Married,5,Female,3,2,12,1,Laptop & Accessory,3,3,0,1,178
53022,0,1,Pad,3,7,Divorced,4,Male,4,2,14,5,Laptop & Accessory,2,4,1,1,188
53023,0,28,Pad,1,27,Single,4,Female,3,2,13,4,Laptop & Accessory,5,3,0,2,174
53024,0,17,Mobile Phone,1,14,Divorced,4,Female,3,2,17,,Fashion,10,5,0,2,225
53025,0,19,Mobile Phone,1,15,Divorced,4,Male,4,10,15,9,Laptop & Accessory,11,2,0,8,162
53026,0,14,Mobile Phone,3,7,Divorced,6,Male,3,2,23,3,Laptop & Accessory,4,2,1,2,200
53027,1,1,Phone,1,15,Divorced,6,Male,4,2,12,8,Mobile Phone,3,5,1,2,146
53028,0,3,Mobile Phone,1,16,Single,5,Male,2,3,18,3,Mobile Phone,2,2,0,3,165
53029,0,4,Mobile Phone,3,12,Married,5,Female,2,2,14,3,Laptop & Accessory,3,3,0,1,186
53030,0,1,Mobile Phone,3,15,Divorced,4,Female,3,2,19,8,Laptop & Accessory,3,4,0,1,187
53031,0,11,Mobile Phone,1,12,Married,4,Male,4,2,17,5,Laptop & Accessory,9,2,0,1,188
53032,0,12,Mobile Phone,1,22,Married,5,Male,4,,15,10,Fashion,2,2,1,2,240
53033,0,5,Mobile Phone,1,14,Single,4,Female,3,5,15,11,Fashion,3,2,1,3,196
53034,0,3,Mobile Phone,3,17,Married,5,Female,3,2,15,8,Laptop & Accessory,3,4,1,1,208
53035,0,9,Mobile Phone,1,12,Single,4,Male,4,2,14,14,Fashion,2,4,0,1,206
53036,0,1,Mobile Phone,1,33,Married,4,Male,3,2,13,3,Mobile Phone,3,2,0,2,154
53037,0,15,Mobile Phone,1,13,Single,5,Male,4,2,16,3,Laptop & Accessory,8,4,1,2,185
53038,0,21,Pad,3,11,Single,4,Male,3,2,20,1,Laptop & Accessory,5,3,0,1,155
53039,0,16,Mobile Phone,1,30,Single,4,Female,3,2,15,1,Grocery,4,2,0,,285
53040,0,3,Pad,3,9,Divorced,4,Male,4,2,15,3,Laptop & Accessory,3,3,0,2,171
53041,0,16,Mobile Phone,2,9,Married,4,Male,3,2,12,1,Mobile Phone,2,3,1,2,152
53042,0,6,Phone,1,9,Divorced,4,Female,4,2,14,8,Mobile Phone,3,4,0,1,149
53043,0,22,Mobile Phone,3,36,Divorced,4,Female,4,,22,1,Fashion,5,3,0,1,250
53044,0,11,Mobile Phone,1,13,Married,3,Male,3,7,14,8,Laptop & Accessory,6,5,1,3,185
53045,0,4,Pad,3,32,Divorced,4,Female,3,3,13,3,Laptop & Accessory,9,3,1,2,172
53046,0,1,Mobile Phone,3,7,Divorced,4,Male,3,8,18,8,Laptop & Accessory,3,3,0,3,178
53047,0,16,Mobile Phone,1,9,Single,5,Male,4,2,24,1,Laptop & Accessory,5,2,0,1,193
53048,1,1,Pad,3,7,Single,5,Female,3,2,12,3,Mobile Phone,3,4,1,2,147
53049,0,13,Pad,3,7,Single,4,Female,3,2,16,1,Laptop & Accessory,6,2,0,2,192
53050,0,13,Pad,3,10,Divorced,5,Male,3,2,12,,Fashion,6,2,0,1,222
53051,0,31,Mobile Phone,1,7,Divorced,4,Male,3,2,12,3,Laptop & Accessory,4,3,0,2,193
53052,0,14,Phone,1,17,Divorced,3,Female,3,2,14,8,Mobile Phone,5,3,1,1,147
53053,0,1,Pad,3,16,Single,4,Male,3,3,25,3,Mobile Phone,3,2,0,1,151
53054,1,1,Mobile Phone,3,12,Single,4,Female,3,2,14,1,Mobile Phone,3,3,1,2,154
53055,0,11,Mobile Phone,1,17,Divorced,4,Female,4,2,21,4,Mobile Phone,8,5,0,2,160
53056,0,23,Pad,1,14,Divorced,4,Female,2,2,15,1,Laptop & Accessory,4,3,0,1,178
53057,1,5,Pad,3,11,Single,4,Male,3,8,19,,Laptop & Accessory,3,4,0,8,219
53058,0,24,Mobile Phone,1,17,Single,5,Male,4,2,16,,Fashion,8,2,0,1,230
53059,1,4,Mobile Phone,3,29,Divorced,5,Male,4,2,13,1,Laptop & Accessory,4,3,1,2,189
53060,0,5,Mobile Phone,1,16,Single,5,Male,3,3,17,3,Mobile Phone,2,4,1,2,152
53061,1,1,Mobile Phone,3,19,Single,3,Female,3,2,16,1,Mobile Phone,3,4,0,1,152
53062,0,3,Phone,1,30,Single,4,Male,3,2,17,3,Mobile Phone,11,2,0,2,147
53063,0,9,Mobile Phone,1,16,Single,5,Male,4,2,20,1,Laptop & Accessory,11,4,0,2,190
53064,0,1,Mobile Phone,1,7,Married,4,Male,3,2,12,5,Mobile Phone,3,4,0,1,163
53065,0,2,Mobile Phone,3,16,Single,4,Male,4,2,17,8,Laptop & Accessory,3,2,0,2,178
53066,0,23,Mobile Phone,1,14,Single,5,Male,3,2,25,1,Fashion,10,3,0,2,170
53067,0,25,Mobile Phone,3,21,Divorced,4,Female,3,2,12,8,Laptop & Accessory,6,2,0,1,174
53068,0,13,Mobile Phone,1,9,Divorced,4,Female,4,3,14,3,Mobile Phone,6,3,0,2,150
53069,1,1,Pad,3,26,Single,3,Male,4,2,14,5,Laptop & Accessory,10,2,1,2,178
53070,0,29,Mobile Phone,1,9,Single,4,Female,4,2,14,3,Grocery,4,2,1,,292
53071,0,1,Mobile Phone,3,17,Married,4,Female,4,2,13,4,Laptop & Accessory,3,3,1,1,168
53072,0,4,Mobile Phone,3,9,Divorced,4,Male,4,2,19,1,Mobile Phone,3,4,0,2,150
53073,1,1,Pad,1,10,Single,4,Male,4,2,23,5,Mobile Phone,2,5,0,1,156
53074,0,1,Phone,1,18,Divorced,4,Female,3,2,14,3,Mobile Phone,3,4,0,2,147
53075,0,13,Mobile Phone,3,9,Divorced,5,Male,4,10,14,1,Fashion,3,3,0,10,201
53076,1,1,Pad,1,11,Single,4,Male,3,2,24,1,Mobile Phone,20,2,1,2,148
53077,0,11,Mobile Phone,1,21,Married,4,Female,4,13,13,18,Mobile Phone,3,5,0,4,155
53078,0,14,Mobile Phone,3,9,Married,4,Female,3,2,13,4,Laptop & Accessory,9,4,0,1,182
53079,0,16,Mobile Phone,1,7,Married,4,Female,4,2,17,3,Mobile Phone,5,5,0,2,151
53080,0,11,Mobile Phone,1,17,Single,4,Male,3,2,13,2,Laptop & Accessory,4,4,1,1,167
53081,0,17,Mobile Phone,1,19,Married,5,Male,3,4,12,10,Grocery,3,4,0,,268
53082,0,14,Mobile Phone,1,9,Divorced,5,Female,4,2,23,1,Laptop & Accessory,8,3,0,2,159
53083,0,28,Mobile Phone,1,12,Divorced,4,Male,3,2,,3,Others,6,5,0,2,319
53084,0,8,Pad,3,11,Divorced,4,Female,4,2,16,3,Laptop & Accessory,11,3,0,2,190
53085,0,5,Mobile Phone,1,14,Divorced,4,Female,3,4,13,13,Laptop & Accessory,3,5,0,4,168
53086,0,17,Pad,1,28,Divorced,4,Male,4,2,21,3,Mobile Phone,9,2,0,1,148
53087,0,17,Mobile Phone,1,15,Married,4,Female,4,2,15,3,Laptop & Accessory,6,3,1,1,170
53088,0,1,Mobile Phone,3,11,Single,5,Female,3,2,12,4,Laptop & Accessory,3,2,1,1,170
53089,0,11,Pad,1,32,Divorced,4,Female,4,11,16,8,Laptop & Accessory,5,3,1,4,169
53090,0,5,Phone,1,7,Divorced,5,Male,4,4,13,3,Mobile Phone,3,5,0,1,147
53091,0,13,Pad,1,7,Married,4,Male,3,2,,7,Others,3,3,1,1,317
53092,0,33,Pad,3,13,Divorced,3,Female,3,,12,8,Grocery,11,5,0,3,257
53093,0,4,Mobile Phone,3,19,Single,4,Female,3,5,12,5,Laptop & Accessory,2,3,0,4,191
53094,0,15,Mobile Phone,3,7,Divorced,3,Male,3,2,17,8,Fashion,3,5,0,2,209
53095,0,2,Mobile Phone,1,24,Married,4,Male,4,2,13,9,Laptop & Accessory,3,5,0,1,171
53096,1,1,Mobile Phone,1,10,Divorced,4,Male,4,2,14,3,Mobile Phone,7,5,0,2,165
53097,0,26,Mobile Phone,1,10,Divorced,5,Male,3,2,15,5,Fashion,4,3,1,1,205
53098,0,19,Mobile Phone,1,17,Divorced,4,Male,4,2,22,3,Mobile Phone,5,2,0,2,152
53099,0,26,Mobile Phone,1,11,Divorced,4,Female,2,2,14,5,Grocery,4,2,0,,291
53100,0,16,Pad,1,36,Married,4,Female,4,2,12,3,Laptop & Accessory,4,3,0,2,171
53101,0,4,Mobile Phone,1,9,Single,6,Female,3,2,21,3,Laptop & Accessory,4,2,0,1,186
53102,0,31,Mobile Phone,1,14,Divorced,4,Female,3,12,,11,Others,7,5,0,1,321
53103,0,23,Mobile Phone,1,25,Married,4,Female,3,2,15,9,Laptop & Accessory,4,3,0,1,173
53104,0,16,Pad,1,35,Divorced,5,Female,3,2,12,5,Laptop & Accessory,2,2,0,1,170
53105,1,1,Mobile Phone,3,7,Single,4,Female,4,2,17,5,Mobile Phone,3,4,1,2,157
53106,1,1,Pad,3,13,Married,6,Female,3,2,17,1,Mobile Phone,2,3,0,2,149
53107,0,12,Pad,1,9,Divorced,4,Male,3,2,24,1,Mobile Phone,3,2,1,2,142
53108,0,14,Mobile Phone,3,9,Divorced,4,Female,4,2,,13,Others,2,3,0,1,305
53109,0,1,Mobile Phone,1,30,Married,4,Female,3,2,23,3,Mobile Phone,3,2,0,2,154
53110,0,4,Pad,1,10,Divorced,4,Male,3,2,16,5,Mobile Phone,6,2,0,1,146
53111,0,3,Mobile Phone,1,10,Divorced,5,Male,4,,19,8,Fashion,3,3,0,2,244
53112,1,1,Mobile Phone,1,32,Divorced,5,Female,4,2,17,2,Mobile Phone,7,4,0,1,150
53113,1,1,Mobile Phone,2,9,Single,5,Male,3,2,13,1,Mobile Phone,3,2,0,2,151
53114,0,4,Pad,3,29,Divorced,4,Female,4,8,12,9,Fashion,2,5,0,3,209
53115,0,31,Mobile Phone,3,36,Married,5,Male,3,2,13,1,Grocery,5,2,0,,266
53116,0,24,Mobile Phone,1,36,Divorced,5,Male,3,16,,8,Grocery,2,3,0,12,295
53117,0,4,Pad,1,9,Single,4,Female,3,7,15,8,Mobile Phone,2,2,0,6,151
53118,0,31,Pad,3,35,Divorced,5,Female,4,14,20,,Fashion,6,5,0,14,228
53119,0,21,Mobile Phone,1,9,Married,4,Female,4,2,14,5,Laptop & Accessory,7,2,0,1,176
53120,0,23,Mobile Phone,1,9,Divorced,4,Male,3,2,,2,Grocery,8,3,0,1,304
53121,0,9,Mobile Phone,1,29,Single,6,Male,3,5,16,4,Mobile Phone,2,3,0,3,167
53122,0,28,Mobile Phone,1,15,Single,4,Female,3,2,12,1,Laptop & Accessory,9,3,0,2,163
53123,0,8,Mobile Phone,1,9,Married,5,Male,4,6,13,8,Mobile Phone,5,3,0,6,153
53124,0,23,Mobile Phone,3,17,Divorced,5,Female,4,2,20,,Fashion,4,2,1,2,216
53125,0,5,Mobile Phone,1,16,Married,4,Male,3,2,26,9,Fashion,3,4,0,2,231
53126,1,1,Mobile Phone,1,22,Divorced,4,Male,3,8,13,8,Fashion,9,3,1,,261
53127,1,1,Mobile Phone,1,17,Married,6,Male,3,2,14,4,Mobile Phone,9,2,0,1,159
53128,0,4,Mobile Phone,3,14,Single,4,Male,3,2,15,3,Mobile Phone,2,4,0,2,155
53129,0,9,Mobile Phone,1,23,Divorced,4,Male,4,2,13,1,Fashion,6,3,1,1,201
53130,1,1,Pad,1,27,Divorced,4,Male,4,2,13,,Fashion,5,3,0,2,223
53131,1,1,Pad,2,30,Married,4,Female,3,2,16,,Fashion,11,5,1,2,225
53132,0,16,Pad,1,12,Divorced,4,Male,4,3,18,1,Mobile Phone,6,3,0,3,146
53133,0,13,Pad,3,17,Single,4,Male,3,10,15,,Fashion,3,2,0,2,225
53134,1,1,Pad,1,11,Single,5,Male,3,2,17,3,Mobile Phone,7,3,0,2,164
53135,0,22,Mobile Phone,3,9,Divorced,4,Female,3,7,15,8,Laptop & Accessory,4,2,0,5,166
53136,0,29,Mobile Phone,3,25,Single,4,Female,3,8,,8,Grocery,5,4,0,1,293
53137,0,15,Pad,3,17,Single,4,Male,3,2,15,11,Laptop & Accessory,9,2,0,1,187
53138,0,9,Mobile Phone,3,7,Divorced,4,Male,3,7,12,10,Laptop & Accessory,11,3,0,4,172
53139,0,14,Mobile Phone,1,13,Single,4,Female,4,,16,14,Grocery,9,3,0,5,257
53140,0,13,Pad,1,15,Divorced,4,Female,3,2,12,8,Mobile Phone,3,3,0,1,163
53141,0,5,Mobile Phone,3,9,Single,4,Male,4,2,14,6,Laptop & Accessory,6,2,1,2,191
53142,0,16,Mobile Phone,1,31,Divorced,4,Male,3,6,22,9,Fashion,3,5,1,5,199
53143,0,19,Mobile Phone,3,9,Divorced,4,Male,4,4,20,8,Laptop & Accessory,2,4,0,4,173
53144,1,1,Pad,2,24,Married,4,Female,3,2,12,1,Mobile Phone,2,3,1,1,152
53145,0,3,Mobile Phone,1,26,Married,4,Male,3,2,13,3,Laptop & Accessory,6,2,0,1,168
53146,0,7,Mobile Phone,1,7,Married,3,Female,4,2,20,6,Grocery,6,3,0,,287
53147,0,1,Mobile Phone,3,14,Married,5,Male,3,,22,2,Fashion,11,2,0,2,241
53148,1,1,Pad,3,12,Single,4,Male,4,2,15,1,Mobile Phone,3,4,1,2,144
53149,0,14,Pad,3,35,Married,6,Male,3,,16,2,Fashion,5,5,0,2,234
53150,0,15,Pad,1,9,Single,5,Female,4,2,18,8,Laptop & Accessory,4,3,1,1,193
53151,0,1,Mobile Phone,3,36,Married,4,Male,3,2,13,1,Laptop & Accessory,7,3,0,2,168
53152,0,9,Mobile Phone,3,7,Single,4,Female,4,2,17,4,Laptop & Accessory,3,3,0,1,174
53153,0,8,Mobile Phone,3,28,Single,3,Male,4,6,13,8,Laptop & Accessory,3,2,0,6,178
53154,1,1,Phone,1,31,Single,6,Male,4,2,19,1,Mobile Phone,3,2,1,2,148
53155,0,11,Mobile Phone,1,7,Single,4,Female,3,2,18,3,Fashion,6,2,0,2,200
53156,0,23,Pad,1,25,Divorced,4,Female,3,2,12,,Fashion,7,3,0,2,230
53157,0,15,Mobile Phone,3,9,Divorced,4,Female,4,12,17,9,Grocery,9,5,0,,291
53158,0,11,Pad,3,16,Married,4,Male,4,8,14,,Fashion,3,4,0,7,213
53159,0,26,Mobile Phone,1,13,Married,4,Male,4,7,13,10,Laptop & Accessory,5,5,1,3,181
53160,1,1,Pad,3,18,Divorced,3,Male,3,2,13,3,Laptop & Accessory,10,3,0,2,172
53161,0,1,Pad,3,31,Divorced,4,Male,3,3,14,2,Mobile Phone,2,2,0,1,149
53162,0,12,Mobile Phone,1,17,Divorced,4,Female,4,2,20,,Laptop & Accessory,5,3,0,2,223
53163,0,11,Mobile Phone,1,7,Divorced,4,Female,4,5,13,4,Laptop & Accessory,8,4,0,4,189
53164,0,23,Mobile Phone,1,25,Married,5,Male,3,2,,10,Others,3,3,1,1,320
53165,0,1,Mobile Phone,1,30,Divorced,3,Male,3,2,12,5,Mobile Phone,3,2,1,1,152
53166,0,1,Mobile Phone,3,35,Divorced,4,Male,4,2,21,5,Laptop & Accessory,3,4,0,2,188
53167,0,1,Phone,1,24,Divorced,5,Male,4,2,22,1,Mobile Phone,3,4,0,2,146
53168,0,24,Pad,2,10,Divorced,4,Male,3,11,,8,Others,3,4,0,7,307
53169,0,1,Phone,3,20,Divorced,4,Male,3,2,12,7,Mobile Phone,3,3,0,2,146
53170,1,1,Pad,1,14,Divorced,4,Female,3,2,17,3,Mobile Phone,3,3,1,1,154
53171,1,1,Pad,3,19,Divorced,5,Male,4,2,19,1,Mobile Phone,3,5,0,2,145
53172,0,8,Mobile Phone,1,7,Divorced,5,Male,3,2,14,4,Mobile Phone,3,2,1,1,161
53173,1,1,Mobile Phone,3,20,Married,4,Male,3,2,18,3,Laptop & Accessory,4,5,0,1,167
53174,0,9,Mobile Phone,1,32,Single,5,Male,3,2,15,3,Laptop & Accessory,6,2,0,1,162
53175,0,5,Mobile Phone,3,13,Married,3,Male,4,6,23,8,Laptop & Accessory,6,2,0,4,180
53176,0,1,Phone,1,13,Married,5,Female,4,2,13,4,Mobile Phone,2,3,0,2,147
53177,0,11,Mobile Phone,3,9,Divorced,4,Male,4,2,12,,Laptop & Accessory,6,3,1,1,221
53178,0,1,Mobile Phone,1,7,Single,5,Female,3,2,14,1,Mobile Phone,3,4,0,2,153
53179,0,16,Mobile Phone,1,9,Divorced,4,Female,3,3,14,3,Laptop & Accessory,3,2,0,3,166
53180,0,17,Mobile Phone,1,13,Married,5,Male,3,2,15,1,Grocery,6,2,1,,291
53181,0,12,Mobile Phone,1,7,Single,4,Female,3,2,18,1,Mobile Phone,5,5,0,2,151
53182,0,17,Pad,1,16,Married,4,Male,4,5,14,8,Laptop & Accessory,5,3,1,3,182
53183,0,22,Mobile Phone,1,7,Divorced,5,Female,3,2,12,3,Grocery,9,5,0,,279
53184,0,18,Mobile Phone,2,7,Single,5,Female,3,2,12,3,Laptop & Accessory,6,3,0,2,185
53185,0,8,Mobile Phone,3,21,Married,4,Female,3,2,19,7,Mobile Phone,3,3,1,2,151
53186,1,1,Mobile Phone,3,9,Married,4,Male,3,2,12,3,Mobile Phone,2,5,0,1,155
53187,0,1,Mobile Phone,3,29,Single,4,Male,3,2,12,3,Mobile Phone,3,3,0,2,159
53188,0,18,Mobile Phone,1,10,Divorced,4,Male,3,2,,2,Others,6,2,1,2,320
53189,0,1,Mobile Phone,1,13,Divorced,4,Male,4,3,21,3,Mobile Phone,2,3,0,3,153
53190,0,7,Mobile Phone,3,15,Married,4,Male,3,2,13,3,Laptop & Accessory,2,3,0,2,196
53191,0,6,Mobile Phone,1,16,Divorced,4,Female,4,2,13,6,Laptop & Accessory,3,2,1,2,188
53192,0,4,Pad,1,10,Married,4,Female,4,2,21,1,Mobile Phone,3,3,0,2,146
53193,0,27,Mobile Phone,3,7,Single,4,Female,3,9,21,11,Laptop & Accessory,9,5,0,7,209
53194,0,8,Mobile Phone,1,7,Divorced,4,Male,3,9,13,9,Mobile Phone,3,2,0,7,152
53195,1,9,Pad,3,33,Divorced,4,Female,4,2,15,1,Laptop & Accessory,4,5,0,1,168
53196,0,1,Mobile Phone,1,13,Divorced,4,Female,4,2,14,3,Mobile Phone,3,2,1,1,152
53197,0,11,Mobile Phone,1,10,Divorced,4,Male,3,8,16,,Fashion,3,3,0,7,219
53198,0,3,Mobile Phone,3,10,Divorced,4,Female,4,2,15,3,Laptop & Accessory,3,3,0,1,181
53199,0,9,Mobile Phone,1,13,Single,6,Male,3,12,14,9,Laptop & Accessory,3,2,0,12,191
53200,0,7,Pad,1,13,Married,4,Male,2,5,24,8,Laptop & Accessory,5,2,0,5,202
53201,0,28,Mobile Phone,2,26,Divorced,4,Male,3,,16,2,Fashion,4,4,0,4,232
53202,0,13,Mobile Phone,1,16,Married,5,Male,3,2,12,,Laptop & Accessory,4,4,1,2,213
53203,0,1,Phone,1,10,Single,5,Male,3,2,14,2,Mobile Phone,2,2,0,1,145
53204,1,1,Phone,1,17,Single,4,Male,3,2,12,2,Household,3,3,1,1,135
53205,1,1,Pad,1,10,Single,4,Male,4,10,12,8,Mobile Phone,3,5,1,10,158
53206,0,9,Pad,1,10,Divorced,5,Male,3,2,19,1,Mobile Phone,3,3,0,2,138
53207,0,1,Mobile Phone,1,11,Divorced,3,Male,3,2,17,3,Mobile Phone,4,5,0,1,153
53208,0,1,Mobile Phone,3,15,Divorced,3,Male,3,2,23,3,Laptop & Accessory,2,4,0,1,174
53209,0,12,Mobile Phone,3,14,Single,5,Female,3,2,21,6,Laptop & Accessory,2,2,0,2,165
53210,0,3,Pad,1,7,Married,6,Male,4,3,19,9,Mobile Phone,3,2,0,3,152
53211,0,22,Mobile Phone,3,9,Divorced,3,Male,3,3,13,3,Laptop & Accessory,5,4,0,3,206
53212,0,1,Pad,3,10,Married,3,Female,4,2,21,5,Laptop & Accessory,3,2,1,2,171
53213,0,11,Mobile Phone,1,17,Single,3,Male,4,2,18,1,Mobile Phone,5,2,0,2,172
53214,0,24,Mobile Phone,1,35,Divorced,3,Male,4,4,12,9,Mobile Phone,3,3,1,4,157
53215,0,8,Mobile Phone,1,16,Single,5,Female,3,8,15,,Fashion,3,4,0,5,211
53216,1,1,Mobile Phone,3,10,Single,4,Female,4,3,15,1,Laptop & Accessory,11,3,0,2,171
53217,0,13,Mobile Phone,1,9,Single,5,Female,4,12,12,11,Laptop & Accessory,3,3,0,3,171
53218,0,6,Mobile Phone,3,17,Single,4,Male,3,2,13,9,Laptop & Accessory,3,2,0,1,179
53219,1,14,Pad,3,15,Divorced,4,Male,3,2,15,4,Laptop & Accessory,5,3,1,2,193
53220,0,12,Mobile Phone,1,7,Single,3,Female,3,2,14,9,Laptop & Accessory,2,2,0,2,201
53221,0,1,Mobile Phone,1,7,Divorced,4,Female,4,2,12,8,Fashion,3,5,0,2,199
53222,0,6,Mobile Phone,1,10,Single,4,Female,3,,16,8,Fashion,5,2,0,4,237
53223,0,21,Mobile Phone,3,21,Single,4,Male,3,2,13,8,Laptop & Accessory,4,5,0,1,175
53224,0,14,Pad,3,12,Divorced,5,Male,3,2,22,,Fashion,7,5,1,1,230
53225,0,27,Mobile Phone,1,14,Divorced,3,Male,3,2,20,4,Grocery,5,3,0,,273
53226,0,15,Mobile Phone,2,17,Married,5,Male,4,13,,7,Others,5,2,0,13,316
53227,0,31,Mobile Phone,3,23,Single,4,Male,3,3,15,3,Laptop & Accessory,10,5,0,2,179
53228,0,1,Pad,1,17,Married,4,Male,3,2,22,,Fashion,3,5,0,2,213
53229,0,15,Mobile Phone,2,7,Divorced,5,Male,3,3,,11,Others,3,3,0,3,317
53230,0,24,Mobile Phone,3,15,Divorced,4,Male,3,3,16,3,Mobile Phone,9,4,0,2,164
53231,1,1,Phone,1,7,Single,6,Female,4,4,14,8,Mobile Phone,9,4,1,2,147
53232,0,13,Pad,1,15,Divorced,3,Female,4,,15,6,Fashion,11,5,0,1,242
53233,0,12,Mobile Phone,1,7,Single,4,Female,3,2,15,1,Fashion,6,3,1,1,204
53234,0,18,Pad,1,31,Single,6,Male,3,2,15,5,Mobile Phone,4,3,0,1,162
53235,0,21,Pad,3,10,Married,4,Female,3,12,13,14,Grocery,11,3,1,,263
53236,0,4,Mobile Phone,3,34,Married,4,Male,3,8,24,8,Laptop & Accessory,9,2,0,5,178
53237,0,3,Mobile Phone,3,17,Single,4,Male,3,2,12,1,Mobile Phone,3,3,0,1,151
53238,1,6,Pad,1,26,Married,3,Male,3,3,13,3,Mobile Phone,8,3,1,3,153
53239,0,17,Pad,3,22,Divorced,5,Male,3,3,19,3,Laptop & Accessory,5,2,0,1,193
53240,0,8,Mobile Phone,1,15,Single,4,Female,4,5,12,4,Laptop & Accessory,5,3,0,2,186
53241,0,1,Mobile Phone,1,16,Divorced,4,Male,3,2,15,3,Mobile Phone,3,5,0,1,150
53242,0,13,Mobile Phone,2,10,Divorced,3,Female,3,4,16,7,Laptop & Accessory,11,4,0,4,189
53243,0,33,Mobile Phone,1,16,Divorced,4,Male,3,,12,2,Grocery,9,2,0,1,236
53244,0,14,Phone,1,9,Single,5,Female,3,3,21,4,Mobile Phone,2,2,1,3,148
53245,0,1,Mobile Phone,1,14,Single,5,Female,3,2,20,8,Laptop & Accessory,10,5,0,2,193
53246,0,3,Phone,3,17,Married,4,Male,3,3,15,3,Mobile Phone,3,4,0,1,148
53247,0,27,Phone,1,13,Single,4,Male,3,3,18,3,Laptop & Accessory,4,2,0,2,150
53248,0,9,Pad,1,9,Married,4,Female,4,2,12,1,Laptop & Accessory,4,5,0,1,176
53249,0,6,Pad,1,31,Divorced,4,Male,4,5,16,8,Laptop & Accessory,3,2,0,3,178
53250,0,12,Mobile Phone,1,9,Divorced,4,Male,4,2,14,2,Mobile Phone,8,3,1,1,156
53251,0,8,Mobile Phone,1,15,Married,4,Female,3,2,15,1,Laptop & Accessory,5,5,0,2,176
53252,0,26,Mobile Phone,3,10,Divorced,5,Male,3,2,,17,Grocery,3,5,0,2,294
53253,1,1,Mobile Phone,1,7,Single,4,Male,4,8,14,9,Mobile Phone,3,2,1,6,152
53254,0,1,Mobile Phone,3,33,Single,4,Female,3,2,24,5,Laptop & Accessory,3,2,0,1,187
53255,0,19,Mobile Phone,3,9,Single,6,Male,3,4,14,2,Laptop & Accessory,2,3,0,1,191
53256,0,1,Mobile Phone,1,17,Single,3,Male,4,2,19,3,Mobile Phone,3,3,0,2,160
53257,1,11,Pad,3,34,Single,2,Female,4,2,13,4,Laptop & Accessory,6,3,1,2,189
53258,0,8,Mobile Phone,3,9,Single,4,Male,3,2,23,5,Laptop & Accessory,3,2,0,1,188
53259,1,19,Mobile Phone,1,9,Divorced,4,Male,4,2,14,5,Others,7,5,1,2,324
53260,0,13,Pad,3,15,Single,5,Male,4,2,16,10,Fashion,3,5,0,1,201
53261,0,26,Pad,1,26,Divorced,4,Male,3,2,19,3,Mobile Phone,2,2,0,2,168
53262,0,1,Pad,1,7,Married,6,Female,4,3,15,1,Mobile Phone,5,2,0,3,169
53263,0,3,Mobile Phone,1,34,Divorced,4,Female,4,2,13,2,Laptop & Accessory,6,3,0,2,168
53264,1,1,Mobile Phone,3,15,Single,5,Male,3,2,18,3,Laptop & Accessory,8,5,0,2,178
53265,0,8,Mobile Phone,1,7,Single,2,Female,4,2,17,4,Mobile Phone,4,2,0,1,158
53266,0,28,Mobile Phone,1,26,Married,4,Female,4,2,12,5,Laptop & Accessory,11,5,1,1,180
53267,0,3,Pad,3,6,Divorced,4,Male,3,2,20,2,Laptop & Accessory,2,2,0,1,168
53268,0,11,Mobile Phone,1,17,Married,4,Female,3,5,14,4,Mobile Phone,2,5,1,4,153
53269,0,12,Pad,1,9,Single,2,Female,4,5,13,13,Laptop & Accessory,8,5,1,5,185
53270,0,8,Mobile Phone,1,9,Single,5,Female,3,2,12,4,Mobile Phone,3,5,0,2,169
53271,0,9,Mobile Phone,3,15,Divorced,4,Female,4,2,17,3,Mobile Phone,3,2,0,1,151
53272,0,4,Mobile Phone,1,7,Divorced,6,Male,3,2,22,3,Mobile Phone,5,3,0,2,163
53273,0,14,Pad,1,9,Divorced,2,Female,3,4,25,8,Laptop & Accessory,3,4,0,1,167
53274,0,8,Mobile Phone,3,15,Divorced,4,Female,4,2,18,3,Laptop & Accessory,7,5,0,2,190
53275,0,16,Pad,1,15,Married,4,Male,4,15,,10,Others,3,2,0,1,309
53276,1,1,Phone,1,13,Divorced,2,Male,4,2,22,1,Mobile Phone,3,5,1,2,141
53277,0,1,Pad,1,16,Married,5,Male,3,2,12,1,Mobile Phone,3,4,0,2,152
53278,0,26,Mobile Phone,1,18,Divorced,4,Female,3,2,21,5,Laptop & Accessory,10,3,0,2,156
53279,0,24,Mobile Phone,1,9,Divorced,4,Male,4,2,,4,Grocery,7,3,0,1,301
53280,1,1,Phone,1,7,Divorced,5,Female,3,2,12,1,Mobile Phone,3,5,1,1,148
53281,0,7,Mobile Phone,1,14,Divorced,4,Male,3,,12,8,Fashion,2,3,0,1,242
53282,1,1,Mobile Phone,3,23,Single,4,Female,4,2,16,3,Laptop & Accessory,7,5,0,2,178
53283,0,21,Mobile Phone,1,9,Divorced,4,Female,3,4,,1,Grocery,3,2,1,4,293
53284,0,13,Mobile Phone,1,7,Divorced,4,Female,3,2,16,6,Laptop & Accessory,2,4,0,1,177
53285,0,3,Mobile Phone,1,30,Divorced,2,Male,3,2,25,8,Mobile Phone,3,3,0,2,152
53286,1,21,Mobile Phone,1,9,Single,4,Male,3,14,,9,Others,9,4,1,6,317
53287,0,9,Mobile Phone,1,7,Single,2,Female,3,3,14,3,Mobile Phone,5,3,0,1,150
53288,0,16,Mobile Phone,1,7,Divorced,5,Female,3,2,14,3,Laptop & Accessory,11,2,1,1,186
53289,1,1,Mobile Phone,1,9,Single,4,Male,3,3,18,2,Mobile Phone,8,3,0,1,169
53290,0,13,Phone,2,20,Divorced,4,Male,3,2,14,5,Mobile Phone,5,4,0,2,146
53291,0,6,Mobile Phone,1,11,Divorced,5,Female,4,7,13,9,Laptop & Accessory,3,3,0,2,187
53292,0,14,Pad,1,23,Single,5,Male,3,2,15,1,Laptop & Accessory,8,3,0,2,176
53293,0,4,Mobile Phone,1,9,Single,5,Female,3,2,25,1,Laptop & Accessory,7,2,1,2,194
53294,0,19,Phone,1,9,Single,5,Female,4,2,15,1,Mobile Phone,3,3,0,2,148
53295,0,16,Mobile Phone,1,36,Divorced,4,Male,4,8,14,9,Laptop & Accessory,3,4,0,3,169
53296,0,12,Pad,1,19,Married,5,Male,3,2,16,3,Laptop & Accessory,4,5,0,2,188
53297,0,8,Pad,1,23,Single,5,Female,4,2,17,4,Mobile Phone,3,2,0,2,151
53298,1,13,Mobile Phone,3,18,Divorced,4,Female,3,8,19,8,Fashion,3,2,0,1,202
53299,1,19,Mobile Phone,3,9,Single,4,Male,3,8,17,4,Laptop & Accessory,6,2,0,1,177
53300,0,17,Mobile Phone,1,21,Divorced,4,Male,4,2,,1,Grocery,8,5,0,2,297
53301,0,1,Mobile Phone,1,12,Married,5,Male,3,,17,9,Fashion,3,2,1,1,253
53302,0,9,Mobile Phone,1,14,Single,4,Male,3,2,22,,Fashion,5,3,0,1,227
53303,0,2,Mobile Phone,3,9,Divorced,4,Female,3,8,21,6,Laptop & Accessory,3,4,1,8,173
53304,0,8,Mobile Phone,2,10,Divorced,4,Male,3,2,20,3,Mobile Phone,2,2,0,2,162
53305,1,1,Pad,1,12,Divorced,5,Female,3,2,15,8,Mobile Phone,3,3,1,1,149
53306,0,1,Pad,1,10,Divorced,4,Male,3,2,12,1,Mobile Phone,3,2,0,2,142
53307,0,25,Mobile Phone,3,33,Divorced,4,Female,4,5,15,18,Grocery,4,3,0,,288
53308,0,18,Mobile Phone,1,11,Single,4,Male,3,3,13,4,Laptop & Accessory,11,4,0,2,184
53309,0,1,Mobile Phone,1,9,Single,2,Male,4,2,14,2,Mobile Phone,9,5,0,2,159
53310,0,7,Mobile Phone,3,7,Married,2,Male,3,2,23,9,Laptop & Accessory,3,5,0,1,165
53311,0,9,Mobile Phone,1,34,Single,5,Female,3,2,12,2,Mobile Phone,3,5,0,2,151
53312,0,13,Mobile Phone,3,7,Divorced,4,Male,3,5,15,12,Laptop & Accessory,3,2,1,3,187
53313,0,6,Mobile Phone,3,20,Married,4,Male,4,2,12,4,Laptop & Accessory,4,2,0,1,169
53314,0,4,Pad,1,12,Married,5,Male,4,2,13,4,Mobile Phone,11,2,0,1,163
53315,0,27,Mobile Phone,3,14,Divorced,5,Female,4,,19,5,Fashion,9,2,1,1,234
53316,0,19,Mobile Phone,3,16,Married,4,Male,4,,13,3,Fashion,6,5,1,2,233
53317,0,6,Mobile Phone,1,15,Divorced,2,Female,4,2,13,4,Laptop & Accessory,7,3,0,2,177
53318,0,26,Pad,1,32,Divorced,5,Female,3,2,23,1,Grocery,5,2,0,,263
53319,0,11,Mobile Phone,3,23,Married,5,Male,4,2,20,1,Laptop & Accessory,6,3,0,2,188
53320,0,2,Mobile Phone,2,15,Married,5,Male,4,2,14,5,Mobile Phone,3,2,0,1,174
53321,0,1,Mobile Phone,1,7,Divorced,5,Male,3,3,23,3,Laptop & Accessory,8,2,0,3,173
53322,0,18,Mobile Phone,1,15,Divorced,2,Male,4,2,25,3,Mobile Phone,4,2,1,2,153
53323,0,16,Pad,1,9,Single,4,Male,3,3,15,3,Mobile Phone,7,2,1,1,150
53324,0,13,Phone,2,15,Divorced,5,Male,4,2,22,4,Mobile Phone,2,5,0,2,148
53325,0,1,Mobile Phone,3,10,Divorced,4,Male,4,2,19,4,Laptop & Accessory,3,5,1,2,167
53326,0,9,Mobile Phone,1,16,Divorced,5,Female,4,,21,16,Fashion,3,3,1,3,232
53327,1,1,Pad,1,32,Married,4,Female,4,8,20,9,Mobile Phone,3,4,1,1,145
53328,0,6,Pad,1,7,Married,4,Male,4,2,13,3,Mobile Phone,2,2,0,1,148
53329,0,1,Mobile Phone,3,11,Divorced,5,Male,3,2,13,4,Laptop & Accessory,3,5,0,2,168
53330,0,23,Mobile Phone,1,7,Divorced,4,Female,3,2,17,3,Mobile Phone,4,5,0,2,161
53331,0,1,Pad,1,11,Divorced,5,Male,3,4,18,5,Mobile Phone,2,2,0,1,157
53332,0,6,Pad,3,12,Divorced,4,Male,3,6,15,4,Laptop & Accessory,3,4,0,3,190
53333,0,12,Mobile Phone,3,16,Divorced,5,Male,4,2,20,3,Mobile Phone,2,4,0,1,154
53334,0,16,Mobile Phone,1,10,Divorced,2,Female,4,2,14,4,Laptop & Accessory,4,2,1,1,177
53335,0,5,Phone,1,18,Divorced,4,Male,3,2,20,3,Mobile Phone,5,2,1,2,149
53336,1,1,Mobile Phone,3,7,Married,5,Female,3,2,20,3,Mobile Phone,8,3,1,1,153
53337,0,27,Mobile Phone,3,15,Divorced,4,Male,4,,15,3,Grocery,7,2,0,1,243
53338,0,9,Mobile Phone,1,32,Divorced,5,Male,4,,17,9,Fashion,5,4,0,4,234
53339,0,11,Pad,3,28,Divorced,4,Female,3,2,16,1,Mobile Phone,7,2,0,2,155
53340,0,27,Mobile Phone,1,30,Single,4,Female,4,4,19,9,Grocery,8,2,0,,268
53341,0,17,Pad,1,7,Divorced,4,Female,3,3,14,3,Laptop & Accessory,6,2,0,2,181
53342,0,21,Mobile Phone,3,9,Divorced,4,Female,3,8,23,8,Laptop & Accessory,2,2,1,6,170
53343,0,11,Pad,3,26,Single,4,Male,3,2,14,10,Fashion,3,4,1,1,201
53344,0,24,Pad,1,9,Married,4,Male,4,15,,8,Grocery,3,5,0,14,304
53345,0,13,Mobile Phone,2,9,Divorced,5,Female,3,2,12,5,Laptop & Accessory,10,2,0,1,177
53346,0,7,Phone,2,10,Married,4,Male,3,2,12,4,Mobile Phone,5,4,1,1,148
53347,1,1,Mobile Phone,1,32,Single,4,Male,3,2,25,2,Mobile Phone,3,2,1,2,153
53348,0,3,Mobile Phone,1,14,Married,5,Female,4,2,15,4,Mobile Phone,8,2,0,2,150
53349,0,18,Mobile Phone,1,16,Divorced,4,Male,4,8,14,2,Mobile Phone,3,5,1,3,151
53350,0,2,Mobile Phone,3,12,Single,4,Male,4,2,15,3,Laptop & Accessory,3,2,0,2,174
53351,1,21,Pad,1,9,Married,5,Male,3,2,15,1,Mobile Phone,11,2,1,1,149
53352,0,17,Mobile Phone,1,15,Married,4,Female,3,2,22,1,Laptop & Accessory,6,4,0,2,173
53353,1,1,Phone,3,9,Single,5,Female,3,2,14,3,Mobile Phone,3,3,0,1,145
53354,1,1,Mobile Phone,1,25,Single,4,Female,4,2,20,1,Mobile Phone,3,2,0,2,152
53355,0,13,Mobile Phone,1,21,Divorced,4,Male,4,5,18,12,Laptop & Accessory,2,2,1,5,191
53356,0,21,Mobile Phone,3,9,Single,5,Female,4,2,19,3,Mobile Phone,3,2,1,2,158
53357,1,1,Mobile Phone,1,10,Divorced,4,Female,3,2,20,3,Laptop & Accessory,2,3,1,2,167
53358,1,5,Mobile Phone,1,9,Married,6,Female,3,2,14,1,Mobile Phone,6,2,1,1,153
53359,0,2,Phone,1,16,Married,4,Female,4,3,19,3,Mobile Phone,7,3,0,3,149
53360,1,3,Phone,1,13,Divorced,4,Male,4,3,22,3,Mobile Phone,9,5,1,2,149
53361,0,1,Phone,1,11,Single,4,Female,4,2,20,1,Mobile Phone,3,3,0,2,148
53362,0,8,Phone,1,17,Married,4,Male,3,2,15,1,Mobile Phone,3,4,0,2,145
53363,0,16,Mobile Phone,3,21,Single,5,Female,4,2,18,4,Laptop & Accessory,9,3,0,1,187
53364,0,7,Mobile Phone,1,7,Single,5,Male,4,2,12,3,Mobile Phone,5,5,1,1,153
53365,0,31,Mobile Phone,1,12,Married,5,Female,3,2,14,,Fashion,4,4,1,2,231
53366,0,5,Phone,3,14,Divorced,5,Male,3,6,16,3,Mobile Phone,5,3,0,4,148
53367,0,9,Mobile Phone,1,28,Divorced,4,Female,3,2,26,8,Laptop & Accessory,3,2,1,1,165
53368,0,23,Mobile Phone,1,15,Divorced,4,Female,3,2,12,8,Fashion,6,4,0,1,199
53369,0,22,Phone,1,27,Divorced,4,Male,3,2,18,1,Mobile Phone,6,3,0,1,148
53370,0,5,Pad,3,27,Divorced,4,Female,3,2,14,1,Laptop & Accessory,3,3,0,2,194
53371,0,13,Mobile Phone,1,14,Single,4,Male,4,2,19,2,Mobile Phone,4,2,0,1,172
53372,0,12,Mobile Phone,1,7,Divorced,4,Female,4,6,14,12,Fashion,3,5,0,4,261
53373,0,6,Pad,1,7,Divorced,5,Female,4,2,21,3,Mobile Phone,8,4,0,2,148
53374,1,1,Phone,3,26,Divorced,5,Male,3,2,19,1,Mobile Phone,3,4,1,1,149
53375,0,14,Mobile Phone,3,17,Married,5,Male,4,2,13,,Fashion,4,4,0,2,222
53376,0,1,Pad,3,7,Single,5,Male,3,2,13,8,Laptop & Accessory,3,5,0,2,168
53377,0,15,Mobile Phone,1,13,Single,4,Male,3,3,14,18,Mobile Phone,4,5,1,2,172
53378,0,13,Mobile Phone,1,9,Single,4,Male,4,4,22,10,Mobile Phone,6,3,0,3,150
53379,1,1,Phone,3,28,Single,5,Male,3,2,14,1,Mobile Phone,3,4,1,1,146
53380,1,1,Mobile Phone,1,11,Single,4,Male,3,2,20,1,Mobile Phone,3,5,0,2,155
53381,0,5,Mobile Phone,1,19,Divorced,4,Female,3,9,12,6,Laptop & Accessory,2,2,1,1,184
53382,0,14,Pad,1,16,Married,4,Male,3,2,15,1,Mobile Phone,10,4,1,1,161
53383,0,6,Mobile Phone,1,10,Divorced,4,Female,4,7,13,4,Laptop & Accessory,3,5,0,7,192
53384,1,1,Mobile Phone,3,10,Divorced,5,Male,3,4,12,,Fashion,3,2,1,4,228
53385,0,7,Mobile Phone,1,7,Single,5,Female,3,2,15,5,Laptop & Accessory,2,2,0,1,194
53386,1,1,Mobile Phone,3,7,Divorced,5,Male,3,12,12,,Fashion,7,3,0,2,231
53387,0,19,Pad,1,11,Divorced,4,Male,3,2,13,9,Laptop & Accessory,3,4,0,2,169
53388,0,3,Pad,3,27,Divorced,4,Female,3,2,16,3,Mobile Phone,3,2,0,1,147
53389,0,9,Mobile Phone,3,25,Divorced,4,Female,3,2,17,1,Laptop & Accessory,3,3,0,2,171
53390,0,26,Mobile Phone,1,7,Divorced,4,Male,4,8,,9,Grocery,4,2,0,8,296
53391,1,21,Mobile Phone,1,9,Single,4,Male,3,2,25,1,Mobile Phone,6,3,0,2,150
53392,0,27,Mobile Phone,3,9,Married,4,Male,3,16,14,3,Grocery,8,3,0,,274
53393,0,4,Mobile Phone,3,15,Married,4,Male,4,8,12,8,Fashion,7,3,0,5,198
53394,0,12,Pad,3,17,Single,4,Female,3,2,14,4,Laptop & Accessory,3,2,1,1,182
53395,0,9,Mobile Phone,3,10,Married,4,Male,4,2,14,9,Fashion,8,2,0,1,203
53396,0,13,Mobile Phone,3,9,Single,2,Male,3,2,19,8,Fashion,2,3,0,2,204
53397,1,4,Pad,3,31,Single,2,Female,4,,17,1,Grocery,6,4,1,2,257
53398,0,21,Pad,1,23,Married,2,Male,4,3,20,8,Laptop & Accessory,3,3,1,1,176
53399,0,13,Pad,3,15,Married,4,Male,3,2,14,8,Laptop & Accessory,6,2,0,2,176
53400,1,1,Pad,1,16,Single,5,Male,3,2,23,3,Mobile Phone,2,5,1,2,148
53401,0,7,Pad,3,24,Single,4,Male,3,7,,1,Grocery,3,3,0,6,299
53402,1,1,Phone,1,17,Single,5,Female,4,2,21,1,Mobile Phone,8,5,1,2,149
53403,0,7,Mobile Phone,1,20,Single,4,Female,3,2,19,3,Mobile Phone,5,2,0,2,160
53404,0,19,Phone,1,7,Married,4,Female,4,2,15,3,Mobile Phone,5,2,0,1,148
53405,0,24,Mobile Phone,1,7,Married,4,Male,4,2,,4,Grocery,11,2,0,1,299
53406,0,7,Pad,1,7,Divorced,2,Female,3,2,14,3,Laptop & Accessory,3,4,1,1,180
53407,0,15,Pad,1,16,Married,4,Male,4,2,,12,Others,4,3,0,2,319
53408,0,1,Mobile Phone,1,23,Divorced,4,Female,3,3,15,3,Mobile Phone,11,4,0,3,153
53409,0,19,Pad,1,30,Divorced,4,Male,3,2,16,9,Laptop & Accessory,3,5,1,2,161
53410,0,21,Mobile Phone,3,11,Single,4,Female,3,2,18,8,Laptop & Accessory,3,2,1,2,167
53411,1,1,Phone,1,29,Divorced,4,Female,3,2,12,2,Mobile Phone,6,3,1,1,146
53412,0,24,Mobile Phone,1,31,Divorced,4,Male,4,2,19,6,Grocery,5,3,1,,265
53413,0,12,Pad,1,17,Divorced,4,Male,4,2,18,3,Mobile Phone,2,3,0,1,152
53414,0,23,Mobile Phone,1,14,Married,4,Male,4,,14,8,Fashion,8,3,0,1,233
53415,0,1,Mobile Phone,1,24,Married,5,Female,3,4,16,3,Laptop & Accessory,3,3,0,3,169
53416,1,1,Mobile Phone,1,21,Married,5,Male,3,2,25,3,Mobile Phone,3,4,1,2,162
53417,0,5,Pad,1,7,Divorced,4,Female,4,2,13,4,Laptop & Accessory,3,5,0,2,166
53418,0,1,Pad,1,12,Single,4,Male,4,2,16,1,Household,3,2,0,2,136
53419,0,28,Mobile Phone,1,24,Divorced,4,Female,3,,12,9,Fashion,10,3,0,2,232
53420,0,9,Mobile Phone,1,32,Married,4,Female,3,11,12,,Fashion,3,3,1,3,229
53421,0,4,Mobile Phone,1,15,Divorced,2,Female,4,,13,8,Fashion,2,5,1,1,239
53422,1,1,Mobile Phone,1,18,Single,5,Female,4,2,16,1,Mobile Phone,3,5,1,1,151
53423,1,1,Pad,1,12,Single,4,Female,3,2,18,3,Mobile Phone,2,4,0,1,149
53424,0,1,Mobile Phone,1,9,Divorced,2,Male,3,2,13,4,Laptop & Accessory,3,2,0,2,180
53425,0,1,Phone,1,15,Divorced,6,Male,4,2,16,2,Mobile Phone,3,5,0,2,150
53426,0,22,Mobile Phone,1,13,Single,5,Male,4,3,14,3,Laptop & Accessory,4,3,0,1,167
53427,0,22,Mobile Phone,1,11,Single,5,Male,4,,15,9,Fashion,9,3,0,2,235
53428,0,15,Mobile Phone,1,14,Single,4,Female,3,3,15,2,Laptop & Accessory,8,3,0,2,175
53429,0,13,Mobile Phone,1,7,Divorced,5,Female,4,,17,9,Grocery,3,2,0,1,252
53430,0,1,Mobile Phone,1,9,Divorced,4,Female,3,3,19,3,Laptop & Accessory,2,2,0,1,167
53431,0,9,Mobile Phone,1,17,Married,4,Male,3,2,21,3,Mobile Phone,3,2,0,2,164
53432,0,16,Mobile Phone,3,12,Divorced,4,Male,3,2,,1,Others,8,3,0,1,308
53433,0,24,Phone,1,16,Divorced,4,Male,4,2,19,1,Mobile Phone,6,2,0,2,149
53434,0,31,Mobile Phone,1,9,Single,5,Female,4,5,14,4,Grocery,5,2,1,,262
53435,1,1,Mobile Phone,1,18,Divorced,6,Female,4,2,16,1,Laptop & Accessory,7,4,0,2,173
53436,0,29,Pad,1,25,Divorced,4,Male,4,7,15,8,Laptop & Accessory,5,4,1,7,189
53437,0,15,Pad,1,14,Married,6,Female,3,6,23,11,Others,3,3,0,2,325
53438,0,12,Mobile Phone,3,10,Single,4,Male,3,2,13,1,Laptop & Accessory,10,2,1,2,194
53439,1,1,Pad,3,36,Single,6,Male,4,3,19,3,Laptop & Accessory,10,5,0,1,175
53440,1,16,Mobile Phone,3,9,Divorced,6,Female,3,7,16,10,Others,3,2,0,6,323
53441,0,18,Mobile Phone,3,35,Divorced,2,Female,3,,19,12,Grocery,5,2,1,2,258
53442,0,24,Pad,3,7,Divorced,4,Female,4,2,13,14,Laptop & Accessory,2,3,0,2,188
53443,1,1,Mobile Phone,1,23,Single,2,Female,3,16,17,15,Mobile Phone,3,5,0,16,152
53444,0,13,Pad,1,29,Single,4,Female,3,,14,9,Fashion,3,5,1,2,234
53445,0,7,Pad,3,15,Single,5,Female,3,3,20,3,Mobile Phone,2,2,0,3,148
53446,0,19,Mobile Phone,3,18,Divorced,4,Female,3,2,,2,Grocery,5,2,0,2,302
53447,0,6,Pad,1,36,Single,4,Female,4,8,13,8,Mobile Phone,11,3,0,6,165
53448,0,8,Mobile Phone,3,7,Married,2,Male,4,2,12,,Laptop & Accessory,2,2,0,2,222
53449,0,31,Mobile Phone,3,7,Divorced,4,Male,4,,15,5,Fashion,5,2,1,1,244
53450,0,19,Phone,2,31,Single,4,Male,3,2,17,5,Mobile Phone,3,4,0,1,147
53451,0,27,Pad,3,9,Divorced,5,Female,3,7,13,13,Fashion,4,4,0,1,200
53452,1,1,Mobile Phone,1,22,Married,4,Male,3,2,15,1,Laptop & Accessory,9,3,0,1,173
53453,1,1,Pad,1,9,Divorced,4,Male,3,2,15,3,Mobile Phone,8,5,1,2,145
53454,0,8,Phone,3,17,Divorced,4,Female,3,2,20,1,Mobile Phone,3,3,1,1,147
53455,0,2,Phone,3,17,Divorced,4,Male,4,2,23,1,Mobile Phone,3,4,0,2,136
53456,0,12,Pad,1,10,Divorced,4,Male,3,3,17,3,Mobile Phone,5,3,0,3,153
53457,0,24,Mobile Phone,1,9,Divorced,4,Male,4,8,,8,Others,4,3,1,8,317
53458,0,11,Mobile Phone,1,10,Single,4,Female,3,2,16,2,Laptop & Accessory,5,4,0,2,166
53459,0,14,Mobile Phone,3,33,Divorced,4,Male,4,8,15,6,Laptop & Accessory,3,5,0,6,209
53460,0,1,Pad,1,7,Married,5,Female,4,2,14,4,Mobile Phone,3,3,0,2,145
53461,0,23,Mobile Phone,1,7,Married,4,Male,3,3,,3,Others,11,2,0,2,321
53462,0,28,Mobile Phone,3,9,Divorced,5,Female,3,,12,1,Fashion,8,3,0,7,232
53463,0,33,Pad,1,16,Divorced,4,Female,4,2,20,4,Mobile Phone,4,3,0,1,154
53464,0,13,Mobile Phone,1,19,Single,5,Female,3,8,12,,Fashion,2,2,0,6,214
53465,0,29,Pad,1,9,Single,5,Male,3,7,,3,Grocery,9,5,0,4,293
53466,0,17,Mobile Phone,3,32,Married,5,Male,4,,14,1,Fashion,7,2,0,2,259
53467,1,1,Pad,3,16,Single,4,Female,3,2,15,3,Mobile Phone,3,2,1,1,148
53468,1,1,Phone,1,17,Single,5,Female,3,2,14,1,Mobile Phone,3,5,0,2,139
53469,0,23,Mobile Phone,1,15,Married,5,Female,4,2,24,8,Laptop & Accessory,10,5,1,2,171
53470,1,15,Mobile Phone,1,11,Divorced,4,Male,3,3,13,8,Mobile Phone,11,3,1,2,150
53471,1,1,Pad,1,31,Single,5,Male,4,2,13,,Fashion,3,5,0,1,212
53472,0,1,Mobile Phone,1,7,Divorced,5,Male,3,2,17,4,Mobile Phone,3,5,0,1,165
53473,0,4,Mobile Phone,1,27,Divorced,4,Male,3,2,16,,Laptop & Accessory,2,5,0,2,225
53474,0,15,Mobile Phone,1,14,Divorced,2,Female,3,2,14,9,Mobile Phone,3,3,0,2,159
53475,0,12,Mobile Phone,1,24,Divorced,5,Female,4,2,19,,Fashion,2,3,0,1,213
53476,0,14,Mobile Phone,1,27,Divorced,4,Male,4,12,21,,Fashion,6,2,0,5,228
53477,0,1,Pad,1,15,Divorced,6,Male,3,2,20,3,Mobile Phone,3,3,0,2,171
53478,0,29,Pad,1,9,Divorced,4,Male,4,,19,3,Fashion,5,4,0,2,235
53479,0,2,Mobile Phone,1,17,Single,4,Female,3,2,14,8,Laptop & Accessory,5,3,0,2,162
53480,1,8,Mobile Phone,2,7,Divorced,5,Male,4,4,15,,Fashion,11,5,0,3,230
53481,0,7,Mobile Phone,1,12,Married,5,Male,3,2,16,3,Fashion,6,2,0,1,196
53482,1,1,Mobile Phone,3,11,Single,4,Male,3,5,23,,Fashion,2,5,1,4,221
53483,1,1,Pad,1,36,Single,5,Female,3,4,23,9,Laptop & Accessory,3,3,0,4,170
53484,0,2,Phone,1,22,Married,4,Male,3,3,17,3,Mobile Phone,3,3,0,3,147
53485,0,8,Pad,1,10,Single,4,Male,3,2,18,5,Laptop & Accessory,2,2,0,2,203
53486,0,11,Mobile Phone,3,17,Married,5,Female,3,2,15,1,Laptop & Accessory,4,2,1,1,192
53487,1,1,Mobile Phone,1,11,Divorced,4,Male,3,6,16,7,Mobile Phone,3,2,1,6,162
53488,1,1,Phone,1,28,Married,4,Male,3,2,21,1,Mobile Phone,3,3,0,2,149
53489,1,1,Phone,1,32,Single,5,Male,3,3,21,3,Mobile Phone,6,4,1,1,148
53490,0,16,Mobile Phone,1,9,Divorced,4,Male,3,14,,8,Grocery,2,5,0,6,302
53491,1,1,Pad,1,5,Married,5,Male,3,2,16,1,Mobile Phone,3,4,0,1,151
53492,1,14,Pad,3,7,Single,4,Male,3,2,15,1,Laptop & Accessory,5,3,1,1,172
53493,0,7,Pad,3,14,Divorced,4,Female,2,2,18,3,Laptop & Accessory,2,4,0,2,168
53494,0,8,Pad,1,10,Divorced,5,Male,3,2,18,1,Mobile Phone,5,2,0,2,155
53495,0,22,Pad,1,7,Single,2,Male,3,3,,2,Grocery,4,2,0,1,294
53496,0,19,Pad,3,16,Divorced,5,Female,4,5,14,13,Laptop & Accessory,3,3,0,1,181
53497,0,26,Mobile Phone,1,14,Single,4,Male,3,5,20,,Fashion,9,4,0,4,229
53498,0,12,Mobile Phone,3,17,Married,5,Male,4,3,15,,Fashion,2,3,1,3,212
53499,0,3,Mobile Phone,1,35,Married,4,Female,4,2,23,8,Mobile Phone,6,2,0,1,150
53500,0,2,Mobile Phone,1,10,Married,4,Female,4,2,18,8,Fashion,2,4,0,1,202
53501,0,23,Mobile Phone,3,10,Divorced,4,Male,3,5,,10,Grocery,5,3,0,2,300
53502,0,12,Mobile Phone,3,9,Single,4,Male,3,2,17,1,Fashion,9,4,0,2,199
53503,0,17,Pad,1,34,Divorced,4,Female,3,,12,2,Fashion,10,5,0,1,233
53504,1,3,Pad,1,9,Married,4,Male,3,,12,6,Grocery,9,2,0,8,247
53505,0,14,Mobile Phone,1,21,Single,5,Male,3,5,,10,Others,3,3,0,5,321
53506,0,1,Phone,1,7,Single,5,Female,4,3,12,3,Mobile Phone,3,4,1,1,146
53507,0,13,Pad,1,16,Single,4,Male,4,2,16,4,Laptop & Accessory,22,4,0,2,193
53508,0,13,Pad,1,25,Single,4,Male,4,2,21,10,Laptop & Accessory,4,2,0,2,203
53509,0,5,Pad,3,27,Divorced,2,Male,4,3,13,3,Mobile Phone,2,2,0,2,153
53510,0,2,Mobile Phone,1,9,Divorced,5,Male,4,2,18,5,Mobile Phone,2,4,0,1,157
53511,0,9,Pad,3,18,Married,4,Male,3,2,12,3,Laptop & Accessory,3,2,0,1,175
53512,0,23,Mobile Phone,3,15,Divorced,5,Male,3,,18,4,Grocery,8,4,0,2,256
53513,0,8,Pad,1,9,Single,4,Male,4,2,12,3,Laptop & Accessory,4,3,0,2,165
53514,0,3,Pad,1,17,Married,4,Female,4,2,15,2,Mobile Phone,2,4,0,2,158
53515,0,16,Mobile Phone,1,36,Single,6,Male,3,2,20,1,Laptop & Accessory,6,2,0,2,168
53516,0,3,Mobile Phone,1,15,Divorced,5,Male,4,2,14,3,Laptop & Accessory,3,2,1,1,176
53517,0,12,Mobile Phone,2,7,Divorced,2,Male,3,6,14,1,Mobile Phone,3,3,0,2,153
53518,0,5,Pad,1,13,Married,5,Male,3,2,15,3,Mobile Phone,3,3,1,2,152
53519,1,1,Pad,1,15,Single,4,Male,4,2,13,1,Mobile Phone,3,3,0,1,144
53520,1,1,Mobile Phone,3,16,Single,4,Female,4,2,18,4,Laptop & Accessory,2,5,1,1,207
53521,0,15,Mobile Phone,1,19,Divorced,4,Male,3,2,12,1,Mobile Phone,5,2,1,2,173
53522,1,1,Pad,1,22,Divorced,4,Male,4,3,13,3,Mobile Phone,3,3,0,3,151
53523,0,11,Mobile Phone,1,32,Married,5,Female,3,2,14,4,Laptop & Accessory,9,2,0,1,182
53524,0,1,Mobile Phone,1,13,Divorced,5,Male,3,3,14,3,Mobile Phone,3,3,0,3,150
53525,0,8,Mobile Phone,3,16,Divorced,4,Female,4,2,21,4,Laptop & Accessory,3,3,0,2,182
53526,0,9,Mobile Phone,2,15,Single,4,Male,4,2,18,5,Mobile Phone,3,3,0,1,168
53527,1,1,Mobile Phone,3,30,Divorced,5,Female,3,4,14,11,Fashion,3,5,0,1,198
53528,0,14,Pad,1,16,Single,4,Female,3,,18,14,Fashion,11,3,0,1,260
53529,1,6,Pad,3,19,Single,4,Male,3,14,13,15,Grocery,2,5,1,,263
53530,0,16,Mobile Phone,3,11,Single,4,Male,3,2,14,6,Laptop & Accessory,9,5,0,2,177
53531,0,9,Phone,1,7,Divorced,5,Male,3,2,13,8,Mobile Phone,8,3,0,2,148
53532,0,1,Mobile Phone,1,31,Single,4,Male,3,2,23,3,Mobile Phone,10,4,0,2,161
53533,1,1,Mobile Phone,1,19,Divorced,4,Female,4,2,12,1,Mobile Phone,3,2,1,2,150
53534,0,1,Mobile Phone,1,10,Divorced,2,Male,3,2,23,8,Mobile Phone,3,2,0,2,169
53535,0,4,Mobile Phone,3,17,Divorced,5,Male,4,2,19,5,Laptop & Accessory,3,3,0,2,191
53536,0,14,Pad,1,33,Divorced,5,Female,4,2,14,1,Laptop & Accessory,5,2,1,2,169
53537,0,9,Mobile Phone,1,9,Married,5,Male,3,7,19,,Fashion,4,4,0,7,228
53538,0,8,Pad,1,7,Single,5,Male,4,5,21,10,Laptop & Accessory,2,5,0,2,178
53539,0,9,Pad,1,11,Divorced,5,Male,3,3,14,3,Mobile Phone,3,2,0,3,149
53540,1,7,Mobile Phone,3,16,Single,6,Female,3,2,14,4,Laptop & Accessory,10,3,0,2,178
53541,0,6,Pad,3,9,Married,4,Female,4,2,13,1,Mobile Phone,3,5,0,1,153
53542,0,33,Mobile Phone,1,11,Married,4,Female,4,5,14,3,Others,6,5,0,1,324
53543,0,3,Mobile Phone,1,13,Divorced,4,Female,3,2,14,9,Mobile Phone,3,2,0,1,156
53544,0,1,Mobile Phone,1,16,Single,4,Male,3,2,26,1,Mobile Phone,3,5,0,1,151
53545,0,19,Mobile Phone,1,14,Divorced,4,Female,3,2,20,3,Mobile Phone,6,3,1,2,170
53546,0,11,Mobile Phone,1,7,Divorced,5,Female,3,4,14,12,Laptop & Accessory,3,2,0,4,190
53547,0,1,Mobile Phone,1,10,Single,5,Male,3,2,13,3,Mobile Phone,3,3,0,1,155
53548,1,8,Mobile Phone,1,17,Single,4,Male,4,2,12,3,Mobile Phone,3,3,1,2,154
53549,0,27,Mobile Phone,1,14,Married,4,Female,3,5,,8,Others,5,3,0,5,311
53550,0,3,Phone,1,22,Divorced,6,Female,4,2,19,4,Mobile Phone,2,2,1,2,147
53551,1,1,Pad,1,10,Divorced,5,Male,3,2,12,1,Mobile Phone,2,2,1,1,154
53552,0,23,Mobile Phone,3,9,Divorced,4,Female,4,16,,10,Grocery,10,5,0,13,295
53553,0,18,Pad,1,24,Single,6,Male,4,2,14,1,Mobile Phone,4,3,0,2,148
53554,0,7,Mobile Phone,2,9,Divorced,4,Male,3,2,14,5,Mobile Phone,3,3,0,1,161
53555,1,5,Pad,1,12,Married,5,Male,4,2,18,1,Mobile Phone,8,5,0,2,146
53556,0,4,Mobile Phone,3,36,Married,4,Male,4,2,20,4,Laptop & Accessory,10,5,0,2,166
53557,0,14,Pad,3,9,Divorced,4,Male,4,2,13,1,Laptop & Accessory,7,4,0,2,168
53558,0,24,Pad,1,9,Divorced,4,Female,2,3,,3,Grocery,4,5,0,3,304
53559,0,2,Mobile Phone,1,26,Divorced,5,Male,4,4,13,4,Mobile Phone,3,5,0,2,157
53560,0,23,Mobile Phone,1,22,Divorced,4,Male,3,2,,4,Others,7,4,0,2,316
53561,0,9,Mobile Phone,3,24,Divorced,4,Male,4,2,16,,Laptop & Accessory,5,5,1,2,215
53562,1,1,Phone,1,24,Divorced,4,Female,4,2,14,1,Mobile Phone,3,4,0,1,147
53563,0,7,Pad,3,32,Divorced,4,Female,3,2,13,2,Laptop & Accessory,3,3,0,1,170
53564,0,13,Mobile Phone,1,13,Married,6,Male,3,2,15,8,Mobile Phone,3,3,0,1,152
53565,0,4,Mobile Phone,1,14,Married,4,Male,3,9,14,10,Laptop & Accessory,3,3,0,9,160
53566,0,18,Mobile Phone,1,36,Single,4,Male,3,2,26,18,Laptop & Accessory,3,2,0,2,170
53567,0,1,Mobile Phone,3,28,Single,2,Male,3,3,18,3,Mobile Phone,3,2,0,1,152
53568,0,23,Mobile Phone,1,9,Married,4,Male,3,2,12,5,Laptop & Accessory,4,2,0,2,199
53569,0,16,Pad,2,9,Divorced,2,Male,4,2,17,4,Laptop & Accessory,9,5,0,1,188
53570,0,31,Mobile Phone,3,14,Married,2,Male,3,2,19,10,Laptop & Accessory,2,2,1,1,177
53571,0,6,Pad,1,20,Divorced,5,Female,4,3,21,3,Mobile Phone,3,4,0,1,152
53572,0,6,Pad,1,9,Single,4,Female,3,2,15,8,Laptop & Accessory,6,3,1,2,175
53573,0,13,Mobile Phone,1,7,Married,6,Female,4,8,22,,Fashion,4,5,1,6,228
53574,0,7,Mobile Phone,1,16,Divorced,4,Male,3,5,14,11,Mobile Phone,2,2,0,2,153
53575,0,14,Mobile Phone,3,17,Married,5,Female,3,2,13,4,Laptop & Accessory,9,4,0,2,194
53576,0,1,Mobile Phone,3,17,Single,4,Male,3,2,15,2,Laptop & Accessory,2,2,0,1,175
53577,0,4,Mobile Phone,1,7,Divorced,4,Male,4,6,22,8,Mobile Phone,2,4,1,2,161
53578,0,16,Pad,1,33,Divorced,4,Female,3,,18,1,Fashion,5,5,1,1,257
53579,0,9,Pad,3,15,Divorced,5,Female,4,5,12,,Fashion,6,2,1,3,229
53580,0,1,Phone,1,21,Divorced,4,Male,3,7,15,9,Mobile Phone,3,5,1,3,147
53581,0,28,Pad,1,7,Married,4,Female,3,2,18,,Fashion,9,3,0,2,230
53582,0,18,Phone,1,9,Divorced,2,Female,4,8,14,8,Mobile Phone,3,2,0,7,145
53583,1,1,Pad,1,17,Single,5,Female,4,2,26,1,Mobile Phone,3,4,1,2,144
53584,0,3,Mobile Phone,1,7,Married,4,Female,4,2,16,3,Mobile Phone,3,2,0,1,163
53585,0,28,Mobile Phone,1,10,Divorced,4,Male,3,2,,10,Grocery,5,2,0,2,303
53586,0,5,Mobile Phone,1,18,Divorced,4,Male,4,2,13,2,Laptop & Accessory,3,5,1,1,193
53587,0,5,Mobile Phone,1,31,Single,5,Female,4,2,20,9,Laptop & Accessory,3,5,0,1,193
53588,0,31,Mobile Phone,3,10,Single,5,Female,3,2,18,6,Laptop & Accessory,7,2,0,1,177
53589,0,17,Mobile Phone,1,10,Divorced,6,Male,4,2,,8,Others,5,2,0,2,322
53590,0,23,Mobile Phone,1,11,Divorced,5,Male,3,2,,1,Others,4,3,0,1,312
53591,0,13,Pad,1,10,Divorced,4,Male,3,2,13,8,Mobile Phone,3,4,0,2,162
53592,0,22,Mobile Phone,1,9,Single,2,Male,4,2,12,1,Mobile Phone,7,4,0,1,151
53593,0,1,Mobile Phone,1,11,Married,4,Male,4,2,12,4,Mobile Phone,3,3,0,2,150
53594,0,3,Mobile Phone,1,14,Married,4,Male,3,2,12,1,Laptop & Accessory,3,2,1,1,191
53595,0,22,Mobile Phone,1,7,Single,5,Male,4,2,,1,Others,8,2,0,2,308
53596,0,3,Mobile Phone,1,7,Married,5,Female,3,2,15,8,Grocery,5,2,0,,286
53597,0,8,Mobile Phone,1,27,Divorced,2,Female,3,2,18,1,Mobile Phone,2,3,0,2,151
53598,0,18,Mobile Phone,3,12,Divorced,4,Male,3,4,,11,Others,9,4,0,2,307
53599,0,7,Mobile Phone,3,17,Married,2,Male,3,2,15,9,Fashion,2,3,1,2,209
53600,0,1,Mobile Phone,1,32,Single,2,Female,3,2,13,2,Mobile Phone,3,2,1,2,155
53601,0,1,Phone,1,7,Divorced,4,Male,3,2,23,2,Mobile Phone,3,3,0,1,137
53602,1,1,Pad,3,31,Single,6,Male,4,2,15,1,Mobile Phone,3,2,1,2,136
53603,0,1,Mobile Phone,1,11,Single,4,Male,3,3,21,3,Mobile Phone,3,2,1,1,154
53604,1,9,Mobile Phone,3,9,Single,6,Female,4,2,,12,Others,4,4,1,1,313
53605,0,29,Pad,1,15,Married,5,Male,3,16,16,1,Grocery,3,4,1,4,261
53606,1,1,Pad,1,17,Single,5,Female,3,3,21,3,Mobile Phone,3,3,0,3,151
53607,0,23,Mobile Phone,3,11,Divorced,5,Female,3,2,,9,Others,4,4,0,2,313
53608,0,8,Mobile Phone,3,9,Single,4,Female,3,2,13,3,Laptop & Accessory,2,5,1,2,170
53609,0,25,Pad,3,16,Married,4,Male,3,12,25,11,Others,6,4,1,3,323
53610,0,31,Mobile Phone,1,25,Single,4,Male,4,6,13,,Fashion,8,2,0,2,230
53611,0,8,Pad,1,26,Married,4,Female,3,6,14,11,Laptop & Accessory,6,4,0,4,169
53612,0,2,Pad,1,7,Single,4,Male,3,2,12,3,Mobile Phone,2,3,1,1,147
53613,0,18,Mobile Phone,1,11,Married,2,Male,4,15,,14,Others,3,5,0,2,317
53614,0,8,Pad,2,18,Divorced,5,Male,3,2,12,9,Laptop & Accessory,6,4,0,1,170
53615,0,9,Mobile Phone,1,13,Divorced,4,Male,4,3,15,3,Mobile Phone,2,3,1,2,160
53616,0,16,Phone,1,14,Divorced,2,Female,4,2,17,1,Laptop & Accessory,8,4,1,1,149
53617,0,17,Mobile Phone,3,11,Single,5,Female,3,16,15,,Fashion,5,2,0,11,227
53618,0,13,Mobile Phone,1,9,Single,4,Female,3,6,12,13,Laptop & Accessory,11,4,1,5,179
53619,1,8,Mobile Phone,1,22,Divorced,4,Female,4,2,12,6,Fashion,3,2,0,1,205
53620,0,2,Pad,1,9,Divorced,5,Male,3,3,13,3,Mobile Phone,3,2,1,3,164
53621,0,25,Pad,1,13,Single,5,Female,3,8,15,8,Mobile Phone,2,3,0,8,153
53622,0,4,Pad,1,16,Single,4,Female,4,2,19,8,Laptop & Accessory,9,3,1,2,172
53623,1,1,Mobile Phone,1,14,Married,4,Female,3,8,14,8,Mobile Phone,5,3,1,2,158
53624,0,2,Phone,1,7,Single,4,Male,3,2,12,3,Mobile Phone,4,5,0,1,146
53625,0,1,Phone,1,7,Single,4,Female,3,3,19,2,Mobile Phone,3,4,0,2,146
53626,0,6,Mobile Phone,3,15,Divorced,2,Male,3,2,16,9,Laptop & Accessory,3,2,0,1,187
53627,0,19,Pad,1,32,Single,4,Female,3,2,,1,Others,5,4,0,2,306
53628,0,13,Mobile Phone,1,20,Married,5,Female,4,16,,3,Grocery,8,4,1,14,296
53629,0,31,Phone,1,30,Married,4,Male,3,3,13,3,Mobile Phone,3,3,0,3,149
53630,1,1,Mobile Phone,1,14,Divorced,4,Male,4,2,19,2,Laptop & Accessory,3,3,0,2,174
53631,1,3,Mobile Phone,1,30,Single,4,Male,4,2,14,4,Mobile Phone,2,5,0,1,164
53632,0,4,Mobile Phone,1,13,Divorced,5,Female,3,7,13,8,Laptop & Accessory,2,2,0,6,171
53633,0,13,Mobile Phone,1,17,Divorced,4,Female,4,2,13,8,Fashion,5,3,0,1,196
53634,0,23,Mobile Phone,2,7,Single,4,Female,3,6,13,8,Mobile Phone,8,5,0,4,159
53635,0,2,Pad,1,7,Divorced,6,Female,3,8,12,6,Laptop & Accessory,2,2,0,8,192
53636,0,24,Mobile Phone,1,35,Divorced,4,Female,3,2,,3,Grocery,6,5,1,1,294
53637,1,4,Mobile Phone,3,32,Single,5,Male,3,2,13,,Fashion,4,4,1,1,216
53638,1,16,Mobile Phone,3,12,Single,4,Male,4,8,20,,Fashion,11,4,1,6,209
53639,0,4,Mobile Phone,1,24,Divorced,4,Female,4,,24,9,Fashion,3,5,1,1,244
53640,0,13,Mobile Phone,1,25,Single,4,Male,3,2,12,8,Laptop & Accessory,2,3,0,1,170
53641,0,5,Pad,3,9,Married,4,Female,3,10,20,,Fashion,3,3,1,4,224
53642,0,15,Pad,3,17,Single,6,Male,3,12,14,10,Laptop & Accessory,3,4,0,4,187
53643,1,1,Pad,3,7,Single,4,Female,3,3,12,3,Mobile Phone,3,4,1,2,148
53644,1,8,Phone,1,10,Divorced,4,Male,3,2,13,3,Mobile Phone,6,5,0,2,149
53645,0,16,Pad,1,9,Divorced,4,Male,3,3,,11,Grocery,2,3,1,1,304
53646,0,29,Mobile Phone,1,9,Divorced,6,Female,3,10,,12,Others,6,3,0,6,317
53647,0,33,Mobile Phone,2,15,Single,4,Male,3,8,,8,Others,8,4,0,2,322
53648,0,14,Pad,1,23,Married,4,Male,4,2,17,1,Mobile Phone,11,3,0,2,160
53649,0,8,Mobile Phone,1,16,Married,4,Male,3,2,12,,Fashion,2,2,0,2,210
53650,0,14,Mobile Phone,1,9,Single,4,Male,4,9,14,9,Laptop & Accessory,3,2,0,4,172
53651,0,15,Pad,3,7,Married,4,Female,4,2,18,8,Laptop & Accessory,2,5,0,1,166
53652,0,9,Pad,1,11,Single,4,Male,3,2,12,2,Laptop & Accessory,3,3,1,2,167
53653,0,25,Mobile Phone,2,12,Married,4,Male,3,2,12,11,Grocery,3,4,1,,265
53654,0,12,Mobile Phone,3,9,Married,4,Female,3,2,16,8,Laptop & Accessory,5,5,0,1,194
53655,0,8,Mobile Phone,3,22,Single,4,Female,4,10,13,7,Laptop & Accessory,3,5,0,2,186
53656,0,1,Mobile Phone,1,26,Divorced,4,Male,4,2,12,3,Mobile Phone,5,2,0,2,162
53657,1,21,Mobile Phone,1,14,Divorced,5,Female,3,6,15,,Fashion,9,5,1,5,225
53658,0,14,Phone,1,7,Divorced,4,Male,3,2,23,4,Mobile Phone,5,4,0,2,149
53659,0,13,Pad,3,14,Divorced,2,Female,3,7,17,14,Laptop & Accessory,4,5,0,6,171
53660,0,22,Mobile Phone,1,11,Single,4,Male,3,2,12,9,Fashion,3,2,0,2,204
53661,0,1,Mobile Phone,3,18,Divorced,2,Female,4,2,15,1,Mobile Phone,10,2,0,2,150
53662,0,25,Mobile Phone,1,18,Single,5,Female,3,,17,4,Grocery,5,4,0,1,256
53663,0,1,Pad,1,7,Single,4,Female,4,2,16,1,Mobile Phone,3,2,0,2,141
53664,0,9,Mobile Phone,1,7,Divorced,5,Female,3,2,13,1,Laptop & Accessory,2,2,0,2,179
53665,0,1,Pad,3,9,Single,6,Male,3,2,21,1,Laptop & Accessory,5,2,0,2,176
53666,1,19,Mobile Phone,3,20,Single,2,Male,3,4,18,9,Grocery,8,3,1,,262
53667,0,33,Mobile Phone,1,30,Divorced,4,Male,4,,13,10,Grocery,6,4,1,12,259
53668,0,8,Pad,1,33,Married,5,Female,4,2,21,1,Mobile Phone,3,3,0,2,145
53669,0,14,Mobile Phone,1,9,Married,2,Female,3,12,21,9,Laptop & Accessory,7,3,0,6,189
53670,0,8,Mobile Phone,1,36,Divorced,4,Male,3,8,14,8,Laptop & Accessory,6,3,0,1,179
53671,1,1,Pad,3,9,Single,5,Female,3,2,15,1,Mobile Phone,9,2,0,1,153
53672,1,1,Pad,3,25,Divorced,4,Female,4,4,19,3,Laptop & Accessory,2,3,1,4,171
53673,0,12,Pad,1,14,Married,2,Male,3,2,12,4,Mobile Phone,3,3,0,1,151
53674,0,8,Mobile Phone,1,9,Single,4,Female,4,5,12,12,Laptop & Accessory,3,2,0,2,192
53675,0,2,Mobile Phone,3,33,Divorced,5,Male,3,2,12,5,Laptop & Accessory,3,5,0,2,172
53676,1,1,Mobile Phone,1,29,Divorced,4,Male,4,7,16,8,Laptop & Accessory,3,3,1,4,187
53677,0,13,Mobile Phone,3,28,Divorced,5,Male,3,2,13,5,Laptop & Accessory,5,2,1,1,186
53678,0,25,Pad,3,9,Divorced,4,Male,3,4,12,,Fashion,4,4,0,1,231
53679,0,15,Pad,1,29,Married,4,Female,4,4,15,4,Laptop & Accessory,5,2,1,1,180
53680,0,11,Mobile Phone,1,11,Divorced,4,Male,3,2,16,4,Mobile Phone,9,3,1,2,155
53681,0,7,Pad,3,12,Divorced,4,Male,4,2,14,,Laptop & Accessory,8,2,0,2,225
53682,0,6,Mobile Phone,3,9,Divorced,4,Male,3,2,14,3,Laptop & Accessory,2,4,1,1,166
53683,0,13,Pad,1,32,Divorced,4,Male,4,,22,6,Fashion,5,3,0,1,234
53684,0,1,Mobile Phone,3,25,Divorced,2,Male,4,2,12,3,Laptop & Accessory,4,3,0,1,187
53685,0,26,Pad,1,35,Divorced,2,Female,3,,12,3,Grocery,4,3,1,1,257
53686,0,17,Mobile Phone,1,13,Single,5,Female,4,2,15,9,Laptop & Accessory,3,3,1,2,166
53687,0,1,Mobile Phone,3,17,Divorced,5,Female,4,5,12,5,Laptop & Accessory,3,2,1,3,183
53688,1,1,Phone,1,24,Single,4,Female,3,8,14,8,Mobile Phone,3,3,1,4,149
53689,0,1,Mobile Phone,1,9,Single,5,Male,3,2,13,2,Mobile Phone,2,2,0,1,164
53690,0,16,Mobile Phone,2,17,Divorced,4,Female,3,2,,10,Grocery,2,5,0,1,293
53691,0,26,Mobile Phone,1,15,Divorced,4,Female,3,2,14,5,Mobile Phone,11,5,0,2,155
53692,0,11,Mobile Phone,1,18,Single,4,Female,4,2,19,3,Mobile Phone,6,3,0,1,161
53693,0,9,Pad,1,25,Single,4,Male,3,3,12,,Fashion,4,2,0,1,219
53694,0,1,Mobile Phone,1,7,Divorced,4,Male,3,2,12,3,Mobile Phone,6,2,0,2,157
53695,0,1,Mobile Phone,1,14,Single,2,Male,4,2,13,8,Mobile Phone,2,5,0,2,161
53696,0,3,Mobile Phone,2,24,Single,5,Male,3,2,14,10,Fashion,3,5,0,1,205
53697,1,1,Pad,1,35,Single,5,Male,4,2,21,4,Laptop & Accessory,5,5,0,1,168
53698,1,1,Pad,1,21,Single,4,Female,3,8,13,8,Fashion,2,2,1,3,201
53699,0,28,Mobile Phone,1,7,Single,4,Female,3,13,,8,Grocery,8,2,0,6,298
53700,0,31,Mobile Phone,1,7,Divorced,4,Female,4,2,,6,Others,5,5,1,2,322
53701,0,29,Mobile Phone,1,7,Married,2,Male,3,2,14,1,Grocery,4,2,0,,272
53702,0,13,Mobile Phone,3,10,Single,4,Female,3,2,17,,Laptop & Accessory,5,4,1,1,218
53703,1,1,Pad,3,7,Single,6,Female,3,2,13,1,Mobile Phone,3,3,0,2,139
53704,0,4,Mobile Phone,3,14,Married,4,Female,4,2,15,3,Laptop & Accessory,9,5,0,2,173
53705,0,5,Mobile Phone,1,15,Single,4,Female,4,2,12,1,Grocery,5,4,0,,289
53706,0,8,Pad,1,7,Married,4,Male,4,2,15,4,Mobile Phone,7,5,0,2,155
53707,1,1,Phone,1,15,Single,5,Female,3,2,13,1,Mobile Phone,3,4,0,1,138
53708,0,1,Phone,1,18,Divorced,4,Male,4,2,15,5,Mobile Phone,2,5,0,2,146
53709,0,13,Mobile Phone,1,11,Single,5,Male,3,2,17,9,Laptop & Accessory,3,2,0,2,183
53710,0,13,Mobile Phone,3,23,Divorced,5,Female,4,2,14,3,Laptop & Accessory,6,5,0,2,181
53711,0,21,Mobile Phone,1,7,Divorced,4,Male,4,2,13,3,Mobile Phone,9,2,0,2,159
53712,1,1,Mobile Phone,3,16,Divorced,5,Male,4,3,13,3,Mobile Phone,5,5,0,2,169
53713,0,11,Pad,1,12,Single,2,Male,3,2,15,4,Mobile Phone,2,3,0,2,160
53714,0,33,Phone,1,7,Divorced,4,Female,3,2,23,1,Mobile Phone,4,5,0,2,146
53715,0,21,Mobile Phone,1,9,Divorced,4,Female,3,6,,7,Grocery,5,3,0,4,297
53716,0,1,Mobile Phone,3,11,Divorced,4,Female,3,2,13,4,Laptop & Accessory,3,3,1,2,167
53717,0,6,Mobile Phone,3,14,Divorced,4,Male,4,2,13,,Laptop & Accessory,6,2,0,2,217
53718,0,8,Mobile Phone,1,7,Divorced,5,Female,3,2,18,3,Mobile Phone,7,4,0,2,158
53719,0,15,Phone,1,12,Divorced,2,Male,3,2,13,4,Mobile Phone,4,3,1,2,146
53720,0,14,Pad,1,16,Married,4,Male,3,2,12,8,Laptop & Accessory,5,3,0,2,165
53721,0,5,Mobile Phone,3,15,Married,4,Male,3,,19,10,Fashion,3,2,0,3,233
53722,1,13,Mobile Phone,3,16,Married,4,Male,3,5,12,,Fashion,6,1,0,1,226
53723,1,3,Pad,1,9,Single,5,Female,3,2,24,1,Mobile Phone,4,5,1,1,161
53724,1,1,Pad,1,7,Single,2,Female,4,5,12,8,Fashion,3,4,0,4,199
53725,0,19,Mobile Phone,1,27,Married,6,Male,4,,19,8,Fashion,4,5,1,1,234
53726,0,5,Phone,2,15,Single,2,Female,4,2,19,3,Mobile Phone,11,4,0,1,146
53727,1,1,Pad,1,9,Divorced,4,Male,4,3,14,3,Mobile Phone,8,1,1,3,162
53728,0,19,Mobile Phone,1,36,Divorced,4,Male,3,2,19,,Fashion,6,1,1,2,219
53729,0,22,Mobile Phone,3,14,Married,4,Male,4,3,12,3,Laptop & Accessory,6,5,0,2,180
53730,1,1,Mobile Phone,2,16,Divorced,4,Female,3,3,16,3,Mobile Phone,3,3,0,2,152
53731,0,14,Pad,1,15,Married,5,Male,3,5,12,9,Fashion,4,4,0,,263
53732,0,2,Mobile Phone,3,12,Single,4,Male,3,2,19,,Laptop & Accessory,2,5,0,2,210
53733,0,18,Pad,1,12,Single,5,Male,3,2,15,4,Mobile Phone,5,3,0,1,157
53734,0,27,Mobile Phone,1,9,Single,2,Male,3,9,13,9,Grocery,6,4,0,,291
53735,0,23,Mobile Phone,1,12,Divorced,4,Male,4,2,15,3,Laptop & Accessory,4,3,0,1,192
53736,0,14,Phone,1,9,Married,4,Male,4,2,15,3,Mobile Phone,4,3,0,1,148
53737,0,18,Mobile Phone,1,27,Single,4,Male,3,2,14,4,Mobile Phone,3,4,0,2,159
53738,0,7,Pad,3,14,Divorced,4,Male,3,2,15,4,Laptop & Accessory,2,5,0,1,169
53739,0,8,Mobile Phone,3,10,Single,6,Male,3,4,19,13,Laptop & Accessory,5,5,0,3,173
53740,0,4,Mobile Phone,3,23,Divorced,4,Male,4,3,16,3,Laptop & Accessory,10,3,0,1,178
53741,0,16,Pad,1,16,Single,4,Female,4,6,14,9,Mobile Phone,3,1,0,5,162
53742,0,18,Pad,3,7,Divorced,4,Female,4,2,13,1,Laptop & Accessory,9,3,0,2,173
53743,0,4,Pad,1,14,Married,4,Male,4,2,14,1,Mobile Phone,3,3,0,1,138
53744,0,51,Mobile Phone,1,7,Divorced,2,Male,4,3,25,9,Laptop & Accessory,2,3,0,2,174
53745,0,23,Mobile Phone,1,14,Married,4,Male,3,2,15,,Fashion,5,4,0,1,230
53746,0,8,Pad,1,22,Married,4,Male,4,7,,10,Grocery,9,5,0,3,295
53747,1,1,Pad,3,7,Divorced,4,Male,4,2,16,3,Mobile Phone,5,3,0,2,154
53748,1,1,Pad,3,20,Single,4,Female,3,2,12,1,Laptop & Accessory,7,4,0,1,183
53749,1,1,Mobile Phone,3,31,Single,5,Female,3,11,24,11,Laptop & Accessory,2,4,1,3,171
53750,0,9,Phone,3,14,Divorced,4,Male,4,2,14,1,Mobile Phone,3,3,0,2,149
53751,1,1,Pad,1,16,Single,4,Male,3,2,12,1,Mobile Phone,4,5,1,1,157
53752,0,1,Pad,3,20,Divorced,4,Female,4,2,14,1,Mobile Phone,3,4,0,1,145
53753,0,18,Pad,1,9,Single,4,Male,3,3,19,,Fashion,7,3,1,1,227
53754,0,3,Mobile Phone,3,26,Married,5,Male,4,2,15,,Laptop & Accessory,3,3,0,2,211
53755,0,4,Phone,2,7,Married,4,Male,3,2,22,4,Mobile Phone,2,3,0,1,146
53756,0,29,Mobile Phone,1,11,Divorced,4,Male,2,2,17,3,Laptop & Accessory,2,3,1,1,165
53757,0,7,Mobile Phone,1,11,Divorced,5,Female,3,2,12,3,Mobile Phone,10,4,0,1,163
53758,0,21,Mobile Phone,3,21,Divorced,4,Female,4,2,18,3,Laptop & Accessory,5,3,1,2,171
53759,1,1,Pad,1,9,Single,5,Male,3,2,12,1,Mobile Phone,9,5,0,1,151
53760,0,2,Phone,1,7,Married,5,Male,4,2,15,1,Mobile Phone,3,3,0,1,141
53761,0,2,Pad,3,14,Single,4,Male,3,2,15,4,Laptop & Accessory,2,5,0,2,174
53762,0,23,Mobile Phone,1,10,Divorced,5,Female,3,2,26,3,Laptop & Accessory,6,5,0,2,173
53763,0,3,Pad,1,9,Divorced,4,Female,4,2,14,3,Mobile Phone,2,4,0,1,157
53764,0,2,Mobile Phone,1,36,Divorced,6,Male,4,2,15,8,Laptop & Accessory,3,4,0,2,190
53765,0,7,Mobile Phone,1,15,Single,4,Male,4,2,18,1,Laptop & Accessory,4,3,1,1,189
53766,0,6,Mobile Phone,1,17,Single,4,Male,1,,26,1,Fashion,4,1,0,1,237
53767,0,28,Pad,1,18,Married,4,Female,3,2,21,13,Grocery,5,1,0,,285
53768,1,1,Phone,1,7,Single,5,Male,4,2,14,8,Mobile Phone,8,5,0,1,149
53769,0,18,Mobile Phone,1,35,Divorced,4,Male,3,15,14,18,Grocery,5,5,0,,288
53770,0,13,Mobile Phone,1,13,Single,4,Female,3,3,19,3,Fashion,6,4,0,1,209
53771,0,23,Mobile Phone,3,10,Divorced,4,Female,3,6,13,2,Grocery,10,4,0,,291
53772,0,9,Mobile Phone,1,23,Single,5,Female,4,4,20,,Fashion,3,4,0,2,211
53773,0,1,Phone,1,27,Single,4,Male,4,2,15,3,Laptop & Accessory,2,3,0,2,148
53774,1,4,Phone,1,16,Single,4,Male,3,2,15,1,Mobile Phone,5,5,0,2,145
53775,0,8,Mobile Phone,3,7,Divorced,5,Male,4,9,15,7,Fashion,3,3,1,8,196
53776,1,1,Pad,1,10,Single,4,Female,3,8,13,8,Mobile Phone,3,3,0,7,166
53777,0,24,Pad,1,29,Single,6,Male,3,14,14,10,Grocery,3,1,1,,269
53778,0,8,Phone,3,14,Married,4,Male,3,6,26,8,Mobile Phone,2,3,1,1,148
53779,0,16,Mobile Phone,1,9,Married,5,Male,4,2,15,1,Mobile Phone,6,4,0,2,173
53780,0,11,Mobile Phone,1,20,Married,4,Male,3,4,18,8,Laptop & Accessory,3,1,0,1,168
53781,0,3,Mobile Phone,1,15,Married,6,Female,3,2,14,,Laptop & Accessory,5,5,0,1,222
53782,0,7,Mobile Phone,1,32,Single,5,Male,3,2,14,3,Laptop & Accessory,3,4,0,1,168
53783,0,19,Phone,1,35,Married,4,Male,4,2,21,4,Mobile Phone,6,1,0,2,146
53784,0,16,Pad,1,9,Married,4,Male,3,14,15,,Fashion,4,1,1,13,226
53785,0,14,Mobile Phone,3,16,Married,4,Male,3,8,13,2,Laptop & Accessory,2,5,0,3,180
53786,0,7,Mobile Phone,1,35,Married,4,Male,4,6,13,8,Laptop & Accessory,3,3,1,2,177
53787,0,14,Mobile Phone,2,13,Single,4,Male,3,8,22,8,Grocery,3,1,1,,289
53788,0,1,Phone,1,28,Married,5,Male,3,2,15,1,Mobile Phone,2,5,0,1,148
53789,0,14,Pad,1,15,Married,4,Male,4,3,19,3,Laptop & Accessory,5,1,1,3,166
53790,0,19,Mobile Phone,1,7,Married,4,Male,4,8,13,8,Fashion,3,4,0,7,199
53791,0,9,Phone,3,7,Married,5,Female,4,5,24,3,Mobile Phone,2,3,0,3,149
53792,0,6,Mobile Phone,1,12,Married,5,Female,4,3,13,6,Laptop & Accessory,5,4,0,2,184
53793,0,13,Mobile Phone,3,9,Single,4,Male,4,2,22,3,Mobile Phone,5,1,1,1,151
53794,0,22,Mobile Phone,3,23,Married,4,Female,4,8,15,8,Laptop & Accessory,10,3,0,2,189
53795,0,3,Mobile Phone,1,16,Married,2,Male,4,2,19,1,Mobile Phone,8,3,0,2,150
53796,0,7,Mobile Phone,3,15,Married,4,Male,3,3,14,3,Laptop & Accessory,4,5,0,3,189
53797,1,1,Mobile Phone,3,7,Married,5,Male,4,7,12,,Laptop & Accessory,3,5,0,4,222
53798,0,12,Pad,2,17,Married,4,Male,4,2,12,3,Laptop & Accessory,5,3,0,1,186
53799,0,9,Phone,1,7,Single,5,Male,4,2,20,3,Mobile Phone,3,5,0,1,150
53800,0,4,Mobile Phone,3,36,Married,4,Male,3,2,13,,Fashion,5,4,0,1,218
53801,1,1,Phone,1,9,Married,4,Female,4,2,13,1,Mobile Phone,3,5,1,2,146
53802,1,17,Mobile Phone,1,9,Married,5,Female,4,2,17,,Fashion,2,1,0,2,227
53803,1,2,Mobile Phone,1,9,Married,4,Male,3,2,12,5,Laptop & Accessory,6,4,0,1,174
53804,0,6,Pad,1,7,Married,4,Male,4,2,15,3,Laptop & Accessory,6,5,0,2,166
53805,0,22,Phone,1,22,Married,4,Female,4,8,13,7,Mobile Phone,10,5,0,8,149
53806,0,8,Mobile Phone,1,14,Single,4,Male,3,2,14,1,Mobile Phone,3,1,0,1,155
53807,0,29,Mobile Phone,3,33,Married,5,Male,3,3,,14,Others,3,1,0,3,321
53808,0,8,Mobile Phone,1,7,Married,4,Male,3,3,18,2,Laptop & Accessory,11,1,0,2,180
53809,0,1,Phone,1,10,Married,4,Female,3,2,22,1,Mobile Phone,3,1,0,2,146
53810,0,12,Mobile Phone,3,21,Married,4,Male,4,8,12,,Laptop & Accessory,2,4,0,6,224
53811,0,12,Mobile Phone,3,23,Single,4,Female,3,2,13,3,Laptop & Accessory,4,4,0,1,167
53812,0,13,Mobile Phone,3,7,Single,4,Female,4,2,14,1,Laptop & Accessory,8,3,0,2,193
53813,0,3,Mobile Phone,1,10,Single,4,Male,3,2,19,6,Mobile Phone,3,5,1,1,172
53814,0,9,Mobile Phone,1,17,Single,4,Female,3,2,17,5,Laptop & Accessory,5,3,1,2,186
53815,0,13,Mobile Phone,3,13,Married,2,Male,3,8,12,7,Fashion,4,3,0,5,207
53816,0,3,Pad,1,9,Married,4,Male,3,2,20,,Laptop & Accessory,3,1,0,1,214
53817,0,24,Mobile Phone,3,6,Married,4,Male,3,2,,1,Others,6,3,1,1,318
53818,0,1,Phone,1,17,Married,2,Male,3,3,17,3,Mobile Phone,4,3,0,3,146
53819,0,13,Pad,1,13,Married,2,Male,4,2,14,3,Laptop & Accessory,5,5,1,2,181
53820,0,16,Mobile Phone,1,16,Single,5,Male,4,2,,2,Others,10,1,0,2,321
53821,0,9,Mobile Phone,1,35,Married,2,Male,3,7,18,9,Laptop & Accessory,3,3,0,6,159
53822,0,8,Pad,1,17,Married,5,Male,4,8,15,8,Laptop & Accessory,3,3,0,3,176
53823,0,14,Mobile Phone,3,21,Married,4,Female,3,2,16,3,Laptop & Accessory,3,5,0,1,171
53824,0,17,Mobile Phone,1,34,Married,2,Male,3,2,13,3,Mobile Phone,7,4,0,2,174
53825,0,9,Mobile Phone,1,14,Married,5,Male,4,2,19,2,Mobile Phone,3,1,0,2,152
53826,0,23,Mobile Phone,3,7,Single,2,Male,3,2,,13,Grocery,3,5,0,2,301
53827,1,1,Phone,1,31,Married,4,Male,3,2,18,1,Mobile Phone,3,4,1,1,149
53828,0,1,Pad,1,33,Married,5,Female,3,2,15,4,Mobile Phone,3,3,1,1,153
53829,0,24,Pad,1,27,Married,4,Male,3,,16,14,Grocery,4,3,1,4,237
53830,0,6,Mobile Phone,1,12,Married,2,Female,3,2,18,3,Mobile Phone,5,1,0,2,158
53831,0,18,Mobile Phone,1,14,Married,4,Female,3,2,,11,Others,2,1,1,2,315
53832,0,4,Phone,1,14,Married,5,Male,3,2,13,2,Mobile Phone,3,4,0,1,146
53833,0,19,Mobile Phone,1,12,Single,6,Female,3,2,15,5,Laptop & Accessory,3,5,1,2,183
53834,0,19,Pad,3,33,Married,5,Male,3,5,16,6,Laptop & Accessory,3,5,0,1,169
53835,0,5,Pad,3,9,Single,4,Male,3,2,14,4,Laptop & Accessory,9,5,0,1,178
53836,0,13,Mobile Phone,1,19,Married,4,Female,4,2,13,2,Laptop & Accessory,11,3,1,1,172
53837,0,8,Pad,1,17,Married,2,Male,3,8,14,3,Laptop & Accessory,3,1,0,6,172
53838,0,23,Mobile Phone,1,32,Married,4,Female,3,2,15,5,Mobile Phone,3,5,0,1,157
53839,0,13,Mobile Phone,1,17,Married,4,Male,4,8,14,8,Laptop & Accessory,4,5,0,5,179
53840,0,1,Mobile Phone,1,26,Married,5,Male,4,2,12,8,Mobile Phone,3,5,0,1,166
53841,0,9,Mobile Phone,1,25,Married,2,Male,3,2,12,11,Laptop & Accessory,3,5,0,1,177
53842,0,2,Mobile Phone,1,34,Married,6,Female,3,2,22,1,Laptop & Accessory,2,5,0,2,25
53843,0,1,Mobile Phone,1,12,Single,4,Male,4,3,19,3,Mobile Phone,3,1,0,2,156
53844,1,1,Pad,3,10,Single,4,Female,4,2,13,1,Mobile Phone,3,1,1,1,141
53845,0,21,Mobile Phone,2,33,Married,4,Female,4,2,,1,Others,5,3,0,2,322
53846,0,13,Mobile Phone,1,10,Married,5,Male,4,2,16,8,Laptop & Accessory,2,3,0,1,156
53847,0,14,Mobile Phone,1,22,Married,5,Female,4,15,14,,Fashion,3,3,0,2,229
53848,0,9,Pad,1,15,Married,4,Female,3,3,13,10,Laptop & Accessory,3,3,0,3,166
53849,0,11,Mobile Phone,1,26,Married,4,Male,3,2,18,3,Laptop & Accessory,5,3,0,1,183
53850,0,13,Pad,1,11,Single,4,Female,3,4,14,9,Laptop & Accessory,2,3,0,4,175
53851,0,19,Mobile Phone,1,9,Married,5,Female,3,4,20,10,Laptop & Accessory,3,1,0,3,183
53852,0,12,Mobile Phone,1,9,Married,5,Female,3,2,20,3,Fashion,5,3,1,2,203
53853,1,1,Mobile Phone,3,17,Married,5,Male,3,7,18,,Fashion,11,5,0,5,228
53854,0,11,Mobile Phone,1,17,Married,4,Female,4,8,12,8,Mobile Phone,3,4,0,2,164
53855,0,14,Mobile Phone,1,23,Single,4,Female,3,4,16,4,Fashion,8,1,1,2,204
53856,0,18,Pad,2,7,Married,4,Male,3,2,12,3,Laptop & Accessory,6,1,1,2,182
53857,0,22,Pad,1,11,Married,5,Male,3,3,26,3,Grocery,4,1,0,,277
53858,1,1,Mobile Phone,3,22,Married,6,Male,3,3,15,3,Laptop & Accessory,8,1,1,2,179
53859,0,1,Pad,1,9,Single,4,Female,3,2,14,4,Mobile Phone,3,1,1,2,163
53860,0,1,Mobile Phone,1,15,Married,2,Female,3,2,18,3,Mobile Phone,9,3,0,1,160
53861,0,1,Pad,1,9,Single,4,Male,3,2,14,3,Mobile Phone,4,1,0,1,151
53862,1,4,Phone,1,14,Single,4,Male,4,2,15,4,Mobile Phone,5,5,1,1,147
53863,0,3,Mobile Phone,3,17,Single,5,Male,3,2,12,5,Laptop & Accessory,11,3,0,2,184
53864,0,13,Mobile Phone,1,12,Married,4,Female,3,2,13,3,Fashion,6,5,0,2,205
53865,0,1,Pad,1,9,Married,2,Male,4,2,18,8,Laptop & Accessory,3,3,0,1,177
53866,0,13,Mobile Phone,1,19,Married,4,Male,4,2,22,1,Laptop & Accessory,6,4,0,2,178
53867,0,23,Mobile Phone,1,29,Married,4,Female,4,2,17,3,Grocery,5,4,0,,289
53868,0,24,Mobile Phone,1,24,Married,5,Female,3,,16,12,Fashion,7,5,0,2,258
53869,0,1,Mobile Phone,3,9,Single,4,Female,3,3,20,3,Mobile Phone,3,3,0,1,153
53870,0,8,Mobile Phone,1,10,Married,4,Female,4,8,13,10,Laptop & Accessory,3,4,0,8,179
53871,0,13,Phone,1,14,Single,4,Male,4,2,12,4,Mobile Phone,4,4,0,1,145
53872,0,23,Mobile Phone,1,13,Married,5,Female,3,3,20,13,Grocery,4,3,1,,265
53873,0,13,Pad,1,7,Married,5,Female,3,2,16,3,Laptop & Accessory,2,3,0,2,169
53874,0,13,Mobile Phone,1,10,Married,2,Male,4,2,21,5,Laptop & Accessory,8,5,0,2,193
53875,0,28,Mobile Phone,1,29,Married,4,Female,4,5,,8,Grocery,5,3,0,3,299
53876,0,17,Mobile Phone,1,22,Married,5,Male,4,7,,12,Grocery,3,3,0,5,301
53877,1,1,Pad,3,19,Single,4,Male,3,7,25,8,Laptop & Accessory,5,1,1,4,171
53878,0,12,Pad,1,7,Married,4,Male,3,3,16,10,Laptop & Accessory,9,1,0,3,172
53879,0,3,Mobile Phone,3,12,Married,5,Male,3,2,14,10,Laptop & Accessory,3,4,1,1,167
53880,0,7,Mobile Phone,3,9,Married,4,Male,4,2,15,5,Laptop & Accessory,3,1,0,2,180
53881,0,6,Mobile Phone,1,9,Married,4,Male,3,2,14,7,Laptop & Accessory,2,4,0,1,180
53882,0,5,Mobile Phone,3,12,Married,4,Female,4,2,12,3,Laptop & Accessory,3,1,0,1,180
53883,0,23,Mobile Phone,1,23,Married,4,Female,4,3,17,3,Mobile Phone,6,5,1,2,151
53884,0,12,Pad,1,9,Single,5,Female,3,4,23,4,Mobile Phone,3,4,0,2,149
53885,0,21,Mobile Phone,3,9,Married,2,Female,3,2,15,3,Grocery,8,4,0,,285
53886,0,23,Mobile Phone,1,7,Single,4,Male,3,2,15,1,Grocery,6,3,0,,279
53887,0,15,Mobile Phone,3,30,Single,4,Male,4,2,17,3,Fashion,5,3,1,1,196
53888,0,1,Mobile Phone,3,16,Single,4,Male,3,2,12,3,Mobile Phone,3,5,0,1,152
53889,0,7,Pad,3,23,Married,4,Female,3,2,26,3,Laptop & Accessory,3,1,1,1,179
53890,0,13,Mobile Phone,1,33,Married,4,Male,4,2,15,3,Laptop & Accessory,8,3,0,2,178
53891,0,18,Mobile Phone,2,7,Married,4,Female,3,3,19,3,Mobile Phone,6,1,1,3,157
53892,1,1,Mobile Phone,1,15,Single,5,Male,4,2,12,3,Mobile Phone,3,3,1,2,165
53893,0,12,Mobile Phone,1,11,Married,4,Female,3,2,20,1,Mobile Phone,9,3,0,1,158
53894,0,27,Mobile Phone,1,31,Married,2,Male,3,2,16,3,Fashion,5,1,0,1,195
53895,1,12,Pad,3,14,Married,4,Female,4,8,12,8,Mobile Phone,4,3,1,5,152
53896,1,1,Phone,1,9,Single,4,Male,4,2,13,1,Mobile Phone,3,4,0,2,139
53897,0,1,Pad,1,14,Single,4,Male,4,6,21,8,Mobile Phone,3,1,0,6,151
53898,0,29,Mobile Phone,1,29,Married,5,Male,4,2,13,3,Mobile Phone,7,4,0,2,160
53899,0,8,Mobile Phone,1,12,Married,5,Male,3,5,15,14,Laptop & Accessory,3,1,0,5,165
53900,0,31,Mobile Phone,1,7,Married,6,Male,4,,21,1,Fashion,5,1,0,1,234
53901,0,7,Phone,1,28,Married,2,Male,4,3,19,14,Mobile Phone,3,4,0,3,145
53902,0,11,Pad,3,7,Married,6,Male,3,2,15,,Laptop & Accessory,3,1,0,1,220
53903,0,8,Mobile Phone,1,26,Married,5,Female,3,9,13,8,Mobile Phone,3,1,0,4,154
53904,1,1,Phone,3,14,Married,4,Male,3,2,22,3,Mobile Phone,3,1,1,2,148
53905,0,18,Mobile Phone,1,9,Married,2,Female,4,7,20,8,Fashion,3,1,1,7,204
53906,0,9,Pad,1,9,Single,5,Male,4,2,15,5,Mobile Phone,2,1,1,2,174
53907,0,17,Mobile Phone,3,9,Married,4,Male,4,9,18,9,Laptop & Accessory,3,1,1,1,203
53908,0,1,Mobile Phone,1,16,Married,2,Male,4,2,17,5,Mobile Phone,3,3,0,1,169
53909,0,15,Mobile Phone,3,13,Single,4,Male,3,9,13,,Fashion,3,3,0,7,217
53910,0,3,Mobile Phone,1,16,Married,4,Female,3,2,18,3,Mobile Phone,11,3,0,2,155
53911,0,13,Mobile Phone,3,9,Single,4,Female,3,7,16,8,Laptop & Accessory,5,1,0,4,170
53912,0,19,Pad,1,7,Married,5,Male,4,,24,5,Fashion,5,3,0,4,232
53913,1,1,Phone,2,29,Married,6,Male,3,2,12,1,Mobile Phone,3,3,0,1,141
53914,1,11,Pad,3,16,Married,6,Male,3,,12,11,Grocery,9,3,0,2,254
53915,0,1,Phone,1,24,Married,6,Male,4,2,16,3,Mobile Phone,3,3,0,1,148
53916,0,19,Mobile Phone,1,35,Single,5,Female,3,9,,7,Grocery,3,4,0,4,292
53917,0,6,Pad,1,17,Married,4,Male,3,2,14,4,Mobile Phone,8,3,0,1,159
53918,0,5,Mobile Phone,1,9,Married,4,Male,4,2,15,4,Mobile Phone,3,3,0,1,160
53919,0,15,Pad,2,11,Married,6,Male,3,2,20,3,Laptop & Accessory,8,4,0,1,189
53920,0,14,Mobile Phone,1,15,Married,4,Female,4,2,17,1,Laptop & Accessory,4,5,1,1,190
53921,0,1,Mobile Phone,1,36,Married,4,Male,4,2,14,3,Mobile Phone,3,5,0,2,164
53922,0,23,Mobile Phone,1,20,Single,4,Male,3,2,15,10,Laptop & Accessory,8,4,0,2,181
53923,0,9,Mobile Phone,1,34,Married,4,Male,3,2,17,8,Laptop & Accessory,4,3,0,1,194
53924,0,4,Mobile Phone,1,23,Married,4,Male,3,2,13,9,Mobile Phone,3,1,0,1,154
53925,0,21,Pad,3,9,Married,4,Male,3,2,12,1,Laptop & Accessory,9,4,0,1,175
53926,0,23,Mobile Phone,3,9,Married,4,Male,4,2,13,,Fashion,6,1,1,1,229
53927,1,1,Mobile Phone,3,20,Married,5,Male,4,3,14,3,Laptop & Accessory,7,5,1,3,186
53928,1,1,Mobile Phone,3,7,Single,6,Male,3,2,16,1,Laptop & Accessory,8,4,0,1,192
53929,0,1,Mobile Phone,1,11,Single,4,Female,3,2,14,3,Mobile Phone,3,4,0,2,158
53930,0,5,Pad,1,31,Single,4,Female,2,2,21,5,Laptop & Accessory,4,1,0,2,177
53931,0,13,Pad,1,7,Married,4,Male,4,6,16,9,Laptop & Accessory,3,1,1,4,190
53932,0,6,Mobile Phone,3,26,Married,6,Male,4,2,14,,Fashion,5,3,0,2,221
53933,0,14,Mobile Phone,3,14,Single,4,Male,3,13,,9,Others,3,4,0,2,323
53934,0,19,Mobile Phone,2,11,Married,6,Female,3,2,22,,Fashion,6,3,0,2,223
53935,0,4,Pad,1,9,Single,5,Female,4,2,17,8,Mobile Phone,2,5,0,1,175
53936,0,1,Pad,2,17,Married,4,Male,3,3,15,2,Mobile Phone,2,1,0,2,146
53937,1,1,Pad,2,15,Married,5,Female,4,2,12,3,Mobile Phone,8,1,0,2,147
53938,0,5,Mobile Phone,3,12,Married,4,Male,3,2,20,3,Laptop & Accessory,3,3,0,1,208
53939,0,1,Mobile Phone,1,15,Single,4,Female,4,2,12,5,Mobile Phone,3,1,0,2,159
53940,1,1,Mobile Phone,3,16,Single,6,Female,3,3,14,3,Mobile Phone,3,4,0,2,153
53941,0,3,Pad,1,7,Single,2,Male,4,2,13,3,Laptop & Accessory,10,3,1,1,188
53942,0,4,Mobile Phone,3,22,Married,5,Male,4,2,12,8,Fashion,4,5,0,1,196
53943,0,8,Mobile Phone,1,9,Married,2,Male,4,2,15,3,Mobile Phone,2,1,1,1,154
53944,0,7,Pad,3,9,Single,4,Female,4,2,16,8,Laptop & Accessory,10,4,0,1,176
53945,0,23,Mobile Phone,3,18,Single,4,Female,4,2,13,5,Laptop & Accessory,5,1,0,1,170
53946,1,1,Mobile Phone,3,23,Single,4,Female,4,2,21,,Fashion,4,5,1,1,211
53947,0,12,Pad,1,9,Married,5,Female,4,2,15,6,Mobile Phone,6,4,0,1,150
53948,1,1,Mobile Phone,3,23,Married,4,Male,4,2,14,1,Fashion,4,3,0,2,207
53949,0,3,Phone,1,11,Married,5,Female,4,2,14,1,Mobile Phone,3,5,0,1,146
53950,0,1,Mobile Phone,1,23,Married,2,Male,3,2,17,8,Laptop & Accessory,5,3,0,2,178
53951,0,6,Pad,1,12,Single,4,Male,4,2,15,8,Mobile Phone,4,4,0,2,152
53952,0,12,Mobile Phone,1,25,Married,6,Male,3,2,17,1,Laptop & Accessory,5,1,1,1,183
53953,1,7,Pad,1,24,Married,5,Male,3,2,17,1,Mobile Phone,11,3,1,2,149
53954,0,16,Mobile Phone,1,19,Married,4,Male,3,2,23,5,Mobile Phone,10,4,0,2,153
53955,0,29,Mobile Phone,1,9,Married,5,Male,3,2,,1,Others,10,5,0,1,315
53956,0,7,Pad,1,11,Married,4,Male,3,2,16,8,Laptop & Accessory,7,4,0,1,156
53957,0,15,Phone,1,16,Married,4,Male,4,2,21,5,Mobile Phone,3,5,0,2,148
53958,0,8,Pad,3,17,Married,4,Male,3,2,15,8,Laptop & Accessory,3,3,1,2,165
53959,0,27,Pad,1,7,Married,5,Female,3,,21,3,Grocery,6,3,1,1,255
53960,0,17,Mobile Phone,2,9,Single,4,Male,4,2,14,9,Mobile Phone,2,1,0,1,160
53961,0,8,Mobile Phone,3,10,Single,6,Female,3,3,13,3,Laptop & Accessory,7,1,0,2,185
53962,1,1,Mobile Phone,3,14,Single,4,Male,3,2,14,1,Mobile Phone,3,4,0,2,152
53963,0,12,Mobile Phone,1,13,Married,5,Female,3,2,12,5,Mobile Phone,3,3,0,1,162
53964,1,1,Phone,1,15,Married,4,Female,4,2,18,1,Mobile Phone,3,5,1,1,149
53965,0,5,Mobile Phone,3,36,Married,5,Female,4,6,15,8,Laptop & Accessory,3,1,0,3,180
53966,0,25,Mobile Phone,1,10,Married,4,Female,3,,12,3,Fashion,4,3,0,3,256
53967,0,11,Mobile Phone,3,16,Married,5,Male,3,2,15,4,Laptop & Accessory,3,4,0,1,167
53968,0,23,Mobile Phone,1,9,Married,4,Male,3,3,,3,Others,9,1,1,2,318
53969,0,13,Mobile Phone,1,17,Married,4,Male,3,6,14,8,Fashion,9,5,1,2,208
53970,1,8,Pad,1,7,Married,4,Male,3,3,13,4,Mobile Phone,3,4,1,2,148
53971,0,11,Mobile Phone,2,15,Married,4,Male,3,5,14,8,Laptop & Accessory,4,4,0,5,166
53972,1,1,Mobile Phone,3,34,Single,4,Male,3,8,19,8,Laptop & Accessory,3,1,1,1,183
53973,0,7,Mobile Phone,1,15,Married,2,Male,3,8,20,7,Mobile Phone,8,5,0,7,156
53974,0,2,Phone,1,7,Married,4,Male,3,2,12,4,Mobile Phone,3,1,0,1,145
53975,0,13,Mobile Phone,1,17,Single,4,Male,4,,22,3,Fashion,9,3,0,3,260
53976,0,23,Pad,3,33,Single,5,Male,4,3,16,3,Laptop & Accessory,10,4,0,3,205
53977,0,14,Mobile Phone,1,9,Married,4,Female,3,2,18,3,Mobile Phone,6,5,0,2,159
53978,0,16,Mobile Phone,1,20,Married,2,Male,4,2,19,1,Laptop & Accessory,7,5,0,2,180
53979,0,9,Pad,1,9,Married,4,Male,3,2,15,8,Laptop & Accessory,4,1,0,1,183
53980,0,12,Pad,2,9,Married,4,Male,4,4,14,9,Mobile Phone,7,4,0,4,151
53981,1,1,Pad,1,16,Married,4,Male,4,2,18,8,Laptop & Accessory,6,5,0,1,178
53982,1,1,Mobile Phone,1,17,Single,4,Male,3,2,16,9,Laptop & Accessory,3,5,0,1,167
53983,0,13,Pad,3,27,Married,4,Male,3,3,19,3,Laptop & Accessory,4,1,0,2,166
53984,0,17,Pad,1,16,Single,4,Male,3,2,14,3,Mobile Phone,6,3,0,1,149
53985,0,15,Mobile Phone,1,12,Single,2,Male,3,2,13,3,Laptop & Accessory,5,4,0,2,194
53986,0,15,Mobile Phone,3,11,Married,4,Female,3,14,14,,Fashion,2,3,1,1,229
53987,0,4,Mobile Phone,1,17,Single,4,Female,4,2,15,,Fashion,11,3,0,1,222
53988,1,1,Phone,2,27,Married,4,Female,4,2,12,5,Mobile Phone,2,4,1,1,146
53989,1,13,Mobile Phone,1,28,Married,4,Female,4,4,23,,Laptop & Accessory,6,4,0,2,214
53990,0,14,Mobile Phone,1,7,Married,4,Female,3,2,18,4,Laptop & Accessory,6,1,0,1,190
53991,0,8,Mobile Phone,3,15,Married,2,Male,4,5,22,9,Laptop & Accessory,3,3,0,1,193
53992,0,31,Pad,3,9,Married,4,Male,3,15,23,15,Grocery,6,4,0,11,25
53993,0,9,Mobile Phone,1,30,Married,6,Male,4,2,17,4,Mobile Phone,2,3,0,2,152
53994,0,21,Mobile Phone,1,11,Married,5,Female,4,15,13,,Fashion,10,4,1,3,228
53995,0,14,Mobile Phone,1,19,Married,4,Female,3,8,13,8,Laptop & Accessory,4,5,0,8,169
53996,0,28,Mobile Phone,1,14,Married,4,Female,4,2,16,8,Laptop & Accessory,6,1,0,2,194
53997,0,5,Pad,3,14,Married,4,Female,4,3,15,,Fashion,4,5,0,3,221
53998,0,2,Mobile Phone,1,7,Married,4,Female,4,2,26,3,Mobile Phone,3,5,0,2,161
53999,0,12,Mobile Phone,3,9,Married,6,Female,4,2,21,4,Laptop & Accessory,4,1,1,1,179
54000,0,1,Mobile Phone,3,17,Single,4,Male,3,2,14,3,Laptop & Accessory,3,1,0,1,172
54001,0,31,Pad,1,22,Married,4,Male,3,3,15,3,Grocery,4,3,1,,283
54002,0,1,Pad,1,21,Single,4,Female,3,2,17,1,Mobile Phone,3,3,0,2,140
54003,1,1,Mobile Phone,2,25,Married,2,Male,3,2,18,1,Mobile Phone,2,5,0,2,155
54004,1,1,Phone,2,20,Married,5,Male,3,3,16,1,Mobile Phone,6,5,1,2,148
54005,0,19,Pad,3,9,Married,4,Female,4,6,23,8,Laptop & Accessory,6,3,0,4,177
54006,0,13,Mobile Phone,1,9,Married,4,Female,4,2,23,1,Laptop & Accessory,6,4,1,1,195
54007,0,17,Pad,3,9,Married,4,Male,4,8,21,8,Laptop & Accessory,3,1,0,6,182
54008,0,1,Pad,1,12,Single,4,Female,3,2,15,3,Mobile Phone,2,1,1,2,149
54009,0,3,Pad,1,27,Married,4,Male,3,4,14,11,Mobile Phone,3,1,0,2,163
54010,0,6,Pad,3,17,Single,4,Male,4,2,14,1,Laptop & Accessory,10,1,0,2,171
54011,0,16,Pad,1,17,Married,4,Male,3,4,23,4,Mobile Phone,5,3,0,2,154
54012,0,21,Phone,1,16,Single,4,Female,4,3,13,1,Mobile Phone,6,3,0,2,146
54013,0,23,Mobile Phone,1,9,Married,4,Male,3,5,15,,Fashion,5,1,0,2,211
54014,0,2,Pad,2,7,Married,4,Male,3,3,16,3,Mobile Phone,3,1,0,1,152
54015,0,3,Mobile Phone,1,36,Married,6,Male,4,2,18,7,Laptop & Accessory,10,3,0,2,189
54016,0,16,Mobile Phone,1,15,Single,4,Male,3,2,14,1,Mobile Phone,6,3,0,2,165
54017,1,1,Mobile Phone,3,9,Single,5,Male,3,3,13,,Laptop & Accessory,9,4,1,3,224
54018,0,23,Mobile Phone,3,10,Married,2,Female,3,,13,9,Grocery,4,5,0,2,257
54019,0,1,Mobile Phone,3,30,Married,5,Female,3,6,22,9,Laptop & Accessory,3,3,0,5,160
54020,0,3,Mobile Phone,2,13,Married,5,Male,3,2,12,1,Mobile Phone,3,4,0,2,153
54021,0,17,Mobile Phone,1,13,Married,5,Female,3,7,,15,Others,9,3,0,4,319
54022,0,22,Mobile Phone,1,17,Married,5,Male,4,13,,10,Others,6,4,0,4,322
54023,1,1,Pad,1,31,Single,5,Male,4,2,25,1,Mobile Phone,3,1,1,2,149
54024,1,13,Mobile Phone,3,17,Married,4,Female,4,2,22,8,Fashion,7,4,0,1,198
54025,0,1,Pad,1,22,Married,5,Female,4,8,20,4,Mobile Phone,2,5,0,8,173
54026,0,13,Mobile Phone,1,26,Married,4,Male,3,3,15,3,Laptop & Accessory,10,1,0,2,164
54027,0,29,Mobile Phone,1,9,Married,5,Male,4,2,21,5,Mobile Phone,10,1,0,1,152
54028,0,2,Mobile Phone,3,10,Married,4,Female,4,2,20,1,Mobile Phone,3,4,0,2,154
54029,1,1,Phone,3,16,Single,4,Male,3,2,14,1,Mobile Phone,3,1,0,1,136
54030,1,1,Mobile Phone,1,14,Single,4,Male,4,2,24,1,Mobile Phone,3,4,1,2,150
54031,0,13,Mobile Phone,3,17,Married,5,Female,4,2,14,8,Laptop & Accessory,3,3,1,2,182
54032,0,5,Mobile Phone,1,27,Married,4,Male,3,2,12,3,Laptop & Accessory,3,3,0,1,167
54033,0,8,Mobile Phone,3,11,Married,4,Male,4,2,14,,Fashion,4,1,1,1,222
54034,0,3,Phone,1,14,Single,4,Male,3,2,15,3,Mobile Phone,5,5,0,1,146
54035,0,11,Mobile Phone,1,14,Married,4,Male,4,2,23,5,Laptop & Accessory,7,5,1,1,168
54036,0,9,Mobile Phone,1,23,Married,5,Female,3,2,12,3,Laptop & Accessory,2,4,1,2,173
54037,0,19,Mobile Phone,1,32,Married,5,Female,4,4,14,9,Laptop & Accessory,2,1,0,1,184
54038,0,13,Pad,2,9,Single,5,Male,4,2,22,9,Laptop & Accessory,3,1,0,2,164
54039,0,14,Mobile Phone,1,7,Married,4,Male,4,12,,17,Grocery,4,5,0,10,293
54040,0,1,Mobile Phone,1,7,Married,5,Female,3,2,14,1,Mobile Phone,3,3,1,1,154
54041,0,1,Mobile Phone,3,9,Single,2,Female,3,2,15,8,Laptop & Accessory,2,3,0,1,190
54042,0,22,Pad,1,29,Married,4,Female,3,5,,8,Grocery,5,1,0,1,297
54043,0,18,Mobile Phone,1,7,Married,2,Male,4,3,16,3,Laptop & Accessory,4,5,0,3,175
54044,1,1,Pad,1,23,Married,6,Male,3,4,24,1,Mobile Phone,3,5,1,4,148
54045,1,23,Mobile Phone,1,31,Single,4,Male,4,2,17,1,Mobile Phone,3,1,0,1,151
54046,0,13,Mobile Phone,3,24,Married,5,Male,3,2,17,4,Laptop & Accessory,4,4,0,2,180
54047,0,15,Mobile Phone,3,15,Married,4,Female,3,2,22,5,Laptop & Accessory,7,4,0,2,169
54048,0,16,Mobile Phone,1,13,Married,4,Male,3,,14,8,Fashion,11,5,0,4,258
54049,0,5,Mobile Phone,3,17,Married,4,Female,3,2,12,5,Laptop & Accessory,4,1,1,1,191
54050,0,8,Mobile Phone,3,10,Married,5,Female,4,2,13,2,Laptop & Accessory,5,1,1,1,206
54051,0,5,Mobile Phone,1,11,Married,2,Female,4,3,13,3,Mobile Phone,10,3,0,3,165
54052,0,1,Pad,1,13,Married,2,Male,4,8,19,8,Mobile Phone,2,1,0,3,150
54053,0,19,Pad,1,7,Single,4,Male,3,2,13,4,Laptop & Accessory,6,3,0,2,179
54054,0,7,Mobile Phone,3,17,Single,4,Male,3,2,15,10,Laptop & Accessory,3,3,0,1,180
54055,0,2,Pad,3,7,Married,5,Male,3,2,13,8,Laptop & Accessory,3,1,1,1,193
54056,1,1,Pad,3,31,Single,2,Male,3,2,18,1,Mobile Phone,3,5,0,2,136
54057,0,13,Pad,3,28,Married,6,Female,3,2,20,3,Laptop & Accessory,8,3,0,1,182
54058,0,1,Phone,1,9,Married,4,Male,3,2,12,3,Mobile Phone,3,4,0,2,147
54059,0,8,Pad,1,29,Married,5,Male,3,7,16,12,Laptop & Accessory,3,1,1,4,182
54060,1,1,Mobile Phone,3,20,Single,4,Female,3,3,12,,Laptop & Accessory,5,3,1,3,224
54061,0,21,Pad,1,21,Married,4,Male,4,2,19,8,Laptop & Accessory,10,4,0,1,180
54062,0,33,Mobile Phone,3,18,Married,5,Female,3,2,17,1,Laptop & Accessory,6,5,0,1,179
54063,0,13,Mobile Phone,1,16,Married,4,Male,3,8,26,10,Laptop & Accessory,3,5,0,5,177
54064,0,12,Pad,1,15,Married,5,Female,3,2,17,8,Laptop & Accessory,3,4,1,2,146
54065,0,31,Mobile Phone,3,28,Married,4,Female,4,2,,1,Grocery,6,1,1,2,304
54066,1,1,Pad,1,12,Single,2,Female,3,2,15,4,Mobile Phone,5,3,1,1,149
54067,0,12,Mobile Phone,1,16,Married,4,Male,4,2,20,4,Mobile Phone,4,1,0,2,173
54068,0,23,Pad,1,9,Married,4,Male,3,5,,4,Others,5,1,0,3,317
54069,0,16,Mobile Phone,3,19,Married,4,Male,4,2,13,1,Laptop & Accessory,5,1,1,1,176
54070,1,1,Pad,2,29,Married,5,Female,3,2,13,1,Mobile Phone,3,4,0,2,154
54071,0,9,Mobile Phone,3,25,Married,4,Male,4,2,17,5,Laptop & Accessory,2,5,0,1,25
54072,0,2,Pad,1,23,Single,4,Male,3,2,15,5,Mobile Phone,3,3,0,1,146
54073,0,5,Pad,1,10,Married,4,Male,3,3,14,4,Mobile Phone,3,5,1,1,156
54074,0,13,Pad,1,16,Married,2,Male,4,2,23,3,Mobile Phone,3,4,0,2,153
54075,0,8,Mobile Phone,3,7,Single,4,Male,3,3,22,,Fashion,3,1,0,2,224
54076,0,8,Mobile Phone,3,20,Married,4,Male,3,2,19,,Fashion,3,3,0,2,211
54077,0,1,Mobile Phone,1,7,Single,4,Male,4,8,14,7,Mobile Phone,2,5,0,4,154
54078,0,3,Mobile Phone,1,7,Married,4,Male,3,2,13,3,Laptop & Accessory,2,5,0,2,179
54079,0,6,Pad,1,22,Married,4,Female,3,2,19,3,Laptop & Accessory,7,1,0,1,192
54080,0,5,Pad,1,7,Married,6,Male,3,9,22,8,Laptop & Accessory,3,5,0,2,175
54081,1,1,Phone,1,24,Married,5,Male,3,2,13,4,Mobile Phone,7,1,0,1,149
54082,0,12,Mobile Phone,3,7,Single,5,Male,3,2,15,1,Mobile Phone,6,5,0,1,154
54083,0,9,Mobile Phone,3,14,Married,4,Female,3,2,12,10,Laptop & Accessory,3,1,1,2,177
54084,0,1,Mobile Phone,3,16,Single,4,Male,3,2,15,8,Laptop & Accessory,3,1,0,1,166
54085,0,6,Mobile Phone,1,12,Single,5,Male,3,2,25,,Laptop & Accessory,10,1,0,1,222
54086,1,1,Pad,3,33,Married,4,Male,4,2,12,9,Laptop & Accessory,3,1,1,1,181
54087,1,17,Mobile Phone,3,31,Single,4,Male,4,3,14,,Fashion,8,5,1,3,229
54088,0,28,Mobile Phone,1,16,Married,4,Female,4,3,12,4,Laptop & Accessory,5,3,0,1,154
54089,0,7,Pad,1,14,Married,4,Male,3,3,21,9,Laptop & Accessory,3,3,0,3,185
54090,0,17,Mobile Phone,1,18,Married,4,Male,2,2,18,10,Fashion,3,3,0,2,200
54091,0,12,Pad,2,7,Married,4,Male,3,2,12,3,Mobile Phone,2,4,1,2,155
54092,0,29,Mobile Phone,2,33,Married,2,Male,4,2,,5,Others,6,4,1,2,321
54093,0,5,Phone,1,9,Married,6,Female,3,2,12,1,Mobile Phone,3,1,1,2,136
54094,0,13,Mobile Phone,3,22,Single,4,Male,4,,13,11,Grocery,2,5,0,5,258
54095,0,16,Pad,1,30,Single,5,Male,3,4,13,8,Laptop & Accessory,3,3,0,3,168
54096,0,5,Pad,1,17,Married,4,Female,3,,21,9,Fashion,6,3,0,4,235
54097,0,28,Mobile Phone,1,17,Single,4,Female,4,2,20,5,Laptop & Accessory,8,5,1,1,169
54098,0,1,Mobile Phone,1,7,Single,5,Male,3,2,13,3,Laptop & Accessory,3,3,0,2,171
54099,0,1,Mobile Phone,1,19,Single,4,Male,4,2,14,5,Mobile Phone,3,1,0,2,151
54100,0,14,Pad,1,18,Married,4,Female,4,10,12,5,Laptop & Accessory,3,3,0,3,188
54101,0,14,Mobile Phone,3,9,Married,4,Female,4,6,15,11,Laptop & Accessory,5,4,0,2,182
54102,0,1,Phone,2,9,Married,4,Female,3,2,15,3,Mobile Phone,6,4,0,1,147
54103,0,4,Mobile Phone,1,7,Married,4,Male,4,2,14,8,Mobile Phone,3,4,0,1,162
54104,0,1,Mobile Phone,1,9,Married,4,Male,3,2,20,3,Mobile Phone,8,3,1,1,165
54105,0,21,Mobile Phone,1,32,Single,4,Male,3,13,24,,Fashion,4,3,0,2,211
54106,0,7,Pad,1,7,Married,5,Male,3,2,13,1,Mobile Phone,3,3,0,1,145
54107,0,12,Mobile Phone,3,7,Married,4,Male,3,6,16,9,Laptop & Accessory,2,4,0,5,169
54108,0,5,Mobile Phone,3,9,Married,4,Male,3,2,20,3,Mobile Phone,2,3,0,2,156
54109,0,12,Pad,1,13,Married,5,Male,4,8,12,8,Laptop & Accessory,4,3,0,3,178
54110,0,16,Mobile Phone,1,25,Married,4,Male,3,2,18,3,Laptop & Accessory,8,5,1,1,179
54111,0,15,Mobile Phone,1,7,Married,4,Male,4,2,23,1,Mobile Phone,5,1,0,1,153
54112,0,21,Pad,1,7,Married,4,Female,4,,19,13,Fashion,2,4,0,1,245
54113,0,9,Mobile Phone,1,18,Married,4,Male,3,3,12,3,Mobile Phone,9,3,1,1,152
54114,0,1,Mobile Phone,1,7,Single,4,Male,4,2,13,3,Mobile Phone,2,3,0,1,159
54115,0,9,Mobile Phone,1,16,Single,4,Male,3,2,20,9,Laptop & Accessory,3,3,0,1,176
54116,0,7,Mobile Phone,1,22,Married,4,Female,4,9,14,2,Laptop & Accessory,2,1,1,6,37
54117,0,6,Mobile Phone,1,36,Single,5,Female,3,5,14,2,Mobile Phone,3,4,0,4,153
54118,0,14,Phone,1,7,Married,4,Male,3,2,20,1,Mobile Phone,10,1,0,1,149
54119,0,6,Phone,3,7,Married,5,Male,4,3,15,3,Mobile Phone,2,4,0,1,148
54120,0,13,Mobile Phone,1,31,Single,4,Male,3,2,14,8,Laptop & Accessory,9,1,0,2,166
54121,0,12,Mobile Phone,1,17,Married,6,Female,3,,13,12,Fashion,5,3,0,2,257
54122,0,6,Mobile Phone,3,7,Married,4,Female,3,6,20,,Fashion,3,1,0,4,229
54123,0,11,Mobile Phone,1,17,Married,2,Female,3,7,26,9,Fashion,3,1,1,,262
54124,0,1,Mobile Phone,3,15,Married,4,Female,3,2,23,5,Laptop & Accessory,2,3,1,2,174
54125,0,26,Pad,3,127,Married,4,Male,3,2,16,1,Mobile Phone,4,1,0,2,160
54126,0,18,Phone,1,7,Single,4,Male,3,2,13,3,Mobile Phone,8,1,1,1,149
54127,0,1,Phone,3,12,Single,4,Male,3,2,12,3,Mobile Phone,3,5,1,2,149
54128,0,13,Pad,1,16,Single,4,Male,3,2,,4,Others,4,1,0,1,319
54129,1,1,Pad,3,16,Married,4,Male,3,2,20,1,Mobile Phone,3,5,0,2,143
54130,0,13,Mobile Phone,3,10,Married,5,Female,4,4,20,5,Fashion,2,1,0,4,201
54131,0,13,Pad,1,11,Married,4,Female,4,2,14,3,Laptop & Accessory,9,4,0,2,176
54132,0,33,Pad,1,7,Married,4,Male,3,2,22,10,Laptop & Accessory,3,3,0,1,188
54133,1,1,Mobile Phone,1,7,Married,4,Male,3,3,15,3,Mobile Phone,11,1,1,3,173
54134,0,16,Mobile Phone,1,9,Married,4,Male,3,5,,15,Others,7,3,0,2,314
54135,1,23,Phone,1,14,Married,4,Male,4,10,12,9,Mobile Phone,10,3,0,7,148
54136,0,15,Mobile Phone,1,35,Married,5,Female,3,,24,11,Grocery,2,4,0,2,261
54137,0,8,Mobile Phone,3,35,Married,5,Female,4,2,22,8,Laptop & Accessory,3,3,0,2,192
54138,0,13,Pad,3,22,Married,6,Male,3,12,25,12,Laptop & Accessory,3,1,0,5,179
54139,0,15,Mobile Phone,3,10,Married,5,Male,3,2,12,,Laptop & Accessory,4,4,0,1,214
54140,0,6,Phone,1,9,Single,4,Male,4,2,15,3,Mobile Phone,3,5,0,2,149
54141,0,9,Mobile Phone,2,33,Single,4,Female,3,2,17,,Fashion,3,1,1,2,213
54142,0,12,Mobile Phone,3,17,Married,4,Female,4,2,12,10,Laptop & Accessory,3,1,0,1,178
54143,1,14,Pad,3,7,Married,4,Male,4,2,13,2,Laptop & Accessory,9,3,0,2,192
54144,0,13,Mobile Phone,3,18,Married,5,Female,4,2,14,1,Laptop & Accessory,6,1,0,2,192
54145,0,19,Mobile Phone,3,27,Single,4,Female,3,2,16,2,Laptop & Accessory,10,3,0,2,174
54146,0,14,Mobile Phone,1,9,Single,5,Male,3,3,15,3,Mobile Phone,4,3,0,1,153
54147,0,9,Pad,1,25,Married,4,Male,4,2,15,3,Laptop & Accessory,3,3,1,2,182
54148,0,14,Phone,1,9,Married,4,Female,4,2,15,3,Mobile Phone,4,3,0,2,145
54149,0,9,Mobile Phone,1,7,Married,6,Female,4,2,13,2,Mobile Phone,3,1,0,1,155
54150,0,3,Mobile Phone,1,20,Married,5,Male,3,2,14,4,Laptop & Accessory,6,4,1,2,165
54151,0,3,Mobile Phone,1,35,Single,5,Female,4,2,15,5,Mobile Phone,3,5,0,1,163
54152,1,14,Mobile Phone,3,35,Married,5,Male,3,,14,1,Fashion,6,5,1,1,234
54153,0,13,Mobile Phone,3,31,Married,5,Female,3,,12,7,Grocery,2,1,0,2,245
54154,0,5,Pad,1,12,Single,4,Male,4,2,20,,Laptop & Accessory,2,5,0,1,224
54155,0,1,Mobile Phone,3,12,Single,5,Female,2,2,19,1,Mobile Phone,2,3,0,1,155
54156,0,13,Pad,1,30,Married,2,Male,3,2,18,4,Laptop & Accessory,6,1,0,1,151
54157,0,13,Mobile Phone,1,13,Married,5,Male,3,2,16,,Fashion,6,5,0,2,225
54158,0,1,Mobile Phone,1,11,Married,2,Male,3,2,21,4,Laptop & Accessory,3,4,1,2,186
54159,0,23,Pad,3,9,Married,5,Male,4,2,15,9,Laptop & Accessory,4,4,0,2,179
54160,0,8,Mobile Phone,1,15,Married,2,Male,3,2,13,3,Laptop & Accessory,4,3,0,1,169
54161,1,5,Mobile Phone,3,7,Single,4,Female,4,2,12,6,Laptop & Accessory,10,1,1,1,185
54162,0,23,Pad,1,15,Married,5,Male,4,2,24,8,Laptop & Accessory,3,4,0,1,176
54163,1,1,Phone,1,9,Single,5,Male,4,2,16,1,Mobile Phone,8,3,1,1,146
54164,0,7,Pad,1,10,Married,4,Female,3,4,12,1,Mobile Phone,3,3,1,3,154
54165,0,1,Mobile Phone,1,9,Married,4,Male,3,3,13,3,Mobile Phone,11,4,0,2,160
54166,0,6,Pad,1,9,Single,4,Male,4,4,14,7,Mobile Phone,2,1,0,2,156
54167,0,31,Mobile Phone,1,10,Married,2,Female,3,2,21,1,Mobile Phone,6,5,1,1,152
54168,0,4,Mobile Phone,1,31,Married,4,Male,4,2,23,1,Mobile Phone,3,3,0,2,152
54169,0,12,Pad,1,30,Single,5,Male,3,2,22,,Fashion,2,3,0,2,220
54170,0,13,Mobile Phone,1,34,Married,4,Male,4,8,14,8,Laptop & Accessory,8,3,0,1,177
54171,0,9,Phone,1,23,Married,2,Male,3,2,14,4,Mobile Phone,2,4,0,2,149
54172,0,3,Mobile Phone,1,22,Single,5,Female,3,2,13,9,Laptop & Accessory,2,3,1,2,167
54173,0,5,Mobile Phone,1,33,Married,4,Male,3,5,18,4,Mobile Phone,3,3,0,4,154
54174,0,8,Mobile Phone,1,26,Married,4,Male,4,2,12,3,Mobile Phone,2,1,0,1,152
54175,1,1,Phone,1,31,Single,5,Male,3,2,15,4,Mobile Phone,7,3,1,1,145
54176,0,3,Mobile Phone,1,28,Married,2,Female,3,9,12,,Fashion,3,5,0,7,225
54177,0,6,Mobile Phone,1,12,Married,2,Male,4,2,13,6,Mobile Phone,2,4,1,2,158
54178,0,1,Pad,1,23,Married,2,Male,4,2,14,1,Mobile Phone,3,1,1,1,154
54179,0,27,Mobile Phone,3,9,Married,5,Female,4,4,17,8,Grocery,4,1,0,,279
54180,0,12,Mobile Phone,1,9,Single,4,Male,3,2,12,3,Mobile Phone,7,1,1,1,164
54181,0,1,Pad,1,18,Married,2,Female,4,2,19,4,Laptop & Accessory,2,3,0,1,165
54182,1,1,Mobile Phone,3,16,Single,5,Male,3,2,24,4,Mobile Phone,9,5,0,1,159
54183,0,8,Mobile Phone,1,14,Single,4,Female,3,,12,12,Fashion,2,4,0,1,245
54184,0,1,Phone,1,22,Single,4,Male,4,2,15,1,Mobile Phone,3,1,0,2,137
54185,1,1,Mobile Phone,1,13,Single,4,Male,3,2,12,4,Mobile Phone,4,5,0,1,155
54186,0,27,Mobile Phone,1,12,Married,4,Female,3,5,,9,Others,6,3,0,2,316
54187,1,1,Pad,1,23,Single,6,Female,4,7,23,8,Mobile Phone,3,5,1,1,164
54188,0,16,Mobile Phone,3,15,Married,4,Male,3,5,12,3,Laptop & Accessory,2,4,0,3,193
54189,0,18,Mobile Phone,1,14,Married,5,Female,3,6,15,,Fashion,5,1,0,1,227
54190,0,23,Mobile Phone,3,9,Single,4,Female,3,3,,2,Others,5,5,0,3,314
54191,0,7,Mobile Phone,1,9,Single,4,Male,4,2,12,1,Mobile Phone,6,1,0,1,150
54192,0,18,Mobile Phone,1,17,Married,4,Male,3,2,14,4,Laptop & Accessory,4,1,1,1,190
54193,0,4,Phone,1,16,Single,5,Male,3,2,14,9,Mobile Phone,3,3,0,1,147
54194,1,3,Phone,3,12,Married,4,Male,3,2,15,1,Laptop & Accessory,5,1,0,1,146
54195,1,1,Phone,1,7,Married,4,Male,4,3,17,1,Mobile Phone,4,1,1,1,148
54196,0,17,Mobile Phone,1,9,Married,2,Female,4,2,13,5,Mobile Phone,3,3,0,2,151
54197,1,14,Mobile Phone,3,10,Married,5,Male,3,2,15,3,Mobile Phone,3,3,1,2,152
54198,0,9,Phone,3,9,Married,4,Female,4,3,14,3,Mobile Phone,3,1,0,3,145
54199,0,13,Mobile Phone,1,12,Married,5,Female,3,2,15,1,Mobile Phone,11,5,1,2,159
54200,0,7,Pad,3,7,Married,2,Female,3,2,20,4,Laptop & Accessory,4,5,0,1,179
54201,0,9,Phone,1,11,Married,4,Male,4,2,13,1,Mobile Phone,3,1,0,2,145
54202,0,1,Phone,1,9,Married,4,Female,3,2,14,1,Mobile Phone,3,5,0,2,148
54203,1,1,Phone,1,32,Single,6,Male,3,2,13,2,Mobile Phone,3,3,0,1,148
54204,0,1,Pad,3,15,Single,4,Male,3,2,16,,Fashion,3,3,0,2,212
54205,0,4,Pad,1,7,Single,4,Female,3,4,24,8,Laptop & Accessory,3,1,0,2,165
54206,1,5,Mobile Phone,1,19,Married,4,Female,3,16,,9,Others,3,3,0,2,320
54207,0,8,Pad,3,30,Single,4,Male,4,9,21,8,Laptop & Accessory,2,3,0,1,171
54208,0,11,Mobile Phone,1,26,Married,4,Male,4,2,22,1,Mobile Phone,6,4,0,1,155
54209,0,23,Pad,3,12,Single,4,Male,4,2,22,9,Laptop & Accessory,6,1,1,2,183
54210,0,9,Phone,1,15,Married,2,Male,3,2,20,2,Mobile Phone,3,1,0,2,148
54211,1,12,Mobile Phone,1,7,Single,5,Male,4,2,14,1,Fashion,11,3,1,1,179
54212,1,1,Mobile Phone,1,12,Single,4,Male,3,3,14,3,Mobile Phone,3,3,1,1,159
54213,0,18,Mobile Phone,3,7,Married,4,Female,4,2,22,4,Laptop & Accessory,7,5,1,2,180
54214,0,9,Pad,1,18,Married,5,Male,4,3,14,,Fashion,4,5,1,2,224
54215,0,1,Mobile Phone,3,30,Married,5,Female,3,2,20,1,Laptop & Accessory,9,1,1,1,167
54216,0,7,Pad,1,30,Single,4,Female,4,,13,13,Fashion,3,1,1,4,260
54217,0,9,Pad,3,6,Married,4,Male,4,2,23,,Fashion,3,5,0,1,216
54218,0,9,Mobile Phone,1,30,Married,4,Female,2,3,16,3,Mobile Phone,5,5,1,1,165
54219,0,5,Mobile Phone,1,14,Married,4,Male,3,2,23,8,Laptop & Accessory,5,1,0,1,184
54220,0,11,Mobile Phone,1,7,Married,5,Male,3,2,19,8,Laptop & Accessory,3,3,0,1,185
54221,0,6,Mobile Phone,1,7,Married,4,Male,3,8,23,9,Laptop & Accessory,3,1,1,6,187
54222,0,12,Pad,1,36,Single,4,Female,3,10,12,10,Laptop & Accessory,3,1,0,7,149
54223,0,24,Mobile Phone,1,14,Married,5,Female,3,14,,9,Others,7,3,1,5,312
54224,0,31,Mobile Phone,3,32,Single,4,Female,5,8,12,10,Fashion,9,5,0,7,201
54225,0,13,Mobile Phone,1,15,Married,4,Female,3,13,14,,Fashion,3,3,0,8,226
54226,0,29,Mobile Phone,1,15,Married,4,Female,3,2,15,3,Grocery,4,3,1,,273
54227,0,13,Pad,1,18,Single,5,Male,4,2,14,4,Laptop & Accessory,3,4,0,2,190
54228,0,19,Mobile Phone,1,14,Married,4,Male,3,2,18,,Fashion,4,5,0,1,222
54229,0,9,Pad,1,7,Married,4,Male,4,2,14,3,Mobile Phone,6,5,0,1,147
54230,1,1,Mobile Phone,1,16,Married,5,Male,4,2,18,1,Mobile Phone,2,3,1,2,159
54231,0,31,Pad,3,7,Single,5,Female,3,2,12,4,Laptop & Accessory,9,3,0,2,180
54232,0,3,Mobile Phone,1,9,Married,4,Male,4,2,24,5,Mobile Phone,2,4,0,2,152
54233,0,5,Mobile Phone,1,7,Single,4,Male,3,2,18,1,Mobile Phone,3,4,0,2,150
54234,0,6,Mobile Phone,1,7,Married,4,Male,4,2,18,10,Laptop & Accessory,3,4,0,2,187
54235,0,13,Mobile Phone,1,13,Married,2,Female,3,2,13,1,Mobile Phone,5,1,0,1,155
54236,0,5,Mobile Phone,1,15,Single,4,Female,4,2,24,9,Laptop & Accessory,3,1,0,2,169
54237,0,9,Mobile Phone,3,7,Single,5,Male,3,3,15,9,Laptop & Accessory,2,5,0,2,168
54238,0,19,Mobile Phone,1,13,Married,4,Male,3,,15,1,Fashion,6,5,1,2,257
54239,0,11,Mobile Phone,1,14,Single,4,Male,2,2,14,3,Fashion,6,3,0,,262
54240,0,23,Mobile Phone,2,12,Married,4,Male,4,2,23,3,Laptop & Accessory,3,4,1,2,175
54241,0,4,Mobile Phone,1,7,Married,5,Male,3,4,13,1,Laptop & Accessory,3,1,1,2,176
54242,0,9,Mobile Phone,1,7,Single,5,Male,2,2,19,5,Mobile Phone,3,3,0,2,154
54243,0,29,Mobile Phone,3,7,Married,4,Male,4,2,15,,Fashion,5,1,0,1,227
54244,0,12,Pad,1,13,Married,6,Female,4,2,13,10,Laptop & Accessory,9,1,1,1,178
54245,0,8,Mobile Phone,1,7,Married,4,Male,4,2,16,4,Laptop & Accessory,3,4,0,2,168
54246,0,33,Mobile Phone,1,14,Single,6,Male,3,2,12,3,Fashion,6,1,0,1,198
54247,0,1,Phone,3,9,Married,4,Male,4,2,14,1,Mobile Phone,5,5,0,2,148
54248,0,25,Phone,1,16,Married,4,Male,4,2,24,4,Mobile Phone,5,1,0,2,146
54249,0,4,Mobile Phone,1,9,Married,5,Male,5,11,20,9,Laptop & Accessory,3,1,0,4,167
54250,1,13,Mobile Phone,3,16,Single,5,Male,4,5,17,,Fashion,3,1,0,4,221
54251,0,14,Pad,1,7,Married,5,Male,4,,23,12,Grocery,3,4,0,6,260
54252,0,25,Mobile Phone,3,28,Single,4,Male,4,2,23,1,Laptop & Accessory,2,1,1,1,179
54253,0,4,Mobile Phone,3,11,Married,5,Female,4,3,13,8,Laptop & Accessory,3,4,1,3,177
54254,0,23,Pad,1,7,Married,5,Male,3,,14,6,Fashion,4,5,1,5,232
54255,0,6,Mobile Phone,3,13,Single,4,Male,3,6,17,8,Laptop & Accessory,3,3,0,6,175
54256,0,28,Mobile Phone,1,9,Married,4,Female,3,,13,4,Fashion,11,3,0,1,260
54257,0,1,Mobile Phone,3,10,Married,4,Female,3,2,22,3,Laptop & Accessory,2,3,0,1,175
54258,0,2,Pad,3,11,Married,4,Male,3,2,16,5,Laptop & Accessory,3,3,0,1,167
54259,0,31,Mobile Phone,3,17,Single,4,Male,3,2,14,9,Grocery,2,3,0,,264
54260,0,18,Pad,1,30,Married,4,Male,4,2,13,3,Laptop & Accessory,6,4,0,1,145
54261,1,1,Phone,2,13,Married,4,Male,4,2,23,3,Mobile Phone,6,5,1,1,146
54262,0,6,Mobile Phone,1,7,Single,4,Male,4,2,14,1,Mobile Phone,3,5,0,1,155
54263,1,1,Pad,1,13,Single,5,Female,4,2,19,1,Mobile Phone,3,1,1,1,154
54264,0,8,Mobile Phone,1,13,Single,4,Female,3,3,15,11,Laptop & Accessory,3,3,0,1,173
54265,0,11,Pad,1,9,Married,5,Male,4,2,15,1,Laptop & Accessory,7,1,0,2,177
54266,0,31,Pad,2,9,Married,5,Female,3,3,,3,Others,11,1,0,1,313
54267,0,24,Pad,1,7,Married,4,Female,4,2,,8,Others,5,4,1,1,307
54268,1,1,Mobile Phone,3,12,Single,5,Male,3,2,12,4,Laptop & Accessory,3,3,1,1,182
54269,0,1,Mobile Phone,1,14,Married,5,Male,4,3,12,2,Mobile Phone,3,1,0,1,154
54270,0,1,Mobile Phone,1,22,Single,4,Female,3,2,16,1,Mobile Phone,3,1,0,2,154
54271,0,25,Pad,1,7,Single,5,Female,2,13,21,9,Fashion,5,5,0,5,200
54272,1,1,Pad,1,14,Single,6,Male,4,2,25,7,Laptop & Accessory,3,3,1,2,186
54273,0,28,Pad,2,33,Single,2,Female,2,5,,5,Grocery,4,1,1,3,298
54274,0,1,Mobile Phone,1,25,Married,4,Male,3,2,13,3,Mobile Phone,2,3,0,1,153
54275,0,8,Mobile Phone,1,13,Married,5,Female,3,2,16,1,Laptop & Accessory,8,4,0,2,170
54276,0,11,Mobile Phone,3,10,Single,4,Male,3,2,13,4,Fashion,4,1,0,1,199
54277,0,8,Mobile Phone,1,12,Single,5,Female,3,,13,9,Fashion,4,5,0,3,241
54278,0,13,Pad,3,18,Married,4,Female,4,3,15,,Fashion,2,1,0,1,222
54279,0,13,Mobile Phone,1,10,Married,4,Female,3,2,23,1,Mobile Phone,7,1,0,1,153
54280,0,17,Pad,3,33,Married,4,Male,4,5,,13,Grocery,3,1,1,2,295
54281,0,4,Pad,1,30,Married,6,Male,4,2,26,10,Mobile Phone,3,3,0,1,151
54282,0,7,Pad,3,29,Married,4,Male,4,2,14,8,Laptop & Accessory,2,4,0,1,186
54283,1,23,Mobile Phone,1,21,Married,4,Female,4,5,19,4,Mobile Phone,11,4,1,4,175
54284,0,25,Mobile Phone,1,13,Single,4,Male,3,16,,16,Others,9,3,0,9,320
54285,1,1,Mobile Phone,3,13,Married,6,Male,4,8,19,8,Laptop & Accessory,6,3,1,1,187
54286,0,1,Phone,1,13,Married,5,Female,3,5,20,4,Mobile Phone,3,4,0,3,149
54287,1,21,Mobile Phone,1,30,Married,4,Female,4,16,13,,Fashion,3,1,0,8,228
54288,1,1,Phone,3,29,Single,4,Male,3,2,20,1,Mobile Phone,3,3,1,2,142
54289,0,1,Mobile Phone,1,9,Married,4,Male,4,3,15,2,Mobile Phone,2,1,0,3,150
54290,0,23,Mobile Phone,1,27,Married,4,Female,4,6,15,12,Laptop & Accessory,3,5,0,6,191
54291,0,17,Pad,1,35,Single,2,Female,4,2,13,3,Mobile Phone,6,3,0,1,172
54292,0,24,Pad,3,19,Single,4,Female,4,3,12,,Fashion,6,1,0,2,217
54293,1,1,Mobile Phone,3,27,Married,6,Female,4,3,12,3,Laptop & Accessory,5,3,1,1,171
54294,0,15,Mobile Phone,3,16,Married,4,Male,4,2,14,8,Fashion,5,3,1,1,207
54295,0,1,Mobile Phone,2,32,Married,4,Female,4,6,24,8,Mobile Phone,3,3,0,3,154
54296,0,13,Mobile Phone,1,13,Married,4,Male,3,2,21,2,Laptop & Accessory,8,4,0,1,174
54297,1,15,Pad,1,15,Single,6,Male,3,2,16,4,Fashion,4,1,0,2,232
54298,0,13,Mobile Phone,3,11,Married,5,Female,3,6,15,10,Laptop & Accessory,6,3,0,6,184
54299,0,1,Mobile Phone,3,35,Married,5,Male,3,3,19,,Laptop & Accessory,4,3,0,2,211
54300,0,4,Mobile Phone,2,16,Married,4,Male,3,5,20,8,Laptop & Accessory,2,1,1,5,188
54301,1,1,Mobile Phone,1,16,Single,4,Female,3,2,23,5,Mobile Phone,9,5,0,2,167
54302,0,19,Mobile Phone,1,36,Single,4,Male,3,2,14,4,Mobile Phone,7,1,0,2,160
54303,0,12,Mobile Phone,1,10,Single,4,Female,3,3,21,3,Laptop & Accessory,5,3,1,3,168
54304,0,4,Mobile Phone,1,25,Single,4,Female,4,2,15,5,Mobile Phone,3,3,0,2,151
54305,0,6,Pad,3,16,Married,6,Male,3,2,18,8,Laptop & Accessory,2,1,0,1,172
54306,0,4,Mobile Phone,1,12,Married,4,Female,3,3,15,31,Mobile Phone,7,5,0,1,157
54307,0,4,Mobile Phone,1,9,Single,5,Male,3,2,14,3,Mobile Phone,2,1,0,1,152
54308,0,15,Pad,1,17,Married,5,Male,4,8,,8,Grocery,6,5,0,3,297
54309,0,15,Phone,1,16,Married,4,Male,4,2,22,5,Mobile Phone,4,5,0,1,147
54310,0,1,Phone,1,10,Single,4,Female,4,2,15,1,Mobile Phone,3,4,0,2,140
54311,0,14,Pad,1,33,Married,4,Female,3,3,12,14,Laptop & Accessory,3,4,0,1,181
54312,0,9,Mobile Phone,3,7,Married,4,Male,4,2,14,7,Fashion,3,4,0,1,198
54313,0,27,Phone,3,13,Married,4,Male,3,5,21,6,Laptop & Accessory,4,3,1,1,148
54314,0,19,Phone,1,16,Married,4,Male,3,2,19,16,Laptop & Accessory,10,4,0,2,148
54315,0,6,Pad,3,15,Single,4,Female,3,4,15,,Fashion,3,1,0,3,215
54316,0,3,Pad,1,7,Married,4,Male,3,2,14,10,Laptop & Accessory,3,3,0,1,168
54317,0,25,Mobile Phone,1,14,Married,5,Male,3,2,18,1,Laptop & Accessory,4,3,0,2,186
54318,0,31,Mobile Phone,1,16,Married,5,Female,4,2,21,1,Mobile Phone,6,4,1,2,158
54319,0,14,Mobile Phone,3,11,Married,5,Male,4,,12,12,Fashion,9,1,0,2,234
54320,0,8,Pad,3,9,Married,4,Female,4,2,19,3,Mobile Phone,8,3,0,1,147
54321,0,1,Phone,1,26,Married,4,Male,4,3,25,3,Mobile Phone,3,1,0,3,148
54322,0,1,Pad,1,16,Married,4,Male,3,3,19,3,Mobile Phone,8,4,0,3,145
54323,0,2,Mobile Phone,1,28,Married,4,Male,3,2,12,3,Mobile Phone,3,1,0,1,152
54324,0,31,Mobile Phone,1,31,Married,2,Male,3,2,17,,Fashion,5,1,1,2,219
54325,0,1,Pad,1,10,Married,5,Male,4,2,16,2,Mobile Phone,3,3,1,1,151
54326,0,24,Mobile Phone,1,18,Single,4,Female,3,5,16,5,Others,5,4,0,1,324
54327,0,15,Mobile Phone,1,21,Married,4,Male,3,2,13,9,Mobile Phone,6,3,0,2,150
54328,0,4,Mobile Phone,3,12,Married,4,Female,3,8,13,,Fashion,4,1,0,2,219
54329,0,12,Mobile Phone,3,7,Single,5,Female,3,2,23,,Laptop & Accessory,6,1,0,1,212
54330,0,6,Mobile Phone,1,13,Single,4,Male,3,2,21,5,Mobile Phone,5,3,0,1,155
54331,0,1,Mobile Phone,1,24,Married,4,Male,3,2,17,2,Mobile Phone,2,4,1,1,156
54332,1,1,Pad,3,7,Single,6,Female,4,2,22,1,Mobile Phone,2,5,0,2,148
54333,0,13,Pad,1,10,Single,4,Male,2,8,13,3,Mobile Phone,6,4,0,3,146
54334,0,4,Pad,1,16,Married,4,Male,4,7,12,11,Laptop & Accessory,3,5,0,6,156
54335,0,19,Mobile Phone,3,11,Married,4,Female,2,2,12,4,Laptop & Accessory,6,5,1,1,175
54336,0,33,Mobile Phone,1,15,Married,4,Female,4,3,19,3,Mobile Phone,6,5,1,3,168
54337,0,7,Mobile Phone,1,9,Single,4,Male,3,2,15,3,Mobile Phone,2,1,0,2,150
54338,1,1,Phone,1,9,Single,5,Male,3,2,23,1,Mobile Phone,3,1,0,2,136
54339,0,23,Mobile Phone,3,7,Married,4,Female,4,16,26,,Fashion,3,5,0,9,230
54340,0,12,Phone,1,16,Single,4,Female,4,3,13,2,Mobile Phone,3,1,0,2,148
54341,0,5,Mobile Phone,1,19,Married,4,Female,4,2,24,3,Mobile Phone,10,1,1,2,164
54342,0,8,Phone,1,34,Single,4,Female,4,2,16,3,Mobile Phone,4,4,0,1,148
54343,1,5,Mobile Phone,3,27,Single,4,Female,4,2,23,3,Mobile Phone,3,4,1,1,156
54344,0,24,Mobile Phone,1,7,Married,5,Male,3,2,16,3,Mobile Phone,4,3,0,2,162
54345,0,27,Mobile Phone,1,20,Married,2,Female,3,2,12,4,Laptop & Accessory,3,5,0,2,170
54346,0,7,Mobile Phone,1,21,Married,4,Female,4,2,14,7,Mobile Phone,3,4,0,2,153
54347,0,14,Mobile Phone,1,11,Married,4,Female,3,10,,10,Others,3,3,0,2,315
54348,0,29,Mobile Phone,1,21,Single,2,Male,4,3,,16,Others,10,4,0,3,312
54349,0,8,Pad,1,9,Married,5,Male,3,2,18,,Laptop & Accessory,3,3,0,1,220
54350,0,25,Mobile Phone,1,10,Single,4,Female,4,2,19,1,Grocery,5,4,0,,262
54351,0,26,Mobile Phone,1,7,Married,5,Male,4,12,15,10,Others,2,3,0,8,325
54352,0,1,Phone,1,16,Single,4,Female,5,2,17,4,Mobile Phone,3,4,0,1,148
54353,1,1,Mobile Phone,1,30,Married,5,Male,3,2,14,2,Laptop & Accessory,5,3,1,2,184
54354,0,17,Pad,1,14,Married,2,Male,3,3,15,3,Mobile Phone,6,1,0,2,146
54355,0,19,Pad,1,9,Married,5,Male,4,12,,9,Grocery,11,1,0,2,293
54356,0,11,Mobile Phone,1,28,Married,2,Male,4,2,13,8,Mobile Phone,3,5,1,2,161
54357,0,9,Pad,1,9,Single,4,Female,3,2,12,3,Laptop & Accessory,7,4,0,1,169
54358,0,16,Pad,1,28,Married,4,Female,3,2,17,3,Laptop & Accessory,4,3,0,1,178
54359,0,12,Mobile Phone,1,9,Married,4,Male,3,2,15,1,Laptop & Accessory,11,3,0,2,191
54360,0,12,Mobile Phone,1,36,Married,4,Male,3,2,19,8,Laptop & Accessory,5,1,0,1,188
54361,0,1,Pad,1,7,Married,5,Male,3,3,20,1,Laptop & Accessory,7,5,0,3,168
54362,0,23,Pad,1,25,Married,4,Male,4,2,16,8,Laptop & Accessory,3,1,1,1,193
54363,0,8,Pad,1,17,Married,4,Male,3,3,18,1,Mobile Phone,3,3,1,3,163
54364,0,14,Mobile Phone,1,26,Married,4,Male,2,4,16,8,Laptop & Accessory,10,1,1,4,152
54365,1,2,Mobile Phone,1,36,Married,4,Male,4,2,20,1,Laptop & Accessory,9,5,1,2,192
54366,1,1,Mobile Phone,3,34,Married,4,Female,3,2,23,10,Fashion,3,1,0,1,201
54367,0,1,Phone,1,12,Married,2,Male,3,3,17,3,Mobile Phone,3,4,1,3,148
54368,0,13,Pad,1,25,Single,4,Female,4,2,14,8,Mobile Phone,3,1,0,1,147
54369,0,14,Pad,1,16,Married,5,Male,4,2,15,3,Laptop & Accessory,11,1,0,1,174
54370,0,23,Mobile Phone,1,7,Married,4,Male,4,2,17,,Fashion,9,5,0,1,219
54371,1,1,Mobile Phone,3,11,Married,6,Male,3,10,12,,Fashion,3,1,0,7,229
54372,0,4,Pad,1,7,Single,5,Male,3,6,23,,Fashion,3,3,0,5,210
54373,0,1,Pad,3,27,Single,4,Female,3,2,15,,Laptop & Accessory,3,3,0,2,225
54374,0,25,Mobile Phone,1,15,Married,5,Male,3,,17,8,Fashion,7,4,0,3,250
54375,1,1,Mobile Phone,1,10,Single,4,Female,3,2,12,5,Mobile Phone,7,5,1,1,152
54376,0,15,Mobile Phone,3,13,Single,4,Female,4,2,19,1,Fashion,5,1,1,,261
54377,1,1,Pad,3,33,Single,5,Female,3,2,16,2,Laptop & Accessory,7,5,0,2,192
54378,1,1,Phone,1,7,Single,4,Male,3,2,15,6,Mobile Phone,2,3,0,1,146
54379,0,19,Pad,3,13,Single,5,Female,3,13,13,,Fashion,8,1,0,6,214
54380,0,28,Mobile Phone,3,10,Married,4,Female,3,2,15,6,Laptop & Accessory,4,5,0,2,184
54381,0,13,Mobile Phone,1,12,Single,4,Male,4,4,17,8,Laptop & Accessory,10,4,0,3,184
54382,0,7,Mobile Phone,1,11,Married,5,Female,3,2,22,2,Mobile Phone,8,4,0,1,151
54383,0,11,Pad,1,18,Married,4,Male,3,,15,8,Fashion,3,1,1,2,247
54384,0,12,Mobile Phone,3,10,Married,4,Male,4,6,13,,Fashion,2,3,0,2,231
54385,0,5,Pad,1,7,Married,6,Male,3,2,13,5,Laptop & Accessory,2,3,0,1,168
54386,0,31,Phone,1,10,Married,5,Male,4,2,18,1,Mobile Phone,5,1,0,1,147
54387,0,11,Pad,3,11,Married,4,Male,3,6,18,9,Mobile Phone,6,1,0,4,153
54388,0,3,Pad,3,7,Married,4,Female,3,5,15,2,Fashion,3,1,0,5,204
54389,0,9,Pad,3,7,Single,4,Female,4,2,15,,Fashion,3,3,0,2,213
54390,1,1,Phone,1,25,Single,5,Male,3,2,14,2,Mobile Phone,3,1,1,1,149
54391,0,26,Mobile Phone,1,9,Single,5,Female,3,3,16,3,Mobile Phone,9,1,0,3,157
54392,0,16,Mobile Phone,1,11,Married,4,Male,3,12,,16,Others,3,1,0,1,317
54393,0,31,Phone,2,13,Married,4,Male,3,3,18,3,Mobile Phone,10,3,0,1,148
54394,0,24,Mobile Phone,3,7,Married,4,Female,4,2,,7,Others,5,1,0,2,320
54395,1,1,Phone,1,21,Married,4,Male,3,2,14,5,Mobile Phone,7,1,1,2,149
54396,0,17,Mobile Phone,3,23,Married,4,Female,4,2,23,10,Grocery,7,1,1,,286
54397,1,1,Mobile Phone,1,9,Married,4,Female,3,2,21,8,Mobile Phone,9,5,0,2,152
54398,0,26,Pad,3,9,Single,5,Male,4,16,,13,Others,3,3,1,2,316
54399,0,6,Mobile Phone,3,11,Married,4,Female,3,2,12,3,Mobile Phone,4,4,0,2,164
54400,1,1,Mobile Phone,1,7,Single,5,Male,4,2,15,3,Mobile Phone,2,3,1,1,162
54401,0,13,Phone,1,7,Married,4,Female,4,2,15,3,Mobile Phone,9,3,0,2,147
54402,0,6,Pad,3,33,Married,4,Male,4,3,19,3,Laptop & Accessory,2,1,0,3,170
54403,0,15,Mobile Phone,1,26,Married,4,Male,3,2,17,1,Laptop & Accessory,4,5,0,1,156
54404,0,14,Mobile Phone,1,31,Married,4,Male,4,5,18,8,Laptop & Accessory,3,1,0,3,158
54405,0,19,Mobile Phone,1,7,Married,2,Male,4,2,,8,Others,2,1,0,2,317
54406,0,5,Pad,1,10,Married,4,Male,4,3,13,3,Fashion,11,3,0,,262
54407,0,7,Mobile Phone,1,12,Married,5,Female,4,2,14,3,Mobile Phone,3,1,0,1,154
54408,0,8,Mobile Phone,1,9,Married,5,Male,3,6,14,10,Laptop & Accessory,8,5,0,1,185
54409,0,11,Mobile Phone,1,7,Married,5,Female,3,2,15,3,Mobile Phone,4,5,0,1,164
54410,0,19,Pad,1,14,Married,2,Male,4,2,18,3,Laptop & Accessory,6,3,0,2,189
54411,1,1,Pad,1,17,Married,4,Male,4,2,12,,Fashion,8,3,0,1,225
54412,0,13,Pad,1,9,Single,4,Female,4,,26,9,Fashion,2,3,0,7,234
54413,0,3,Phone,1,22,Single,4,Male,3,2,20,6,Mobile Phone,3,1,0,2,148
54414,0,16,Mobile Phone,1,24,Single,2,Female,3,2,14,3,Laptop & Accessory,5,5,1,2,190
54415,0,3,Mobile Phone,3,27,Married,4,Male,3,2,15,3,Laptop & Accessory,4,1,0,2,194
54416,0,1,Mobile Phone,1,7,Married,4,Female,4,2,13,3,Laptop & Accessory,2,3,0,2,174
54417,0,16,Mobile Phone,1,9,Married,5,Female,3,8,12,9,Mobile Phone,2,5,1,8,151
54418,0,14,Mobile Phone,1,9,Married,4,Male,3,4,,10,Others,2,3,0,4,319
54419,0,25,Mobile Phone,1,7,Married,4,Male,4,2,12,1,Mobile Phone,3,1,0,2,152
54420,1,1,Pad,1,36,Single,5,Male,4,2,12,5,Mobile Phone,2,4,0,1,160
54421,0,6,Pad,1,14,Married,2,Male,4,2,21,4,Mobile Phone,3,4,0,1,153
54422,0,12,Pad,3,9,Married,5,Male,3,8,19,6,Laptop & Accessory,5,1,0,2,177
54423,0,6,Phone,1,9,Single,5,Male,3,2,14,5,Laptop & Accessory,6,5,0,1,147
54424,0,23,Mobile Phone,3,9,Married,6,Female,4,8,,8,Grocery,5,4,1,7,294
54425,1,1,Mobile Phone,1,9,Single,4,Male,4,2,12,1,Mobile Phone,4,3,0,1,160
54426,0,3,Mobile Phone,3,9,Married,5,Male,4,2,20,1,Laptop & Accessory,4,4,0,2,191
54427,0,5,Mobile Phone,1,30,Married,5,Male,4,8,22,9,Laptop & Accessory,2,1,0,1,181
54428,0,1,Pad,1,12,Married,2,Male,3,2,13,6,Laptop & Accessory,3,5,0,2,165
54429,0,19,Mobile Phone,1,27,Married,4,Male,4,,15,11,Grocery,2,1,1,3,260
54430,0,13,Mobile Phone,1,13,Married,4,Male,3,11,12,12,Mobile Phone,2,1,0,2,157
54431,0,29,Mobile Phone,1,7,Single,4,Male,3,5,,14,Others,2,5,1,4,315
54432,1,11,Pad,1,36,Married,4,Male,3,,13,10,Fashion,3,4,1,5,243
54433,0,2,Phone,1,16,Married,4,Male,4,2,24,5,Mobile Phone,3,1,0,2,146
54434,0,11,Mobile Phone,3,13,Married,4,Male,4,2,15,2,Laptop & Accessory,6,1,0,2,190
54435,0,1,Mobile Phone,1,10,Single,5,Male,4,2,18,1,Mobile Phone,3,3,0,2,157
54436,0,11,Pad,1,7,Married,4,Female,4,2,19,3,Fashion,4,1,1,,261
54437,0,9,Mobile Phone,1,29,Married,2,Female,4,,19,3,Fashion,9,4,0,6,245
54438,0,12,Mobile Phone,3,14,Married,2,Female,3,8,25,8,Laptop & Accessory,3,5,1,5,181
54439,0,1,Pad,1,7,Married,4,Female,3,2,21,5,Laptop & Accessory,3,4,0,2,189
54440,0,24,Mobile Phone,1,11,Married,4,Male,4,2,,7,Others,5,4,0,1,316
54441,0,27,Mobile Phone,1,10,Married,4,Male,3,2,,4,Grocery,5,3,1,2,301
54442,0,16,Mobile Phone,3,7,Married,4,Male,2,12,26,7,Laptop & Accessory,3,3,0,7,174
54443,0,3,Pad,3,9,Single,4,Male,3,2,19,10,Laptop & Accessory,3,1,0,1,171
54444,0,29,Mobile Phone,1,27,Married,4,Male,3,2,20,9,Laptop & Accessory,5,1,1,1,179
54445,0,1,Pad,1,18,Married,4,Male,3,4,14,4,Laptop & Accessory,3,5,1,2,172
54446,0,11,Phone,1,7,Single,4,Female,3,6,13,8,Mobile Phone,3,1,0,2,146
54447,1,8,Pad,1,31,Married,4,Male,3,2,23,1,Mobile Phone,5,3,1,1,157
54448,0,12,Mobile Phone,1,30,Married,4,Male,3,2,15,3,Laptop & Accessory,11,1,0,1,182
54449,1,1,Phone,1,23,Married,4,Male,3,2,14,3,Mobile Phone,4,4,1,2,149
54450,0,2,Mobile Phone,1,15,Single,4,Female,4,2,22,3,Mobile Phone,3,1,0,2,158
54451,0,23,Pad,1,17,Single,4,Female,3,2,,3,Others,11,5,1,1,312
54452,0,13,Mobile Phone,1,10,Single,4,Male,2,8,13,8,Laptop & Accessory,6,4,0,3,170
54453,0,5,Pad,3,12,Married,4,Female,3,3,12,3,Mobile Phone,3,4,0,1,153
54454,1,1,Mobile Phone,3,11,Single,5,Male,3,8,13,5,Laptop & Accessory,3,1,1,5,183
54455,0,11,Pad,1,16,Married,4,Male,3,2,13,3,Mobile Phone,3,1,1,1,148
54456,0,16,Pad,3,33,Married,4,Female,4,,15,9,Grocery,7,4,0,4,260
54457,1,1,Phone,1,10,Single,4,Male,3,2,14,1,Mobile Phone,3,3,0,2,139
54458,0,9,Mobile Phone,3,23,Married,4,Male,4,7,16,10,Fashion,2,4,0,4,205
54459,0,13,Pad,1,25,Married,2,Male,3,2,19,1,Mobile Phone,6,1,0,2,162
54460,0,25,Mobile Phone,1,9,Married,6,Male,3,2,19,3,Laptop & Accessory,7,4,0,1,180
54461,0,15,Mobile Phone,3,9,Single,4,Male,3,2,20,5,Grocery,3,4,0,,285
54462,0,1,Phone,3,17,Single,5,Female,4,2,13,1,Mobile Phone,3,3,0,1,137
54463,0,2,Mobile Phone,1,23,Single,2,Male,4,2,20,8,Laptop & Accessory,2,5,0,1,182
54464,0,5,Mobile Phone,3,14,Married,2,Male,4,8,12,8,Laptop & Accessory,6,1,0,4,194
54465,0,13,Mobile Phone,1,7,Married,2,Male,3,4,18,,Fashion,2,1,0,2,221
54466,0,13,Pad,1,31,Married,4,Female,3,2,16,9,Laptop & Accessory,9,4,0,2,182
54467,0,6,Mobile Phone,3,14,Married,5,Male,4,5,15,9,Laptop & Accessory,3,3,0,4,180
54468,0,12,Mobile Phone,1,32,Married,5,Female,3,,18,2,Fashion,5,4,0,1,246
54469,0,31,Pad,1,7,Married,6,Male,3,2,14,3,Laptop & Accessory,4,3,1,2,182
54470,0,5,Mobile Phone,1,12,Married,4,Male,3,2,13,4,Mobile Phone,2,1,1,2,173
54471,0,5,Mobile Phone,2,9,Married,5,Male,4,2,13,1,Laptop & Accessory,5,5,0,1,189
54472,0,19,Pad,1,14,Married,4,Male,4,10,19,12,Fashion,3,5,0,3,177
54473,0,5,Mobile Phone,1,9,Married,4,Male,3,3,19,3,Mobile Phone,2,1,1,3,152
54474,0,7,Pad,1,12,Married,4,Female,4,,12,9,Fashion,8,4,0,8,244
54475,0,1,Mobile Phone,1,17,Married,4,Male,4,12,,11,Grocery,3,5,1,2,296
54476,0,17,Pad,1,17,Single,4,Female,3,2,20,8,Mobile Phone,2,1,0,1,150
54477,0,23,Mobile Phone,1,7,Single,5,Female,3,2,13,8,Grocery,9,3,1,,265
54478,1,16,Mobile Phone,1,15,Married,5,Male,3,8,16,8,Laptop & Accessory,4,4,0,8,174
54479,0,1,Mobile Phone,1,12,Single,4,Female,3,2,13,3,Mobile Phone,3,4,1,1,150
54480,0,6,Mobile Phone,3,15,Married,5,Female,4,12,12,10,Laptop & Accessory,3,4,1,12,177
54481,0,1,Mobile Phone,3,9,Single,4,Male,4,2,12,5,Laptop & Accessory,3,3,1,1,170
54482,0,5,Mobile Phone,3,14,Married,4,Male,4,2,13,8,Laptop & Accessory,6,1,0,1,200
54483,0,6,Mobile Phone,1,9,Single,2,Female,4,2,17,8,Laptop & Accessory,9,1,0,1,176
54484,1,1,Mobile Phone,1,9,Married,6,Male,3,3,14,3,Mobile Phone,7,1,1,2,160
54485,0,4,Mobile Phone,1,35,Married,4,Female,4,2,14,10,Laptop & Accessory,3,1,0,2,183
54486,0,5,Pad,1,14,Married,5,Female,3,9,25,,Fashion,3,3,0,8,214
54487,0,13,Pad,1,14,Married,5,Male,3,14,,4,Others,3,1,0,7,318
54488,1,3,Mobile Phone,3,10,Married,4,Female,3,2,19,1,Laptop & Accessory,6,3,1,2,177
54489,0,7,Pad,3,17,Single,5,Male,3,2,15,2,Laptop & Accessory,5,1,0,2,172
54490,0,21,Mobile Phone,1,12,Married,4,Male,3,2,,2,Others,6,3,0,2,308
54491,0,17,Pad,1,17,Married,5,Female,3,2,12,1,Laptop & Accessory,3,3,0,2,178
54492,0,1,Pad,3,7,Married,4,Male,4,2,14,5,Laptop & Accessory,2,4,1,1,188
54493,0,28,Pad,1,27,Single,4,Female,3,2,13,4,Laptop & Accessory,5,3,0,1,174
54494,0,17,Mobile Phone,1,14,Married,4,Female,3,2,17,,Fashion,10,5,0,2,225
54495,0,19,Mobile Phone,1,15,Married,4,Male,4,10,15,9,Laptop & Accessory,11,1,0,9,162
54496,0,14,Mobile Phone,3,7,Married,6,Male,3,2,23,3,Laptop & Accessory,4,1,1,2,200
54497,1,1,Phone,1,15,Married,6,Male,4,2,12,8,Mobile Phone,3,5,1,1,146
54498,0,3,Mobile Phone,1,16,Single,5,Male,2,3,18,3,Mobile Phone,2,1,0,2,165
54499,0,4,Mobile Phone,3,12,Married,5,Female,2,2,14,3,Laptop & Accessory,3,3,0,2,186
54500,0,1,Mobile Phone,3,15,Married,4,Female,3,2,19,8,Laptop & Accessory,3,4,0,1,187
54501,0,11,Mobile Phone,1,12,Married,4,Male,4,2,17,5,Laptop & Accessory,9,1,0,2,188
54502,0,12,Mobile Phone,1,22,Married,5,Male,4,,15,10,Fashion,2,1,1,3,240
54503,0,5,Mobile Phone,1,14,Single,4,Female,3,5,15,11,Fashion,3,1,1,5,196
54504,0,3,Mobile Phone,3,17,Married,5,Female,3,2,15,8,Laptop & Accessory,3,4,1,2,208
54505,0,9,Mobile Phone,1,12,Single,4,Male,4,2,14,14,Fashion,2,4,0,2,206
54506,0,1,Mobile Phone,1,33,Married,4,Male,3,2,13,3,Mobile Phone,3,1,0,1,154
54507,0,15,Mobile Phone,1,13,Single,5,Male,4,2,16,3,Laptop & Accessory,8,4,1,2,185
54508,0,21,Pad,3,11,Single,4,Male,4,2,20,1,Laptop & Accessory,5,3,0,1,155
54509,0,16,Mobile Phone,1,30,Single,4,Female,3,2,15,1,Grocery,4,1,0,,285
54510,0,3,Pad,3,9,Married,4,Male,4,2,15,3,Laptop & Accessory,3,3,0,2,171
54511,0,16,Mobile Phone,2,9,Married,4,Male,3,2,12,1,Mobile Phone,2,3,1,2,152
54512,0,6,Phone,1,9,Married,4,Female,4,2,14,8,Mobile Phone,3,4,0,1,149
54513,0,22,Mobile Phone,3,36,Married,4,Female,4,,22,1,Fashion,5,3,0,1,250
54514,0,11,Mobile Phone,1,13,Married,2,Male,3,7,14,8,Laptop & Accessory,6,5,1,7,185
54515,0,4,Pad,3,32,Married,4,Female,3,3,13,3,Laptop & Accessory,9,3,1,3,172
54516,0,1,Mobile Phone,3,7,Married,4,Male,3,8,18,8,Laptop & Accessory,3,3,0,1,178
54517,0,16,Mobile Phone,1,9,Single,5,Male,4,2,24,1,Laptop & Accessory,5,1,0,2,193
54518,1,1,Pad,3,7,Single,5,Female,4,2,12,3,Mobile Phone,3,4,1,2,147
54519,0,13,Pad,3,7,Single,4,Female,3,2,16,1,Laptop & Accessory,6,1,0,2,192
54520,0,13,Pad,3,10,Married,5,Male,3,2,12,,Fashion,6,1,0,1,222
54521,0,31,Mobile Phone,1,7,Married,4,Male,3,2,12,3,Laptop & Accessory,4,3,0,1,193
54522,0,14,Phone,1,17,Married,2,Female,3,2,14,8,Mobile Phone,5,3,1,1,147
54523,0,1,Pad,3,16,Single,4,Male,3,3,25,3,Mobile Phone,3,1,0,3,151
54524,1,1,Mobile Phone,3,12,Single,4,Female,3,2,14,1,Mobile Phone,3,3,1,1,154
54525,0,11,Mobile Phone,1,17,Married,4,Female,4,2,21,4,Mobile Phone,8,5,0,2,160
54526,0,23,Pad,1,14,Married,4,Female,2,2,15,1,Laptop & Accessory,4,3,0,2,178
54527,1,5,Pad,3,11,Single,4,Male,3,8,19,,Laptop & Accessory,3,4,0,5,219
54528,0,24,Mobile Phone,1,17,Single,5,Male,4,2,16,,Fashion,8,1,0,2,230
54529,1,4,Mobile Phone,3,29,Married,5,Male,4,2,13,1,Laptop & Accessory,4,3,1,2,189
54530,0,5,Mobile Phone,1,16,Single,5,Male,3,3,17,3,Mobile Phone,2,4,1,3,152
54531,1,1,Mobile Phone,3,19,Single,2,Female,3,2,16,1,Mobile Phone,3,4,0,1,152
54532,0,3,Phone,1,30,Single,4,Male,3,2,17,3,Mobile Phone,11,1,0,1,147
54533,0,9,Mobile Phone,1,16,Single,5,Male,4,2,20,1,Laptop & Accessory,11,4,0,1,190
54534,0,1,Mobile Phone,1,7,Married,4,Male,3,2,12,5,Mobile Phone,3,4,0,1,163
54535,0,2,Mobile Phone,3,16,Single,4,Male,4,2,17,8,Laptop & Accessory,3,1,0,2,178
54536,0,23,Mobile Phone,1,14,Single,5,Male,3,,25,1,Fashion,10,3,0,2,235
54537,0,25,Mobile Phone,3,21,Married,4,Female,3,2,12,8,Laptop & Accessory,6,1,0,2,174
54538,0,13,Mobile Phone,1,9,Married,4,Female,4,3,14,3,Mobile Phone,6,3,0,3,150
54539,1,1,Pad,3,26,Single,2,Male,4,2,14,5,Laptop & Accessory,10,1,1,1,178
54540,0,29,Mobile Phone,1,9,Single,4,Female,4,2,14,3,Grocery,4,1,1,,292
54541,0,1,Mobile Phone,3,17,Married,4,Female,4,2,13,4,Laptop & Accessory,3,3,1,1,168
54542,0,4,Mobile Phone,3,9,Married,4,Male,4,2,19,1,Mobile Phone,3,4,0,2,150
54543,1,1,Pad,1,10,Single,4,Male,4,2,23,5,Mobile Phone,2,5,0,1,156
54544,0,1,Phone,1,18,Married,4,Female,3,2,14,3,Mobile Phone,3,4,0,2,147
54545,0,13,Mobile Phone,3,9,Married,5,Male,4,10,14,1,Fashion,3,3,0,9,201
54546,1,1,Pad,1,11,Single,4,Male,3,2,24,1,Mobile Phone,11,1,1,2,148
54547,0,11,Mobile Phone,1,21,Married,4,Female,4,13,13,18,Mobile Phone,3,5,0,11,155
54548,0,14,Mobile Phone,3,9,Married,4,Female,3,2,13,4,Laptop & Accessory,9,4,0,1,182
54549,0,16,Mobile Phone,1,7,Married,4,Female,4,2,17,3,Mobile Phone,5,5,0,1,151
54550,0,11,Mobile Phone,1,17,Single,4,Male,3,2,13,2,Laptop & Accessory,4,4,1,1,167
54551,0,17,Mobile Phone,1,19,Married,5,Male,3,4,12,10,Grocery,3,4,0,,268
54552,0,14,Mobile Phone,1,9,Married,5,Female,4,2,23,1,Laptop & Accessory,8,3,0,2,159
54553,0,28,Mobile Phone,1,12,Married,4,Male,3,2,,3,Others,6,5,0,2,319
54554,0,8,Pad,3,11,Married,4,Female,4,2,16,3,Laptop & Accessory,11,3,0,1,190
54555,0,5,Mobile Phone,1,14,Married,4,Female,3,4,13,13,Laptop & Accessory,3,5,0,4,168
54556,0,17,Pad,1,28,Married,4,Male,4,2,21,3,Mobile Phone,9,1,0,2,148
54557,0,17,Mobile Phone,1,15,Married,4,Female,4,2,15,3,Laptop & Accessory,6,3,1,2,170
54558,0,1,Mobile Phone,3,11,Single,5,Female,4,2,12,4,Laptop & Accessory,3,1,1,1,170
54559,0,11,Pad,1,32,Married,4,Female,4,11,16,8,Laptop & Accessory,5,3,1,5,169
54560,0,5,Phone,1,7,Married,5,Male,4,4,13,3,Mobile Phone,3,5,0,4,147
54561,0,13,Pad,1,7,Married,4,Male,3,2,,7,Others,3,3,1,1,317
54562,0,33,Pad,3,13,Married,2,Female,3,,12,8,Grocery,11,5,0,7,257
54563,0,4,Mobile Phone,3,19,Single,4,Female,3,5,12,5,Laptop & Accessory,2,3,0,4,191
54564,0,15,Mobile Phone,3,7,Married,2,Male,3,2,17,8,Fashion,3,5,0,2,209
54565,0,2,Mobile Phone,1,24,Married,4,Male,4,2,13,9,Laptop & Accessory,3,5,0,1,171
54566,1,1,Mobile Phone,1,10,Married,4,Male,4,2,14,3,Mobile Phone,7,5,0,2,165
54567,0,26,Mobile Phone,1,10,Married,5,Male,3,2,15,5,Fashion,4,3,1,2,205
54568,0,19,Mobile Phone,1,17,Married,4,Male,4,2,22,3,Mobile Phone,5,1,0,1,152
54569,0,26,Mobile Phone,1,11,Married,4,Female,2,2,14,5,Grocery,4,1,0,,291
54570,0,16,Pad,1,36,Married,4,Female,4,2,12,3,Laptop & Accessory,4,3,0,2,171
54571,0,4,Mobile Phone,1,9,Single,6,Female,3,2,21,3,Laptop & Accessory,4,1,0,2,186
54572,0,31,Mobile Phone,1,14,Married,4,Female,3,12,,11,Others,7,5,0,2,321
54573,0,23,Mobile Phone,1,25,Married,4,Female,3,2,15,9,Laptop & Accessory,4,3,0,2,173
54574,0,16,Pad,1,35,Married,5,Female,3,2,12,5,Laptop & Accessory,2,1,0,1,170
54575,1,1,Mobile Phone,3,7,Single,4,Female,4,2,17,5,Mobile Phone,3,4,1,1,157
54576,1,1,Pad,3,13,Married,6,Female,3,2,17,1,Mobile Phone,2,3,0,1,149
54577,0,12,Pad,1,9,Married,4,Male,3,2,24,1,Mobile Phone,3,1,1,2,142
54578,0,14,Mobile Phone,3,9,Married,4,Female,4,2,,13,Others,2,3,0,2,305
54579,0,1,Mobile Phone,1,30,Married,4,Female,3,2,23,3,Mobile Phone,3,1,0,1,154
54580,0,4,Pad,1,10,Married,4,Male,3,2,16,5,Mobile Phone,6,1,0,2,146
54581,0,3,Mobile Phone,1,10,Married,5,Male,4,,19,8,Fashion,3,3,0,1,244
54582,1,1,Mobile Phone,1,32,Married,5,Female,4,2,17,2,Mobile Phone,7,4,0,2,150
54583,1,1,Mobile Phone,2,9,Single,5,Male,3,2,13,1,Mobile Phone,3,1,0,1,151
54584,0,4,Pad,3,29,Married,4,Female,4,8,12,9,Fashion,2,5,0,4,209
54585,0,31,Mobile Phone,3,36,Married,5,Male,3,2,13,1,Grocery,5,1,0,,266
54586,0,24,Mobile Phone,1,36,Married,5,Male,3,16,,8,Grocery,2,3,0,16,295
54587,0,4,Pad,1,9,Single,4,Female,3,7,15,8,Mobile Phone,2,1,0,2,151
54588,0,31,Pad,3,35,Married,5,Female,4,14,20,,Fashion,6,5,0,4,228
54589,0,21,Mobile Phone,1,9,Married,4,Female,4,2,14,5,Laptop & Accessory,7,1,0,1,176
54590,0,23,Mobile Phone,1,9,Married,4,Male,3,2,,2,Grocery,8,3,0,2,304
54591,0,9,Mobile Phone,1,29,Single,6,Male,3,5,16,4,Mobile Phone,2,3,0,2,167
54592,0,28,Mobile Phone,1,6,Single,4,Female,3,2,12,1,Laptop & Accessory,9,3,0,1,163
54593,0,8,Mobile Phone,1,9,Married,5,Male,4,6,13,8,Mobile Phone,5,3,0,4,153
54594,0,6,Mobile Phone,3,17,Married,5,Female,4,2,20,,Fashion,4,1,1,1,216
54595,0,5,Mobile Phone,1,16,Married,4,Male,3,2,26,9,Fashion,3,4,0,1,231
54596,1,1,Mobile Phone,1,22,Married,4,Male,3,8,13,8,Fashion,9,3,1,,261
54597,1,1,Mobile Phone,1,17,Married,6,Male,3,2,14,4,Mobile Phone,9,1,0,1,159
54598,0,4,Mobile Phone,3,14,Single,4,Male,3,2,15,3,Mobile Phone,2,4,0,1,155
54599,0,9,Mobile Phone,1,23,Married,4,Male,4,2,13,1,Fashion,6,3,1,1,201
54600,1,1,Pad,1,27,Married,4,Male,4,2,13,,Fashion,5,3,0,2,223
54601,1,1,Pad,2,30,Married,4,Female,3,2,16,,Fashion,11,5,1,2,225
54602,0,16,Pad,1,12,Married,4,Male,4,3,18,1,Mobile Phone,6,3,0,1,146
54603,0,13,Pad,3,17,Single,4,Male,3,10,15,,Fashion,3,1,0,9,225
54604,1,1,Pad,1,11,Single,5,Male,4,2,17,3,Mobile Phone,7,3,0,1,164
54605,0,22,Mobile Phone,3,9,Married,4,Female,3,7,15,8,Laptop & Accessory,4,1,0,7,166
54606,0,29,Mobile Phone,3,25,Single,4,Female,3,8,,9,Grocery,5,4,0,2,293
54607,0,15,Pad,3,17,Single,4,Male,3,2,15,11,Laptop & Accessory,9,1,0,1,187
54608,0,9,Mobile Phone,3,7,Married,4,Male,3,7,12,10,Laptop & Accessory,11,3,0,1,172
54609,0,14,Mobile Phone,1,13,Single,4,Female,4,,16,14,Grocery,9,3,0,5,257
54610,0,13,Pad,1,15,Married,4,Female,3,2,12,8,Mobile Phone,3,3,0,2,163
54611,0,5,Mobile Phone,3,9,Single,4,Male,4,2,14,6,Laptop & Accessory,6,1,1,2,191
54612,0,16,Mobile Phone,1,31,Married,4,Male,3,6,22,9,Fashion,3,5,1,6,199
54613,0,19,Mobile Phone,3,9,Married,4,Male,4,4,20,8,Laptop & Accessory,2,4,0,4,173
54614,1,1,Pad,2,24,Married,4,Female,3,2,12,1,Mobile Phone,2,3,1,1,152
54615,0,3,Mobile Phone,1,26,Married,4,Male,3,2,13,3,Laptop & Accessory,6,1,0,2,168
54616,0,7,Mobile Phone,1,7,Married,2,Female,4,2,20,6,Grocery,6,3,0,,287
54617,0,5,Mobile Phone,3,14,Married,5,Male,3,,22,2,Fashion,11,1,0,2,241
54618,1,1,Pad,3,12,Single,4,Male,4,2,15,1,Mobile Phone,3,4,1,2,144
54619,0,14,Pad,3,35,Married,6,Male,3,,16,2,Fashion,5,5,0,1,234
54620,0,15,Pad,1,9,Single,5,Female,4,2,18,8,Laptop & Accessory,4,3,1,1,193
54621,0,1,Mobile Phone,3,36,Married,4,Male,3,2,13,1,Laptop & Accessory,7,3,0,1,168
54622,0,9,Mobile Phone,3,7,Single,4,Female,4,2,17,4,Laptop & Accessory,3,3,0,2,174
54623,0,8,Mobile Phone,3,28,Single,2,Male,4,6,13,8,Laptop & Accessory,3,1,0,1,178
54624,1,1,Phone,1,31,Single,6,Male,4,2,19,1,Mobile Phone,3,1,1,1,148
54625,0,11,Mobile Phone,1,7,Single,4,Female,3,2,18,3,Fashion,6,1,0,2,200
54626,0,23,Pad,1,25,Married,4,Female,3,2,12,,Fashion,7,3,0,1,230
54627,0,15,Mobile Phone,3,9,Married,4,Female,4,12,17,9,Grocery,9,5,0,,291
54628,0,11,Pad,3,16,Married,4,Male,4,8,14,,Fashion,3,4,0,2,213
54629,0,26,Mobile Phone,1,13,Married,4,Male,4,7,13,10,Laptop & Accessory,5,5,1,3,181
54630,1,1,Pad,3,18,Married,2,Male,3,2,13,3,Laptop & Accessory,10,3,0,2,172
54631,0,1,Pad,3,31,Married,4,Male,3,3,14,2,Mobile Phone,2,1,0,2,149
54632,0,12,Mobile Phone,1,17,Married,4,Female,4,2,20,,Laptop & Accessory,5,3,0,1,223
54633,0,11,Mobile Phone,1,7,Married,4,Female,4,5,13,4,Laptop & Accessory,8,4,0,5,189
54634,0,23,Mobile Phone,1,25,Married,5,Male,3,2,,10,Others,3,3,1,2,320
54635,0,1,Mobile Phone,1,30,Married,2,Male,3,2,12,5,Mobile Phone,3,1,1,1,152
54636,0,1,Mobile Phone,3,35,Married,4,Male,4,2,21,5,Laptop & Accessory,3,4,0,1,188
54637,0,1,Phone,1,24,Married,5,Male,4,2,22,1,Mobile Phone,3,4,0,2,146
54638,0,24,Pad,2,10,Married,4,Male,4,11,,8,Others,3,4,0,2,307
54639,0,1,Phone,3,20,Married,4,Male,3,2,12,7,Mobile Phone,3,3,0,2,146
54640,1,1,Pad,1,14,Married,4,Female,3,2,17,3,Mobile Phone,3,3,1,1,154
54641,1,1,Pad,3,19,Married,5,Male,4,2,19,1,Mobile Phone,3,5,0,2,145
54642,0,8,Mobile Phone,1,7,Married,5,Male,3,2,14,4,Mobile Phone,3,1,1,2,161
54643,1,1,Mobile Phone,3,20,Married,4,Male,3,2,18,3,Laptop & Accessory,4,5,0,1,167
54644,0,9,Mobile Phone,1,32,Single,5,Male,3,2,15,3,Laptop & Accessory,6,1,0,2,162
54645,0,5,Mobile Phone,3,13,Married,2,Male,4,6,23,8,Laptop & Accessory,6,1,0,6,180
54646,0,1,Phone,1,13,Married,5,Female,4,2,13,4,Mobile Phone,2,3,0,1,147
54647,0,11,Mobile Phone,3,9,Married,4,Male,4,2,12,,Laptop & Accessory,6,3,1,1,221
54648,0,1,Mobile Phone,1,7,Single,5,Female,3,2,14,1,Mobile Phone,3,4,0,1,153
54649,0,16,Mobile Phone,1,9,Married,4,Female,3,3,14,3,Laptop & Accessory,3,1,0,1,166
54650,0,17,Mobile Phone,1,13,Married,5,Male,3,2,15,1,Grocery,6,1,1,,291
54651,0,12,Mobile Phone,1,7,Single,4,Female,3,2,18,1,Mobile Phone,5,5,0,1,151
54652,0,17,Pad,1,16,Married,4,Male,4,5,14,8,Laptop & Accessory,5,3,1,2,182
54653,0,22,Mobile Phone,1,7,Married,5,Female,3,2,12,3,Grocery,9,5,0,,279
54654,0,18,Mobile Phone,2,7,Single,5,Female,3,2,12,3,Laptop & Accessory,6,3,0,2,185
54655,0,8,Mobile Phone,3,21,Married,4,Female,3,2,19,7,Mobile Phone,3,3,1,2,151
54656,1,1,Mobile Phone,3,9,Married,4,Male,3,2,12,3,Mobile Phone,2,5,0,2,155
54657,0,1,Mobile Phone,3,29,Single,4,Male,3,2,12,3,Mobile Phone,3,3,0,1,159
54658,0,18,Mobile Phone,1,10,Married,4,Male,3,2,,2,Others,6,1,1,1,320
54659,0,1,Mobile Phone,1,13,Married,4,Male,4,3,21,3,Mobile Phone,2,3,0,2,153
54660,0,7,Mobile Phone,3,15,Married,4,Male,3,2,13,3,Laptop & Accessory,2,3,0,1,196
54661,0,6,Mobile Phone,1,16,Married,4,Female,4,2,13,6,Laptop & Accessory,3,1,1,2,188
54662,0,4,Pad,1,10,Married,4,Female,4,2,21,1,Mobile Phone,3,3,0,2,146
54663,0,27,Mobile Phone,3,7,Single,4,Female,3,9,21,11,Laptop & Accessory,9,5,0,5,209
54664,0,8,Mobile Phone,1,7,Married,4,Male,3,9,13,9,Mobile Phone,3,1,0,2,152
54665,1,9,Pad,3,33,Married,4,Female,4,2,15,1,Laptop & Accessory,4,5,0,1,168
54666,0,1,Mobile Phone,1,13,Married,4,Female,4,2,14,3,Mobile Phone,3,1,1,1,81
54667,0,11,Mobile Phone,1,10,Married,4,Male,3,8,16,,Fashion,3,3,0,8,219
54668,0,3,Mobile Phone,3,10,Married,4,Female,4,2,15,3,Laptop & Accessory,3,3,0,1,181
54669,0,9,Mobile Phone,1,13,Single,6,Male,3,12,14,9,Laptop & Accessory,3,1,0,1,191
54670,0,7,Pad,1,13,Married,4,Male,2,5,24,8,Laptop & Accessory,5,1,0,4,202
54671,0,28,Mobile Phone,2,26,Married,4,Male,3,,16,2,Fashion,4,4,0,3,232
54672,0,13,Mobile Phone,1,16,Married,5,Male,3,2,12,,Laptop & Accessory,4,4,1,1,213
54673,0,1,Phone,1,10,Single,5,Male,3,2,14,2,Mobile Phone,2,1,0,2,145
54674,1,1,Phone,1,17,Single,4,Male,3,2,12,2,Household,3,3,1,2,135
54675,1,1,Pad,1,10,Single,4,Male,4,10,12,8,Mobile Phone,3,5,1,6,158
54676,0,9,Pad,1,10,Married,5,Male,3,2,19,1,Mobile Phone,3,3,0,2,138
54677,0,1,Mobile Phone,1,11,Married,2,Male,3,2,17,3,Mobile Phone,4,5,0,1,153
54678,0,1,Mobile Phone,3,15,Married,2,Male,3,2,23,3,Laptop & Accessory,2,4,0,2,174
54679,0,12,Mobile Phone,3,14,Single,5,Female,3,2,21,6,Laptop & Accessory,2,1,0,2,165
54680,0,3,Pad,1,7,Married,6,Male,4,3,19,9,Mobile Phone,3,1,0,1,152
54681,0,22,Mobile Phone,3,9,Married,2,Male,3,3,13,3,Laptop & Accessory,5,4,0,1,206
54682,0,1,Pad,3,10,Married,2,Female,4,2,21,5,Laptop & Accessory,3,1,1,2,171
54683,0,11,Mobile Phone,1,17,Single,2,Male,4,2,18,1,Mobile Phone,5,1,0,2,172
54684,0,24,Mobile Phone,1,35,Married,2,Male,4,4,12,9,Mobile Phone,3,3,1,1,157
54685,0,8,Mobile Phone,1,16,Single,5,Female,3,8,15,,Fashion,3,4,0,5,211
54686,1,1,Mobile Phone,3,10,Single,4,Female,4,3,15,1,Laptop & Accessory,11,3,0,2,171
54687,0,13,Mobile Phone,1,9,Single,5,Female,4,12,12,11,Laptop & Accessory,3,3,0,2,171
54688,0,6,Mobile Phone,3,17,Single,4,Male,3,2,13,9,Laptop & Accessory,3,1,0,2,179
54689,1,14,Pad,3,15,Married,4,Male,3,2,15,4,Laptop & Accessory,5,3,1,1,193
54690,0,12,Mobile Phone,1,7,Single,2,Female,3,2,14,9,Laptop & Accessory,2,1,0,1,201
54691,0,1,Mobile Phone,1,7,Married,4,Female,4,2,12,8,Fashion,3,5,0,1,199
54692,0,6,Mobile Phone,1,10,Single,4,Female,3,,16,8,Fashion,5,1,0,7,237
54693,0,21,Mobile Phone,3,21,Single,4,Male,3,2,13,8,Laptop & Accessory,4,5,0,2,175
54694,0,14,Pad,3,12,Married,5,Male,3,2,22,,Fashion,7,5,1,1,230
54695,0,27,Mobile Phone,1,14,Married,2,Male,3,2,20,4,Grocery,5,3,0,,273
54696,0,15,Mobile Phone,2,17,Married,5,Male,4,13,,7,Others,5,1,0,4,316
54697,0,31,Mobile Phone,3,23,Single,4,Male,3,3,15,3,Laptop & Accessory,10,5,0,3,179
54698,0,1,Pad,1,17,Married,4,Male,3,2,22,,Fashion,3,5,0,1,213
54699,0,15,Mobile Phone,2,7,Married,5,Male,3,3,,11,Others,3,3,0,2,317
54700,0,24,Mobile Phone,3,15,Married,4,Male,3,3,16,3,Mobile Phone,9,4,0,1,164
54701,1,1,Phone,1,7,Single,6,Female,4,4,14,8,Mobile Phone,9,4,1,2,147
54702,0,13,Pad,1,15,Married,2,Female,4,,15,6,Fashion,11,5,0,1,242
54703,0,12,Mobile Phone,1,7,Single,4,Female,3,2,15,1,Fashion,6,3,1,1,204
54704,0,18,Pad,1,31,Single,6,Male,3,2,15,5,Mobile Phone,4,3,0,1,162
54705,0,21,Pad,3,10,Married,4,Female,3,12,13,14,Grocery,11,3,1,,263
54706,0,4,Mobile Phone,3,34,Married,4,Male,4,8,24,8,Laptop & Accessory,9,1,0,3,178
54707,0,3,Mobile Phone,3,17,Single,4,Male,4,2,12,1,Mobile Phone,3,3,0,2,151
54708,1,6,Pad,1,26,Married,2,Male,3,3,13,3,Mobile Phone,8,3,1,1,153
54709,0,17,Pad,3,22,Married,5,Male,3,3,19,3,Laptop & Accessory,5,1,0,2,193
54710,0,8,Mobile Phone,1,15,Single,4,Female,4,5,12,4,Laptop & Accessory,5,3,0,1,186
54711,0,1,Mobile Phone,1,16,Married,4,Male,3,2,15,3,Mobile Phone,3,5,0,2,150
54712,0,13,Mobile Phone,2,10,Married,2,Female,3,4,16,7,Laptop & Accessory,11,4,0,1,189
54713,0,33,Mobile Phone,1,16,Married,4,Male,3,,12,2,Grocery,9,1,0,1,236
54714,0,14,Phone,1,9,Single,5,Female,3,3,21,4,Mobile Phone,2,1,1,1,148
54715,0,1,Mobile Phone,1,14,Single,5,Female,3,2,20,8,Laptop & Accessory,10,5,0,2,193
54716,0,3,Phone,3,17,Married,4,Male,3,3,15,3,Mobile Phone,3,4,0,3,148
54717,0,27,Phone,1,13,Single,4,Male,3,3,18,3,Laptop & Accessory,4,1,0,3,150
54718,0,9,Pad,1,9,Married,4,Female,4,2,12,1,Laptop & Accessory,4,5,0,2,176
54719,0,6,Pad,1,31,Married,4,Male,4,5,16,8,Laptop & Accessory,3,1,0,2,178
54720,0,12,Mobile Phone,1,9,Married,4,Male,4,2,14,2,Mobile Phone,8,3,1,1,156
54721,0,8,Mobile Phone,1,15,Married,4,Female,3,2,15,1,Laptop & Accessory,5,5,0,2,176
54722,0,26,Mobile Phone,3,10,Married,5,Male,3,2,,17,Grocery,3,5,0,2,294
54723,1,1,Mobile Phone,1,7,Single,4,Male,4,8,14,9,Mobile Phone,3,1,1,7,152
54724,0,1,Mobile Phone,3,33,Single,4,Female,3,2,24,5,Laptop & Accessory,3,1,0,1,187
54725,0,19,Mobile Phone,3,9,Single,6,Male,3,4,14,2,Laptop & Accessory,2,3,0,2,191
54726,0,1,Mobile Phone,1,17,Single,2,Male,4,2,19,3,Mobile Phone,3,3,0,1,160
54727,1,11,Pad,3,34,Single,2,Female,4,2,13,4,Laptop & Accessory,6,3,1,1,189
54728,0,8,Mobile Phone,3,9,Single,4,Male,3,2,23,5,Laptop & Accessory,3,1,0,1,188
54729,1,19,Mobile Phone,1,9,Married,4,Male,4,2,14,5,Others,7,5,1,2,324
54730,0,13,Pad,3,15,Single,5,Male,4,2,16,10,Fashion,3,5,0,1,201
54731,0,26,Pad,1,26,Married,4,Male,3,2,19,3,Mobile Phone,2,1,0,2,168
54732,0,1,Pad,1,7,Married,6,Female,4,3,15,1,Mobile Phone,5,1,0,3,169
54733,0,3,Mobile Phone,1,34,Married,4,Female,4,2,13,2,Laptop & Accessory,6,3,0,1,168
54734,1,1,Mobile Phone,3,15,Single,5,Male,3,2,18,3,Laptop & Accessory,8,5,0,1,178
54735,0,8,Mobile Phone,1,7,Single,2,Female,4,2,17,4,Mobile Phone,4,1,0,2,158
54736,0,28,Mobile Phone,1,26,Married,4,Female,4,2,12,5,Laptop & Accessory,11,5,1,1,180
54737,0,1,Pad,3,15,Married,4,Male,3,2,20,2,Laptop & Accessory,2,1,0,2,168
54738,0,11,Mobile Phone,1,17,Married,4,Female,3,5,14,4,Mobile Phone,2,5,1,5,153
54739,0,12,Pad,1,9,Single,2,Female,4,5,13,13,Laptop & Accessory,8,5,1,1,185
54740,0,8,Mobile Phone,1,9,Single,5,Female,3,2,12,4,Mobile Phone,3,5,0,2,169
54741,0,9,Mobile Phone,3,15,Married,4,Female,4,2,17,3,Mobile Phone,3,1,0,2,151
54742,0,4,Mobile Phone,1,7,Married,6,Male,3,2,22,3,Mobile Phone,5,3,0,2,163
54743,0,14,Pad,1,9,Married,2,Female,3,4,25,8,Laptop & Accessory,3,4,0,1,167
54744,0,8,Mobile Phone,3,15,Married,4,Female,4,2,18,3,Laptop & Accessory,7,5,0,2,190
54745,0,16,Pad,1,15,Married,4,Male,4,15,,10,Others,3,1,0,6,309
54746,1,1,Phone,1,13,Married,2,Male,4,2,22,1,Mobile Phone,3,5,1,1,141
54747,0,1,Pad,1,16,Married,5,Male,3,2,12,1,Mobile Phone,3,4,0,1,152
54748,0,26,Mobile Phone,1,18,Married,4,Female,3,2,21,5,Laptop & Accessory,10,3,0,2,156
54749,0,24,Mobile Phone,1,9,Married,4,Male,4,2,,4,Grocery,7,3,0,1,301
54750,1,1,Phone,1,7,Married,5,Female,3,2,12,1,Mobile Phone,3,5,1,1,148
54751,0,7,Mobile Phone,1,14,Married,4,Male,3,,12,8,Fashion,2,3,0,2,242
54752,1,1,Mobile Phone,3,23,Single,4,Female,4,2,16,3,Laptop & Accessory,7,5,0,2,178
54753,0,21,Mobile Phone,1,9,Married,4,Female,3,4,,1,Grocery,3,1,1,4,293
54754,0,13,Mobile Phone,1,7,Married,4,Female,3,2,16,6,Laptop & Accessory,2,4,0,2,177
54755,0,3,Mobile Phone,1,30,Married,2,Male,3,2,25,8,Mobile Phone,3,3,0,2,152
54756,1,21,Mobile Phone,1,9,Single,4,Male,3,14,,9,Others,9,4,1,8,317
54757,0,9,Mobile Phone,1,7,Single,2,Female,3,3,14,3,Mobile Phone,5,3,0,3,150
54758,0,16,Mobile Phone,1,7,Married,5,Female,3,2,14,3,Laptop & Accessory,11,1,1,1,186
54759,1,1,Mobile Phone,1,9,Single,4,Male,3,3,18,2,Mobile Phone,8,3,0,3,169
54760,0,13,Phone,2,20,Married,4,Male,3,2,14,5,Mobile Phone,6,4,0,2,146
54761,0,6,Mobile Phone,1,11,Married,5,Female,4,7,13,9,Laptop & Accessory,3,3,0,6,187
54762,0,14,Pad,1,23,Single,5,Male,3,2,15,1,Laptop & Accessory,8,3,0,1,176
54763,0,4,Mobile Phone,1,9,Single,5,Female,3,2,25,1,Laptop & Accessory,7,1,1,2,194
54764,0,19,Phone,1,9,Single,5,Female,4,2,15,1,Mobile Phone,3,3,0,2,148
54765,0,16,Mobile Phone,1,36,Married,4,Male,4,8,14,9,Laptop & Accessory,3,4,0,6,169
54766,0,12,Pad,1,19,Married,5,Male,1,2,16,3,Laptop & Accessory,4,5,0,2,188
54767,0,8,Pad,1,23,Single,5,Female,4,2,17,4,Mobile Phone,3,1,0,2,151
54768,1,13,Mobile Phone,3,18,Married,4,Female,3,8,19,8,Fashion,3,1,0,1,202
54769,1,19,Mobile Phone,3,9,Single,4,Male,3,8,17,4,Laptop & Accessory,6,1,0,2,177
54770,0,17,Mobile Phone,1,21,Married,4,Male,4,2,,1,Grocery,8,5,0,2,297
54771,0,1,Mobile Phone,1,12,Married,5,Male,3,,17,9,Fashion,3,1,1,2,253
54772,0,9,Mobile Phone,1,14,Single,4,Male,3,2,22,,Fashion,5,3,0,1,227
54773,0,2,Mobile Phone,3,9,Married,4,Female,3,8,21,6,Laptop & Accessory,3,4,1,7,173
54774,0,8,Mobile Phone,2,10,Married,4,Male,3,2,20,3,Mobile Phone,2,1,0,2,162
54775,1,1,Pad,1,12,Married,5,Female,3,2,15,8,Mobile Phone,3,3,1,1,149
54776,0,1,Pad,1,10,Married,4,Male,3,2,12,1,Mobile Phone,3,1,0,1,142
54777,0,25,Mobile Phone,3,33,Married,4,Female,4,5,15,18,Grocery,4,3,0,,288
54778,0,18,Mobile Phone,1,11,Single,4,Male,3,3,13,4,Laptop & Accessory,11,4,0,2,184
54779,0,1,Mobile Phone,1,9,Single,2,Male,4,2,14,2,Mobile Phone,9,5,0,1,159
54780,0,7,Mobile Phone,3,7,Married,2,Male,3,2,23,9,Laptop & Accessory,3,5,0,1,165
54781,0,9,Mobile Phone,1,34,Single,5,Female,3,2,12,2,Mobile Phone,3,5,0,1,151
54782,0,13,Mobile Phone,3,7,Married,4,Male,3,5,15,12,Laptop & Accessory,3,1,1,4,187
54783,0,6,Mobile Phone,3,20,Married,4,Male,4,2,12,4,Laptop & Accessory,4,1,0,1,169
54784,0,4,Pad,1,12,Married,5,Male,4,2,13,4,Mobile Phone,11,1,0,1,163
54785,0,27,Mobile Phone,3,14,Married,5,Female,4,,19,5,Fashion,9,1,1,1,234
54786,0,19,Mobile Phone,3,16,Married,4,Male,4,,13,3,Fashion,6,5,1,1,233
54787,0,6,Mobile Phone,1,15,Married,2,Female,4,2,13,4,Laptop & Accessory,7,3,0,2,177
54788,0,26,Pad,1,32,Married,5,Female,3,2,23,1,Grocery,5,1,0,,263
54789,0,11,Mobile Phone,3,23,Married,5,Male,4,2,20,1,Laptop & Accessory,6,3,0,2,188
54790,0,2,Mobile Phone,2,15,Married,5,Male,4,2,14,5,Mobile Phone,3,1,0,2,174
54791,0,1,Mobile Phone,1,7,Married,5,Male,3,3,23,3,Laptop & Accessory,8,1,0,3,173
54792,0,18,Mobile Phone,1,15,Married,2,Male,4,2,25,3,Mobile Phone,4,1,1,2,153
54793,0,16,Pad,1,9,Single,4,Male,3,3,15,3,Mobile Phone,7,1,1,2,150
54794,0,13,Phone,2,15,Married,5,Male,4,2,22,4,Mobile Phone,2,5,0,1,148
54795,0,1,Mobile Phone,3,10,Married,4,Male,4,2,19,4,Laptop & Accessory,3,5,1,1,167
54796,0,9,Mobile Phone,1,16,Married,5,Female,4,,21,16,Fashion,3,3,1,4,232
54797,1,1,Pad,1,32,Married,4,Female,4,8,20,9,Mobile Phone,3,4,1,7,145
54798,0,6,Pad,1,7,Married,4,Male,4,2,13,3,Mobile Phone,2,1,0,2,148
54799,0,1,Mobile Phone,3,11,Married,5,Male,3,2,13,4,Laptop & Accessory,3,5,0,2,168
54800,0,23,Mobile Phone,1,7,Married,4,Female,3,2,17,3,Mobile Phone,4,5,0,1,161
54801,0,1,Pad,1,11,Married,5,Male,3,4,18,5,Mobile Phone,2,1,0,1,157
54802,0,6,Pad,3,12,Married,4,Male,3,6,15,4,Laptop & Accessory,3,4,0,3,190
54803,0,12,Mobile Phone,3,16,Married,5,Male,4,2,20,3,Mobile Phone,2,4,0,1,154
54804,0,16,Mobile Phone,1,10,Married,2,Female,4,2,14,4,Laptop & Accessory,4,1,1,2,177
54805,0,5,Phone,1,18,Married,4,Male,3,2,20,3,Mobile Phone,5,1,1,1,149
54806,1,1,Mobile Phone,3,7,Married,5,Female,3,2,20,3,Mobile Phone,8,3,1,2,153
54807,0,27,Mobile Phone,3,15,Married,4,Male,4,,15,3,Grocery,7,1,0,3,243
54808,0,9,Mobile Phone,1,32,Married,5,Male,4,,17,9,Fashion,5,4,0,3,234
54809,0,11,Pad,3,28,Married,4,Female,3,2,16,1,Mobile Phone,7,1,0,2,155
54810,0,27,Mobile Phone,1,30,Single,4,Female,4,4,19,9,Grocery,8,1,0,,268
54811,0,17,Pad,1,7,Married,4,Female,3,3,14,3,Laptop & Accessory,6,1,0,2,181
54812,0,21,Mobile Phone,3,9,Married,4,Female,3,8,23,8,Laptop & Accessory,2,1,1,4,170
54813,0,11,Pad,3,26,Single,4,Male,3,2,14,10,Fashion,3,4,1,1,201
54814,0,24,Pad,1,9,Married,4,Male,4,15,,8,Grocery,3,5,0,14,304
54815,0,13,Mobile Phone,2,9,Married,5,Female,3,2,12,5,Laptop & Accessory,10,1,0,2,177
54816,0,7,Phone,2,10,Married,4,Male,3,2,12,4,Mobile Phone,5,4,1,1,148
54817,1,1,Mobile Phone,1,32,Single,4,Male,3,2,25,2,Mobile Phone,3,1,1,1,153
54818,0,3,Mobile Phone,1,14,Married,5,Female,4,2,15,4,Mobile Phone,8,1,0,2,150
54819,0,18,Mobile Phone,1,16,Married,4,Male,4,8,14,2,Mobile Phone,3,5,1,6,151
54820,0,2,Mobile Phone,3,12,Single,4,Male,4,2,15,3,Laptop & Accessory,3,1,0,1,174
54821,1,21,Pad,1,9,Married,5,Male,3,2,15,1,Mobile Phone,11,1,1,2,149
54822,0,17,Mobile Phone,1,15,Married,4,Female,3,2,22,1,Laptop & Accessory,6,4,0,2,173
54823,1,1,Phone,3,9,Single,5,Female,3,2,14,3,Mobile Phone,3,3,0,2,145
54824,1,1,Mobile Phone,1,25,Single,4,Female,4,2,20,1,Mobile Phone,3,1,0,2,152
54825,0,13,Mobile Phone,1,21,Married,4,Male,4,5,18,12,Laptop & Accessory,2,1,1,3,191
54826,0,21,Mobile Phone,3,9,Single,5,Female,4,2,19,3,Mobile Phone,3,1,1,1,158
54827,1,1,Mobile Phone,1,10,Married,4,Female,3,2,20,3,Laptop & Accessory,2,3,1,2,167
54828,1,5,Mobile Phone,1,9,Married,6,Female,3,2,14,1,Mobile Phone,6,1,1,1,153
54829,0,2,Phone,1,16,Married,4,Female,4,3,19,3,Mobile Phone,7,3,0,1,149
54830,1,3,Phone,1,13,Married,4,Male,4,3,22,3,Mobile Phone,9,5,1,2,149
54831,0,1,Phone,1,11,Single,4,Female,4,2,20,1,Mobile Phone,3,3,0,1,148
54832,0,8,Phone,1,17,Married,4,Male,3,2,15,1,Mobile Phone,3,4,0,2,145
54833,0,16,Mobile Phone,3,21,Single,5,Female,4,2,18,4,Laptop & Accessory,9,3,0,2,187
54834,0,7,Mobile Phone,1,7,Single,5,Male,4,2,12,3,Mobile Phone,5,5,1,2,153
54835,0,31,Mobile Phone,1,12,Married,5,Female,3,2,14,,Fashion,4,4,1,2,231
54836,0,5,Phone,3,14,Married,5,Male,3,6,16,3,Mobile Phone,5,3,0,3,148
54837,0,9,Mobile Phone,1,28,Married,4,Female,3,2,26,8,Laptop & Accessory,3,1,1,1,165
54838,0,23,Mobile Phone,1,15,Married,4,Female,3,2,12,8,Fashion,6,4,0,1,199
54839,0,22,Phone,1,27,Married,4,Male,3,2,18,1,Mobile Phone,6,3,0,2,148
54840,0,5,Pad,3,27,Married,4,Female,3,2,14,1,Laptop & Accessory,3,3,0,2,194
54841,0,13,Mobile Phone,1,14,Single,4,Male,4,2,19,2,Mobile Phone,4,1,0,2,172
54842,0,12,Mobile Phone,1,7,Married,4,Female,4,6,14,12,Fashion,3,5,0,5,261
54843,0,6,Pad,1,7,Married,5,Female,4,2,21,3,Mobile Phone,8,4,0,1,148
54844,1,1,Phone,3,26,Married,5,Male,3,2,19,1,Mobile Phone,3,4,1,1,149
54845,0,14,Mobile Phone,3,17,Married,5,Male,4,2,13,,Fashion,4,4,0,1,222
54846,0,1,Pad,3,7,Single,5,Male,3,2,13,8,Laptop & Accessory,3,5,0,1,168
54847,0,15,Mobile Phone,1,13,Single,4,Male,3,3,14,18,Mobile Phone,4,5,1,2,172
54848,0,13,Mobile Phone,1,9,Single,4,Male,4,4,22,10,Mobile Phone,6,3,0,2,150
54849,1,1,Phone,3,28,Single,5,Male,3,2,14,1,Mobile Phone,3,4,1,2,146
54850,1,1,Mobile Phone,1,11,Single,4,Male,3,2,20,1,Mobile Phone,3,5,0,2,155
54851,0,5,Mobile Phone,1,19,Married,4,Female,3,9,12,6,Laptop & Accessory,2,1,1,7,184
54852,0,14,Pad,1,16,Married,4,Male,3,2,15,1,Mobile Phone,10,4,1,1,161
54853,0,6,Mobile Phone,1,10,Married,4,Female,4,7,13,4,Laptop & Accessory,3,5,0,2,192
54854,1,1,Mobile Phone,3,10,Married,5,Male,3,4,12,,Fashion,3,1,1,4,228
54855,0,7,Mobile Phone,1,7,Single,5,Female,3,2,15,5,Laptop & Accessory,2,1,0,2,194
54856,1,1,Mobile Phone,3,7,Married,5,Male,3,12,12,,Fashion,7,3,0,6,231
54857,0,19,Pad,1,11,Married,4,Male,3,2,13,9,Laptop & Accessory,3,4,0,2,169
54858,0,3,Pad,3,27,Married,4,Female,3,2,16,3,Mobile Phone,3,1,0,1,147
54859,0,9,Mobile Phone,3,25,Married,4,Female,3,2,17,1,Laptop & Accessory,3,3,0,2,171
54860,0,26,Mobile Phone,1,7,Married,4,Male,4,8,,9,Grocery,4,1,0,4,296
54861,1,21,Mobile Phone,1,9,Single,4,Male,3,2,25,1,Mobile Phone,6,3,0,1,150
54862,0,27,Mobile Phone,3,9,Married,4,Male,3,16,14,3,Grocery,8,3,0,,274
54863,0,4,Mobile Phone,3,15,Married,4,Male,4,8,12,8,Fashion,7,3,0,3,198
54864,0,12,Pad,3,17,Single,4,Female,3,2,14,4,Laptop & Accessory,3,1,1,2,182
54865,0,9,Mobile Phone,3,10,Married,4,Male,4,2,14,9,Fashion,8,1,0,1,203
54866,0,13,Mobile Phone,3,9,Single,2,Male,3,2,19,8,Fashion,2,3,0,1,204
54867,1,4,Pad,3,31,Single,2,Female,4,,17,1,Grocery,6,4,1,2,257
54868,0,21,Pad,1,23,Married,2,Male,4,3,20,8,Laptop & Accessory,3,3,1,2,176
54869,0,13,Pad,3,15,Married,4,Male,3,2,14,8,Laptop & Accessory,6,1,0,2,176
54870,1,1,Pad,1,16,Single,5,Male,3,2,23,3,Mobile Phone,2,5,1,1,148
54871,0,7,Pad,3,24,Single,4,Male,3,7,,1,Grocery,3,3,0,6,299
54872,1,1,Phone,1,17,Single,5,Female,4,2,21,1,Mobile Phone,8,5,1,2,149
54873,0,7,Mobile Phone,1,20,Single,4,Female,3,2,19,3,Mobile Phone,5,1,0,2,160
54874,0,19,Phone,1,7,Married,4,Female,4,2,15,3,Mobile Phone,5,1,0,2,148
54875,0,24,Mobile Phone,1,7,Married,4,Male,4,2,,4,Grocery,11,1,0,1,299
54876,0,7,Pad,1,7,Married,2,Female,3,2,14,3,Laptop & Accessory,3,4,1,2,180
54877,0,15,Pad,1,16,Married,4,Male,4,2,,12,Others,4,3,0,1,319
54878,0,1,Mobile Phone,1,23,Married,4,Female,3,3,15,3,Mobile Phone,11,4,0,3,153
54879,0,19,Pad,1,30,Married,4,Male,3,2,16,9,Laptop & Accessory,3,5,1,2,161
54880,0,21,Mobile Phone,3,11,Single,4,Female,3,2,18,8,Laptop & Accessory,3,1,1,2,167
54881,1,1,Phone,1,29,Married,4,Female,3,2,12,2,Mobile Phone,6,3,1,1,146
54882,0,24,Mobile Phone,1,31,Married,4,Male,4,2,19,6,Grocery,5,3,1,,265
54883,0,12,Pad,1,17,Married,4,Male,4,2,18,3,Mobile Phone,2,3,0,1,152
54884,0,23,Mobile Phone,1,14,Married,4,Male,4,,14,8,Fashion,8,3,0,2,233
54885,0,1,Mobile Phone,1,24,Married,5,Female,3,4,16,3,Laptop & Accessory,3,3,0,1,169
54886,1,1,Mobile Phone,1,21,Married,5,Male,3,2,25,3,Mobile Phone,3,4,1,2,162
54887,0,5,Pad,1,7,Married,4,Female,4,2,13,4,Laptop & Accessory,3,5,0,2,166
54888,0,1,Pad,1,12,Single,4,Male,4,2,16,1,Mobile Phone,3,1,0,1,136
54889,0,28,Mobile Phone,1,24,Married,4,Female,3,,12,9,Fashion,10,3,0,1,232
54890,0,9,Mobile Phone,1,32,Married,4,Female,3,11,12,,Fashion,3,3,1,1,229
54891,0,4,Mobile Phone,1,15,Married,2,Female,4,,13,8,Fashion,2,5,1,1,239
54892,1,1,Mobile Phone,1,18,Single,5,Female,4,2,16,1,Mobile Phone,3,5,1,2,151
54893,1,1,Pad,1,12,Single,4,Female,3,2,18,3,Mobile Phone,2,4,0,1,149
54894,0,1,Mobile Phone,1,9,Married,2,Male,3,2,13,4,Laptop & Accessory,3,1,0,2,180
54895,0,1,Mobile Phone,1,15,Married,6,Male,4,2,16,2,Mobile Phone,3,5,0,1,150
54896,0,22,Mobile Phone,1,13,Single,5,Male,4,3,14,3,Laptop & Accessory,4,3,0,1,167
54897,0,22,Mobile Phone,1,11,Single,5,Male,4,,15,9,Fashion,9,3,0,2,235
54898,0,15,Mobile Phone,1,14,Single,4,Female,3,3,15,2,Laptop & Accessory,8,3,0,3,175
54899,0,13,Mobile Phone,1,7,Married,5,Female,4,,17,9,Grocery,3,1,0,10,252
54900,0,1,Mobile Phone,1,9,Married,4,Female,3,3,19,3,Laptop & Accessory,2,1,0,3,167
54901,0,9,Mobile Phone,1,17,Married,4,Male,3,2,21,3,Mobile Phone,3,1,0,1,164
54902,0,1,Mobile Phone,3,12,Married,4,Male,3,2,,1,Others,8,3,0,1,308
54903,0,24,Phone,1,16,Married,4,Male,4,2,19,1,Mobile Phone,6,1,0,2,149
54904,0,31,Mobile Phone,1,9,Single,5,Female,4,5,14,4,Grocery,5,1,1,,262
54905,1,1,Mobile Phone,1,18,Married,6,Female,4,2,16,1,Laptop & Accessory,7,4,0,2,173
54906,0,29,Pad,1,25,Married,4,Male,4,7,15,8,Laptop & Accessory,5,4,1,3,189
54907,0,15,Pad,1,14,Married,6,Female,3,6,23,11,Others,3,3,0,6,325
54908,0,12,Mobile Phone,3,10,Single,4,Male,3,2,13,1,Laptop & Accessory,10,1,1,2,194
54909,1,1,Pad,3,36,Single,6,Male,4,3,19,3,Laptop & Accessory,10,5,0,2,175
54910,1,16,Mobile Phone,3,9,Married,6,Female,3,7,16,10,Others,3,1,0,4,323
54911,0,18,Mobile Phone,3,35,Married,2,Female,3,,19,12,Grocery,5,1,1,5,258
54912,0,24,Pad,3,7,Married,4,Female,4,2,13,14,Laptop & Accessory,2,3,0,1,188
54913,1,1,Mobile Phone,1,23,Single,2,Female,3,16,17,15,Mobile Phone,3,5,0,4,152
54914,0,13,Pad,1,29,Single,4,Female,3,,14,9,Fashion,3,5,1,2,234
54915,0,7,Pad,3,15,Single,5,Female,3,3,20,3,Mobile Phone,2,1,0,1,148
54916,0,19,Mobile Phone,3,18,Married,4,Female,3,2,,2,Grocery,5,1,0,1,302
54917,0,6,Pad,1,36,Single,4,Female,4,8,13,8,Mobile Phone,11,3,0,7,165
54918,0,8,Mobile Phone,3,7,Married,2,Male,4,2,12,,Laptop & Accessory,2,1,0,1,222
54919,0,31,Mobile Phone,3,7,Married,4,Male,4,,15,5,Fashion,5,1,1,2,244
54920,0,19,Phone,2,31,Single,4,Male,3,2,17,5,Mobile Phone,3,4,0,1,147
54921,0,27,Pad,3,9,Married,5,Female,3,7,13,13,Fashion,4,4,0,6,200
54922,1,1,Mobile Phone,1,22,Married,4,Male,3,2,15,1,Laptop & Accessory,9,3,0,1,173
54923,1,1,Pad,1,9,Married,4,Male,3,2,15,3,Mobile Phone,8,5,1,1,145
54924,0,8,Phone,3,17,Married,4,Female,3,2,20,1,Mobile Phone,3,3,1,1,147
54925,0,2,Phone,3,17,Married,4,Male,4,2,23,1,Mobile Phone,3,4,0,1,136
54926,0,12,Pad,1,10,Married,4,Male,3,3,17,3,Mobile Phone,5,3,0,3,153
54927,0,24,Mobile Phone,1,9,Married,4,Male,4,8,,8,Others,4,3,1,5,317
54928,0,11,Mobile Phone,1,10,Single,4,Female,3,2,16,2,Laptop & Accessory,5,4,0,2,166
54929,0,14,Mobile Phone,3,33,Married,4,Male,4,8,15,6,Laptop & Accessory,3,5,0,4,209
54930,0,1,Pad,1,7,Married,5,Female,4,2,14,4,Mobile Phone,3,3,0,1,145
54931,0,23,Mobile Phone,1,7,Married,4,Male,3,3,,3,Others,11,1,0,2,321
54932,0,28,Mobile Phone,3,9,Married,5,Female,3,,12,1,Fashion,8,3,0,7,232
54933,0,33,Pad,1,16,Married,4,Female,4,2,20,4,Mobile Phone,4,3,0,2,154
54934,0,13,Mobile Phone,1,19,Single,5,Female,3,8,12,,Fashion,2,1,0,6,214
54935,0,29,Pad,1,9,Single,5,Male,3,7,,3,Grocery,9,5,0,3,293
54936,0,17,Mobile Phone,3,32,Married,5,Male,4,,14,1,Fashion,7,1,0,2,233
54937,1,1,Pad,3,16,Single,4,Female,3,2,15,3,Mobile Phone,3,1,1,2,148
54938,1,1,Phone,1,17,Single,5,Female,3,2,14,1,Mobile Phone,3,5,0,1,139
54939,0,23,Mobile Phone,1,15,Married,5,Female,4,2,24,8,Laptop & Accessory,10,5,1,2,171
54940,1,15,Mobile Phone,1,11,Married,4,Male,3,3,13,8,Mobile Phone,11,3,1,1,150
54941,1,1,Pad,1,31,Single,5,Male,4,2,13,,Fashion,3,5,0,2,212
54942,0,1,Mobile Phone,1,7,Married,5,Male,3,2,17,4,Mobile Phone,3,5,0,2,165
54943,0,4,Mobile Phone,1,27,Married,4,Male,3,2,16,,Laptop & Accessory,2,5,0,1,225
54944,0,15,Mobile Phone,1,14,Married,2,Female,3,2,14,9,Mobile Phone,3,3,0,1,159
54945,0,12,Mobile Phone,1,24,Married,5,Female,4,2,19,,Fashion,2,3,0,2,213
54946,0,14,Mobile Phone,1,27,Married,4,Male,4,12,21,,Fashion,6,1,0,4,228
54947,0,1,Pad,1,15,Married,6,Male,3,2,20,3,Mobile Phone,3,3,0,2,171
54948,0,29,Pad,1,9,Married,4,Male,4,,19,3,Fashion,5,4,0,1,235
54949,0,2,Mobile Phone,1,17,Single,4,Female,3,2,14,8,Laptop & Accessory,5,3,0,1,162
54950,1,8,Mobile Phone,2,7,Married,5,Male,4,4,15,,Fashion,11,5,0,3,230
54951,0,7,Mobile Phone,1,12,Married,5,Male,3,2,16,3,Fashion,6,1,0,2,196
54952,1,1,Mobile Phone,3,11,Single,4,Male,3,5,23,,Fashion,2,5,1,3,221
54953,1,1,Pad,1,36,Single,5,Female,3,4,23,9,Laptop & Accessory,3,3,0,3,170
54954,0,2,Phone,1,22,Married,4,Male,3,3,17,3,Mobile Phone,3,3,0,1,147
54955,0,8,Pad,1,10,Single,4,Male,3,2,18,5,Laptop & Accessory,2,1,0,2,203
54956,0,11,Mobile Phone,3,17,Married,5,Female,3,2,15,1,Laptop & Accessory,4,1,1,2,192
54957,1,1,Mobile Phone,1,11,Married,4,Male,3,6,16,7,Mobile Phone,3,1,1,5,162
54958,1,1,Phone,1,28,Married,4,Male,3,2,21,1,Mobile Phone,3,3,0,2,149
54959,1,1,Phone,1,32,Single,5,Male,3,3,21,3,Mobile Phone,6,4,1,2,148
54960,0,16,Mobile Phone,1,9,Married,4,Male,3,14,,8,Grocery,2,5,0,6,302
54961,1,1,Pad,1,7,Married,5,Male,3,2,16,1,Mobile Phone,3,4,0,2,151
54962,1,14,Pad,3,7,Single,4,Male,3,2,15,1,Laptop & Accessory,5,3,1,2,172
54963,0,7,Pad,3,14,Married,4,Female,2,2,18,3,Laptop & Accessory,2,4,0,1,168
54964,0,8,Pad,1,10,Married,5,Male,3,2,18,1,Mobile Phone,5,1,0,1,155
54965,0,22,Pad,1,7,Single,2,Male,3,3,,2,Grocery,4,1,0,1,294
54966,0,19,Pad,3,16,Married,5,Female,4,5,14,13,Laptop & Accessory,3,3,0,5,181
54967,0,26,Mobile Phone,1,6,Single,4,Male,3,5,20,,Fashion,9,4,0,3,229
54968,0,12,Mobile Phone,3,17,Married,5,Male,4,3,15,,Fashion,2,3,1,2,212
54969,0,3,Mobile Phone,1,35,Married,4,Female,4,2,23,8,Mobile Phone,6,1,0,2,150
54970,0,2,Mobile Phone,1,10,Married,4,Female,4,2,18,8,Fashion,2,4,0,1,202
54971,0,23,Mobile Phone,3,10,Married,4,Male,3,5,,10,Grocery,5,3,0,5,300
54972,0,12,Mobile Phone,3,9,Single,4,Male,3,2,17,1,Fashion,9,4,0,2,199
54973,0,17,Pad,1,34,Married,4,Female,3,,12,2,Fashion,10,5,0,2,233
54974,1,3,Pad,1,9,Married,4,Male,3,,12,6,Grocery,9,1,0,11,247
54975,0,14,Mobile Phone,1,21,Single,5,Male,3,5,,10,Others,3,3,0,4,321
54976,0,1,Phone,1,7,Single,5,Female,4,3,12,3,Mobile Phone,3,4,1,2,146
54977,0,13,Pad,1,16,Single,4,Male,4,2,16,4,Laptop & Accessory,11,4,0,2,193
54978,0,13,Pad,1,25,Single,4,Male,4,2,21,10,Laptop & Accessory,4,1,0,1,203
54979,0,5,Pad,3,27,Married,2,Male,4,3,13,3,Mobile Phone,2,1,0,3,153
54980,0,2,Mobile Phone,1,9,Married,5,Male,4,2,18,5,Mobile Phone,2,4,0,1,157
54981,0,9,Pad,3,18,Married,4,Male,3,2,12,3,Laptop & Accessory,3,1,0,2,175
54982,0,23,Mobile Phone,3,15,Married,5,Male,3,,18,4,Grocery,8,4,0,2,256
54983,0,8,Pad,1,9,Single,4,Male,4,2,12,3,Laptop & Accessory,4,3,0,2,165
54984,0,3,Pad,1,17,Married,4,Female,4,2,15,2,Mobile Phone,2,4,0,1,158
54985,0,16,Mobile Phone,1,36,Single,6,Male,3,2,20,1,Laptop & Accessory,6,1,0,2,168
54986,0,3,Mobile Phone,1,15,Married,5,Male,4,2,16,3,Laptop & Accessory,3,1,1,2,176
54987,0,12,Mobile Phone,2,7,Married,2,Male,3,6,14,1,Mobile Phone,3,3,0,4,153
54988,0,2,Pad,1,13,Married,5,Male,3,2,15,3,Mobile Phone,3,3,1,2,152
54989,1,1,Pad,1,15,Single,4,Male,4,2,13,1,Mobile Phone,3,3,0,2,144
54990,1,1,Mobile Phone,3,16,Single,4,Female,4,2,18,4,Laptop & Accessory,5,5,1,1,207
54991,0,15,Mobile Phone,1,19,Married,4,Male,3,2,12,1,Mobile Phone,5,1,1,2,173
54992,1,1,Pad,1,22,Married,4,Male,4,3,13,3,Mobile Phone,3,3,0,2,151
54993,0,11,Mobile Phone,1,32,Married,5,Female,3,2,14,4,Laptop & Accessory,9,1,0,2,182
54994,0,1,Mobile Phone,1,13,Married,5,Male,3,3,14,3,Mobile Phone,3,3,0,2,150
54995,0,8,Mobile Phone,3,16,Married,4,Female,4,2,21,4,Laptop & Accessory,3,3,0,1,182
54996,0,9,Mobile Phone,2,15,Single,4,Male,4,2,18,5,Mobile Phone,3,3,0,1,168
54997,1,1,Mobile Phone,3,30,Married,5,Female,3,4,14,11,Fashion,3,5,0,2,198
54998,0,14,Pad,1,16,Single,4,Female,3,,18,14,Fashion,11,3,0,2,260
54999,1,6,Pad,3,19,Single,4,Male,3,14,13,15,Grocery,2,5,1,,263
55000,0,16,Mobile Phone,3,11,Single,4,Male,3,2,14,6,Laptop & Accessory,9,5,0,2,177
55001,0,9,Phone,1,7,Married,5,Male,3,2,13,8,Mobile Phone,8,3,0,2,148
55002,0,1,Mobile Phone,1,31,Single,4,Male,3,2,23,3,Mobile Phone,10,4,0,1,161
55003,1,1,Mobile Phone,1,19,Married,4,Female,4,2,12,1,Mobile Phone,3,1,1,2,150
55004,0,1,Mobile Phone,1,10,Married,2,Male,3,2,23,8,Mobile Phone,3,1,0,2,169
55005,0,4,Mobile Phone,3,17,Married,5,Male,4,2,19,5,Laptop & Accessory,3,3,0,1,191
55006,0,14,Pad,1,33,Married,5,Female,4,2,14,1,Laptop & Accessory,5,1,1,1,169
55007,0,9,Mobile Phone,1,9,Married,5,Male,3,7,19,,Fashion,4,4,0,3,228
55008,0,8,Pad,1,8,Single,5,Male,4,5,21,10,Laptop & Accessory,2,5,0,1,178
55009,0,9,Pad,1,11,Married,5,Male,3,3,14,3,Mobile Phone,3,1,0,2,149
55010,1,7,Mobile Phone,3,16,Single,6,Female,3,2,14,4,Laptop & Accessory,10,3,0,1,178
55011,0,6,Pad,3,9,Married,4,Female,4,2,13,1,Mobile Phone,3,5,0,2,153
55012,0,33,Mobile Phone,1,11,Married,4,Female,4,5,14,3,Others,6,5,0,5,324
55013,0,3,Mobile Phone,1,13,Married,4,Female,3,2,14,9,Mobile Phone,3,1,0,1,156
55014,0,1,Mobile Phone,1,16,Single,4,Male,3,2,26,1,Mobile Phone,3,5,0,1,151
55015,0,19,Mobile Phone,1,14,Married,4,Female,3,2,20,3,Mobile Phone,6,3,1,1,170
55016,0,11,Mobile Phone,1,8,Married,5,Female,3,4,14,12,Laptop & Accessory,3,1,0,1,190
55017,0,1,Mobile Phone,1,6,Single,5,Male,3,2,13,3,Mobile Phone,3,3,0,1,155
55018,1,8,Mobile Phone,1,17,Single,4,Male,4,2,12,3,Mobile Phone,3,3,1,2,154
55019,0,27,Mobile Phone,1,14,Married,4,Female,3,5,,8,Others,5,3,0,4,311
55020,0,3,Phone,1,22,Married,6,Female,4,2,19,4,Mobile Phone,2,1,1,2,147
55021,1,1,Pad,1,10,Married,5,Male,3,2,12,1,Mobile Phone,2,1,1,1,154
55022,0,23,Mobile Phone,3,9,Married,4,Female,4,16,,10,Grocery,10,5,0,7,295
55023,0,18,Pad,1,24,Single,6,Male,4,2,14,1,Mobile Phone,4,3,0,2,148
55024,0,7,Mobile Phone,2,9,Married,4,Male,4,2,14,5,Mobile Phone,3,3,0,2,161
55025,1,5,Pad,1,12,Married,5,Male,4,2,18,1,Mobile Phone,8,5,0,1,146
55026,0,4,Mobile Phone,3,36,Married,4,Male,4,2,20,4,Laptop & Accessory,10,5,0,2,166
55027,0,14,Pad,3,9,Married,4,Male,4,2,13,1,Laptop & Accessory,7,4,0,2,168
55028,0,24,Pad,1,9,Married,4,Female,2,3,,3,Grocery,4,5,0,1,304
55029,0,2,Mobile Phone,1,26,Married,5,Male,4,4,13,4,Mobile Phone,3,5,0,2,157
55030,0,23,Mobile Phone,1,22,Married,4,Male,3,2,,4,Others,7,4,0,2,316
55031,0,9,Mobile Phone,3,24,Married,4,Male,4,2,16,,Laptop & Accessory,5,5,1,1,215
55032,1,1,Phone,1,24,Married,4,Female,4,2,14,1,Mobile Phone,3,4,0,2,147
55033,0,7,Pad,3,32,Married,4,Female,3,2,13,2,Laptop & Accessory,3,3,0,1,170
55034,0,13,Mobile Phone,1,13,Married,6,Male,3,2,15,8,Mobile Phone,3,3,0,2,152
55035,0,4,Mobile Phone,1,14,Married,4,Male,3,9,14,10,Laptop & Accessory,3,3,0,5,160
55036,0,18,Mobile Phone,1,36,Single,4,Male,3,14,26,18,Laptop & Accessory,3,1,0,7,170
55037,0,1,Mobile Phone,3,28,Single,2,Male,3,3,18,3,Mobile Phone,3,1,0,3,152
55038,0,23,Mobile Phone,1,9,Married,4,Male,3,2,12,5,Laptop & Accessory,4,1,0,1,199
55039,0,16,Pad,2,9,Married,2,Male,4,2,17,4,Laptop & Accessory,9,5,0,2,188
55040,0,31,Mobile Phone,3,14,Married,2,Male,3,2,19,10,Laptop & Accessory,2,1,1,1,177
55041,0,6,Pad,1,20,Married,5,Female,4,3,21,3,Mobile Phone,3,4,0,3,159
55042,0,6,Pad,1,9,Single,4,Female,3,2,15,8,Laptop & Accessory,6,3,1,2,175
55043,0,13,Mobile Phone,1,8,Married,6,Female,4,8,22,,Fashion,4,5,1,8,228
55044,0,7,Mobile Phone,1,16,Married,4,Male,3,5,14,11,Mobile Phone,2,1,0,1,153
55045,0,14,Mobile Phone,3,17,Married,5,Female,3,2,13,4,Laptop & Accessory,9,4,0,2,194
55046,0,1,Mobile Phone,3,17,Single,4,Male,3,2,15,2,Laptop & Accessory,2,1,0,2,175
55047,0,4,Mobile Phone,1,8,Married,4,Male,4,6,22,8,Mobile Phone,2,4,1,4,161
55048,0,16,Pad,1,33,Married,4,Female,3,,18,1,Fashion,5,5,1,1,257
55049,0,9,Pad,3,15,Married,5,Female,4,5,12,,Fashion,6,1,1,4,229
55050,0,1,Phone,1,21,Married,4,Male,3,7,15,9,Mobile Phone,3,5,1,6,147
55051,0,28,Pad,1,8,Married,4,Female,3,2,18,,Fashion,9,3,0,1,230
55052,0,18,Phone,1,9,Married,2,Female,4,8,14,8,Mobile Phone,3,1,0,2,145
55053,1,1,Pad,1,17,Single,5,Female,4,2,26,1,Mobile Phone,3,4,1,1,144
55054,0,3,Mobile Phone,1,8,Married,4,Female,4,2,16,3,Mobile Phone,3,1,0,2,163
55055,0,28,Mobile Phone,1,10,Married,4,Male,3,2,,10,Grocery,5,1,0,1,303
55056,0,5,Mobile Phone,1,18,Married,4,Male,4,2,13,2,Laptop & Accessory,3,5,1,2,193
55057,0,5,Mobile Phone,1,31,Single,5,Female,4,2,20,9,Laptop & Accessory,3,5,0,2,193
55058,0,31,Mobile Phone,3,10,Single,5,Female,3,2,18,6,Laptop & Accessory,7,1,0,1,177
55059,0,17,Mobile Phone,1,10,Married,6,Male,4,2,,8,Others,5,1,0,2,322
55060,0,23,Mobile Phone,1,11,Married,5,Male,3,2,,1,Others,4,3,0,1,312
55061,0,13,Pad,1,10,Married,4,Male,3,2,13,8,Mobile Phone,3,4,0,1,162
55062,0,22,Mobile Phone,1,9,Single,2,Male,4,2,12,1,Mobile Phone,7,4,0,1,151
55063,0,1,Mobile Phone,1,11,Married,4,Male,4,2,12,4,Mobile Phone,3,3,0,2,150
55064,0,3,Mobile Phone,1,14,Married,4,Male,3,2,12,1,Laptop & Accessory,3,1,1,2,191
55065,0,22,Mobile Phone,1,8,Single,5,Male,4,2,,1,Others,8,1,0,2,308
55066,0,3,Mobile Phone,1,8,Married,5,Female,3,2,15,8,Grocery,5,1,0,,286
55067,0,8,Mobile Phone,1,27,Married,2,Female,3,2,18,1,Mobile Phone,2,3,0,2,151
55068,0,18,Mobile Phone,3,12,Married,4,Male,3,4,,11,Others,9,4,0,2,307
55069,0,7,Mobile Phone,3,17,Married,2,Male,3,2,15,9,Fashion,2,3,1,1,209
55070,0,1,Mobile Phone,1,32,Single,2,Female,3,2,13,2,Mobile Phone,3,1,1,1,155
55071,0,1,Phone,1,8,Married,4,Male,3,2,23,2,Mobile Phone,3,3,0,2,137
55072,1,1,Pad,3,31,Single,6,Male,4,2,15,1,Mobile Phone,3,1,1,2,136
55073,0,1,Mobile Phone,1,11,Single,4,Male,3,3,21,3,Mobile Phone,3,1,1,3,154
55074,1,9,Mobile Phone,3,9,Single,6,Female,4,2,,12,Others,4,4,1,2,313
55075,0,29,Pad,1,15,Married,5,Male,3,16,16,1,Grocery,3,4,1,3,261
55076,1,1,Pad,1,17,Single,5,Female,3,3,21,3,Mobile Phone,3,3,0,2,151
55077,0,23,Mobile Phone,3,11,Married,5,Female,3,2,,9,Others,4,4,0,2,313
55078,0,8,Mobile Phone,3,9,Single,4,Female,3,2,13,3,Laptop & Accessory,2,5,1,2,170
55079,0,25,Pad,3,16,Married,4,Male,3,12,25,11,Others,6,4,1,7,323
55080,0,31,Mobile Phone,1,25,Single,4,Male,4,6,13,,Fashion,8,1,0,4,230
55081,0,8,Pad,1,26,Married,4,Female,3,6,14,11,Laptop & Accessory,6,4,0,1,169
55082,0,2,Pad,1,8,Single,4,Male,3,2,12,3,Mobile Phone,2,3,1,2,147
55083,0,18,Mobile Phone,1,11,Married,2,Male,4,15,,14,Others,3,5,0,3,317
55084,0,8,Pad,2,18,Married,5,Male,3,2,12,9,Laptop & Accessory,6,4,0,1,170
55085,0,9,Mobile Phone,1,13,Married,4,Male,4,3,15,3,Mobile Phone,2,3,1,2,160
55086,0,16,Phone,1,14,Married,2,Female,4,2,17,1,Laptop & Accessory,8,4,1,1,149
55087,0,17,Mobile Phone,3,11,Single,5,Female,3,16,15,,Fashion,5,1,0,11,227
55088,0,13,Mobile Phone,1,9,Single,4,Female,3,6,12,13,Laptop & Accessory,11,4,1,5,179
55089,1,8,Mobile Phone,1,22,Married,4,Female,4,2,12,6,Fashion,3,1,0,1,205
55090,0,2,Pad,1,9,Married,5,Male,3,3,13,3,Mobile Phone,3,1,1,1,164
55091,0,25,Pad,1,13,Single,5,Female,3,8,15,8,Mobile Phone,2,3,0,4,153
55092,0,4,Pad,1,16,Single,4,Female,4,2,19,8,Laptop & Accessory,9,3,1,1,172
55093,1,1,Mobile Phone,1,14,Married,4,Female,3,8,14,8,Mobile Phone,5,3,1,5,158
55094,0,2,Phone,1,8,Single,4,Male,3,2,12,3,Mobile Phone,4,5,0,2,146
55095,0,1,Phone,1,8,Single,4,Female,3,3,19,2,Mobile Phone,3,4,0,2,146
55096,0,6,Mobile Phone,3,15,Married,2,Male,3,2,16,9,Laptop & Accessory,3,1,0,1,187
55097,0,19,Pad,1,32,Single,4,Female,3,2,,1,Others,5,4,0,1,306
55098,0,13,Mobile Phone,1,20,Married,5,Female,4,16,,3,Grocery,8,4,1,11,296
55099,0,31,Phone,1,30,Married,4,Male,3,3,13,3,Mobile Phone,3,3,0,2,149
55100,1,1,Mobile Phone,1,14,Married,4,Male,4,2,19,2,Laptop & Accessory,3,3,0,1,174
55101,1,3,Mobile Phone,1,30,Single,4,Male,4,2,14,4,Mobile Phone,2,5,0,1,164
55102,0,4,Mobile Phone,1,13,Married,5,Female,3,7,13,8,Laptop & Accessory,2,1,0,6,171
55103,0,13,Mobile Phone,1,17,Married,4,Female,4,2,13,8,Fashion,5,3,0,2,196
55104,0,23,Mobile Phone,2,8,Single,4,Female,3,6,13,8,Mobile Phone,8,5,0,3,159
55105,0,2,Pad,1,8,Married,6,Female,3,8,12,6,Laptop & Accessory,2,1,0,8,192
55106,0,24,Mobile Phone,1,35,Married,4,Female,3,2,,3,Grocery,6,5,1,1,294
55107,1,4,Mobile Phone,3,32,Single,5,Male,3,2,13,,Fashion,4,4,1,2,216
55108,1,16,Mobile Phone,3,12,Single,4,Male,4,8,20,,Fashion,11,4,1,8,209
55109,0,4,Mobile Phone,1,24,Married,4,Female,4,,24,9,Fashion,3,5,1,2,244
55110,0,13,Mobile Phone,1,25,Single,4,Male,3,2,12,8,Laptop & Accessory,2,3,0,2,170
55111,0,5,Pad,3,9,Married,4,Female,3,10,20,,Fashion,3,3,1,9,224
55112,0,15,Pad,3,17,Single,6,Male,3,12,14,10,Laptop & Accessory,3,4,0,4,187
55113,1,1,Pad,3,8,Single,4,Female,3,3,12,3,Mobile Phone,3,4,1,3,148
55114,1,8,Phone,1,10,Married,4,Male,3,2,13,3,Mobile Phone,6,5,0,2,149
55115,0,16,Pad,1,9,Married,4,Male,3,3,,11,Grocery,2,3,1,1,304
55116,0,29,Mobile Phone,1,9,Married,6,Female,3,10,,12,Others,6,3,0,5,317
55117,0,33,Mobile Phone,2,15,Single,4,Male,4,8,,8,Others,8,4,0,3,322
55118,0,14,Pad,1,23,Married,4,Male,4,2,17,1,Mobile Phone,11,3,0,2,160
55119,0,8,Mobile Phone,1,16,Married,4,Male,3,2,12,,Fashion,2,1,0,1,210
55120,0,14,Mobile Phone,1,9,Single,4,Male,4,9,14,9,Laptop & Accessory,3,1,0,4,172
55121,0,15,Pad,3,8,Married,4,Female,4,2,18,8,Laptop & Accessory,2,5,0,1,166
55122,0,9,Pad,1,11,Single,4,Male,3,2,12,2,Laptop & Accessory,3,3,1,2,167
55123,0,25,Mobile Phone,2,12,Married,4,Male,3,2,12,11,Grocery,3,4,1,,265
55124,0,12,Mobile Phone,3,9,Married,4,Female,3,2,16,8,Laptop & Accessory,5,5,0,1,194
55125,0,8,Mobile Phone,3,22,Single,4,Female,4,10,13,7,Laptop & Accessory,3,5,0,5,186
55126,0,1,Mobile Phone,1,26,Married,4,Male,4,2,12,3,Mobile Phone,5,1,0,1,162
55127,1,21,Mobile Phone,1,14,Married,5,Female,3,6,15,,Fashion,9,5,1,2,225
55128,0,14,Phone,1,8,Married,4,Male,3,2,23,4,Mobile Phone,5,4,0,2,149
55129,0,13,Pad,3,14,Married,2,Female,3,7,17,14,Laptop & Accessory,4,5,0,6,171
55130,0,22,Mobile Phone,1,11,Single,4,Male,3,2,12,9,Fashion,3,1,0,2,204
55131,0,1,Mobile Phone,3,18,Married,2,Female,4,2,15,1,Mobile Phone,10,1,0,1,150
55132,0,25,Mobile Phone,1,18,Single,5,Female,3,,17,4,Grocery,5,4,0,1,256
55133,0,1,Pad,1,8,Single,4,Female,4,2,16,1,Mobile Phone,3,1,0,2,141
55134,0,9,Mobile Phone,1,8,Married,5,Female,3,2,13,1,Laptop & Accessory,2,1,0,1,179
55135,0,1,Pad,3,9,Single,6,Male,3,2,21,1,Laptop & Accessory,5,1,0,1,176
55136,1,19,Mobile Phone,3,20,Single,2,Male,3,4,18,9,Grocery,8,3,1,,262
55137,0,33,Mobile Phone,1,30,Married,4,Male,4,,13,10,Grocery,6,4,1,14,259
55138,0,8,Pad,1,33,Married,5,Female,4,2,21,1,Mobile Phone,3,3,0,2,145
55139,0,14,Mobile Phone,1,9,Married,2,Female,3,12,21,9,Laptop & Accessory,7,3,0,7,189
55140,0,8,Mobile Phone,1,36,Married,4,Male,3,8,14,8,Laptop & Accessory,6,3,0,6,179
55141,1,1,Pad,3,9,Single,5,Female,3,2,15,1,Mobile Phone,9,1,0,1,153
55142,1,1,Pad,3,25,Married,4,Female,4,4,19,3,Laptop & Accessory,2,3,1,1,171
55143,0,12,Pad,1,14,Married,2,Male,3,2,12,4,Mobile Phone,3,3,0,1,151
55144,0,8,Mobile Phone,1,9,Single,4,Female,4,5,12,12,Laptop & Accessory,3,1,0,5,192
55145,0,2,Mobile Phone,3,33,Married,5,Male,3,2,12,5,Laptop & Accessory,3,5,0,2,172
55146,1,1,Mobile Phone,1,29,Married,4,Male,4,7,16,8,Laptop & Accessory,3,3,1,6,187
55147,0,13,Mobile Phone,3,28,Married,5,Male,3,2,13,5,Laptop & Accessory,5,1,1,1,186
55148,0,25,Pad,3,9,Married,4,Male,3,4,12,,Fashion,4,4,0,4,231
55149,0,15,Pad,1,29,Married,4,Female,4,4,15,4,Laptop & Accessory,5,1,1,3,180
55150,0,11,Mobile Phone,1,11,Married,4,Male,3,2,16,4,Mobile Phone,9,3,1,2,155
55151,0,7,Pad,3,12,Married,4,Male,4,2,14,,Laptop & Accessory,8,1,0,2,225
55152,0,6,Mobile Phone,3,9,Married,4,Male,3,2,14,3,Laptop & Accessory,2,4,1,2,166
55153,0,13,Pad,1,32,Married,4,Male,4,,22,6,Fashion,5,3,0,1,234
55154,0,1,Mobile Phone,3,25,Married,2,Male,4,2,12,3,Laptop & Accessory,4,3,0,2,187
55155,0,26,Pad,1,35,Married,2,Female,3,,12,3,Grocery,4,3,1,2,257
55156,0,17,Mobile Phone,1,13,Single,5,Female,4,2,15,9,Laptop & Accessory,3,3,1,1,166
55157,0,1,Mobile Phone,3,17,Married,5,Female,4,5,12,5,Laptop & Accessory,3,1,1,2,183
55158,1,1,Phone,1,24,Single,4,Female,3,8,14,8,Mobile Phone,3,3,1,5,149
55159,0,1,Mobile Phone,1,9,Single,5,Male,3,2,13,2,Mobile Phone,2,1,0,2,164
55160,0,16,Mobile Phone,2,17,Married,4,Female,3,2,,10,Grocery,2,5,0,1,293
55161,0,26,Mobile Phone,1,15,Married,4,Female,3,2,14,5,Mobile Phone,11,5,0,2,155
55162,0,11,Mobile Phone,1,18,Single,4,Female,4,2,19,3,Mobile Phone,6,3,0,2,161
55163,0,9,Pad,1,25,Single,4,Male,3,3,12,,Fashion,4,1,0,3,219
55164,0,1,Mobile Phone,1,8,Married,4,Male,3,2,12,3,Mobile Phone,6,1,0,1,157
55165,0,1,Mobile Phone,1,14,Single,2,Male,4,2,13,8,Mobile Phone,2,5,0,1,161
55166,0,3,Mobile Phone,2,24,Single,5,Male,3,2,14,10,Fashion,3,5,0,1,205
55167,1,13,Pad,1,35,Single,5,Male,4,2,21,4,Laptop & Accessory,5,5,0,1,168
55168,1,1,Pad,1,21,Single,4,Female,3,8,13,8,Fashion,2,1,1,5,201
55169,0,28,Mobile Phone,1,8,Single,4,Female,3,13,,8,Grocery,8,1,0,7,298
55170,0,31,Mobile Phone,1,8,Married,4,Female,4,2,,6,Others,5,5,1,2,322
55171,0,29,Mobile Phone,1,8,Married,2,Male,3,2,14,1,Grocery,4,1,0,,272
55172,0,13,Mobile Phone,3,10,Single,4,Female,4,2,17,,Laptop & Accessory,5,4,1,1,218
55173,1,1,Pad,3,8,Single,6,Female,3,2,13,1,Mobile Phone,3,3,0,1,139
55174,0,4,Mobile Phone,3,14,Married,4,Female,4,2,15,3,Laptop & Accessory,9,5,0,2,173
55175,0,5,Mobile Phone,1,15,Single,4,Female,4,2,12,1,Grocery,5,4,0,,289
55176,0,8,Pad,1,8,Married,4,Male,4,2,15,4,Mobile Phone,7,5,0,2,155
55177,1,1,Phone,1,15,Single,5,Female,3,2,13,1,Mobile Phone,3,4,0,1,138
55178,0,1,Phone,1,18,Married,4,Male,4,2,15,5,Mobile Phone,2,5,0,2,146
55179,0,13,Mobile Phone,1,11,Single,5,Male,3,2,17,9,Laptop & Accessory,3,1,0,1,183
55180,0,13,Mobile Phone,3,23,Married,5,Female,4,2,14,3,Laptop & Accessory,6,5,0,2,181
55181,0,21,Mobile Phone,1,8,Married,4,Male,4,2,13,3,Mobile Phone,9,1,0,2,159
55182,1,1,Mobile Phone,3,16,Married,5,Male,4,3,13,3,Mobile Phone,5,5,0,3,169
55183,0,11,Pad,1,12,Single,2,Male,3,2,15,4,Mobile Phone,2,3,0,1,160
55184,0,33,Phone,1,8,Married,4,Female,3,2,23,1,Mobile Phone,4,5,0,1,146
55185,0,21,Mobile Phone,1,9,Married,4,Female,3,6,,7,Grocery,5,3,0,3,297
55186,0,1,Mobile Phone,3,11,Married,4,Female,3,2,13,4,Laptop & Accessory,3,3,1,2,167
55187,0,6,Mobile Phone,3,14,Married,4,Male,4,2,13,,Laptop & Accessory,6,1,0,1,217
55188,0,8,Mobile Phone,1,8,Married,5,Female,3,2,18,3,Mobile Phone,7,4,0,2,158
55189,0,15,Phone,1,12,Married,2,Male,3,2,13,4,Mobile Phone,4,3,1,1,146
55190,0,14,Pad,1,16,Married,4,Male,3,2,12,8,Laptop & Accessory,5,3,0,1,165
55191,0,5,Mobile Phone,3,15,Married,4,Male,3,,19,10,Fashion,3,1,0,3,233
55192,1,13,Mobile Phone,3,16,Married,4,Male,3,5,12,,Fashion,6,1,0,5,226
55193,1,3,Pad,1,9,Single,5,Female,3,2,24,1,Mobile Phone,4,5,1,1,161
55194,1,1,Pad,1,8,Single,2,Female,4,5,12,8,Fashion,3,4,0,2,199
55195,0,19,Mobile Phone,1,27,Married,6,Male,4,,19,8,Fashion,4,5,1,2,234
55196,0,5,Phone,2,15,Single,2,Female,4,2,19,3,Mobile Phone,11,4,0,2,146
55197,1,1,Pad,1,9,Married,4,Male,4,3,14,3,Mobile Phone,8,1,1,1,162
55198,0,19,Mobile Phone,1,36,Married,4,Male,3,2,19,,Fashion,6,1,1,2,219
55199,0,22,Mobile Phone,3,14,Married,4,Male,4,3,12,3,Laptop & Accessory,6,5,0,1,180
55200,1,1,Mobile Phone,2,16,Married,4,Female,3,3,16,3,Mobile Phone,3,3,0,3,152
55201,0,14,Pad,1,15,Married,5,Male,3,5,12,9,Fashion,4,4,0,,263
55202,0,2,Mobile Phone,3,12,Single,4,Male,3,2,19,,Laptop & Accessory,2,5,0,1,210
55203,0,18,Pad,1,12,Single,5,Male,3,2,15,4,Mobile Phone,5,3,0,1,157
55204,0,27,Mobile Phone,1,9,Single,2,Male,3,9,13,9,Grocery,6,4,0,,291
55205,0,23,Mobile Phone,1,12,Married,4,Male,4,2,15,3,Laptop & Accessory,4,3,0,1,192
55206,0,14,Phone,1,9,Married,4,Male,4,2,15,3,Mobile Phone,4,3,0,2,148
55207,0,18,Mobile Phone,1,27,Single,4,Male,3,2,14,4,Mobile Phone,3,4,0,2,159
55208,0,7,Pad,3,14,Married,4,Male,3,2,15,4,Laptop & Accessory,2,5,0,2,169
55209,0,8,Mobile Phone,3,10,Single,6,Male,3,4,19,13,Laptop & Accessory,5,5,0,3,173
55210,0,4,Mobile Phone,3,23,Married,4,Male,4,3,16,3,Laptop & Accessory,10,3,0,2,178
55211,0,16,Pad,1,16,Single,4,Female,4,6,14,9,Mobile Phone,3,1,0,1,162
55212,0,18,Pad,3,8,Married,4,Female,4,2,13,1,Laptop & Accessory,9,3,0,1,173
55213,0,4,Pad,1,14,Married,4,Male,4,2,14,1,Mobile Phone,3,3,0,1,138
55214,0,31,Mobile Phone,1,8,Married,2,Male,4,3,25,9,Laptop & Accessory,2,3,0,2,174
55215,0,23,Mobile Phone,1,14,Married,4,Male,3,2,15,,Fashion,5,4,0,1,230
55216,0,8,Pad,1,22,Married,4,Male,4,7,,10,Grocery,9,5,0,3,295
55217,1,1,Pad,3,8,Married,4,Male,4,2,16,3,Mobile Phone,5,3,0,2,154
55218,1,1,Pad,3,20,Single,4,Female,3,2,12,1,Laptop & Accessory,7,4,0,2,183
55219,1,1,Mobile Phone,3,31,Single,5,Female,3,11,24,11,Laptop & Accessory,2,4,1,5,171
55220,0,9,Phone,3,14,Married,4,Male,4,2,14,1,Mobile Phone,3,3,0,1,149
55221,1,1,Pad,1,16,Single,4,Male,3,2,12,1,Mobile Phone,4,5,1,1,157
55222,0,1,Pad,3,20,Married,4,Female,4,2,14,1,Mobile Phone,3,4,0,1,145
55223,0,18,Pad,1,9,Single,4,Male,3,3,19,,Fashion,7,3,1,3,227
55224,0,3,Mobile Phone,3,26,Married,5,Male,4,2,15,,Laptop & Accessory,3,3,0,2,211
55225,0,4,Phone,2,8,Married,4,Male,3,2,22,4,Mobile Phone,2,3,0,1,146
55226,0,29,Mobile Phone,1,11,Married,4,Male,2,2,17,3,Laptop & Accessory,2,3,1,2,165
55227,0,7,Mobile Phone,1,11,Married,5,Female,3,2,12,3,Mobile Phone,10,4,0,2,163
55228,0,21,Mobile Phone,3,21,Married,4,Female,4,2,18,3,Laptop & Accessory,5,3,1,2,171
55229,1,1,Pad,1,9,Single,5,Male,3,2,12,1,Mobile Phone,9,5,0,2,151
55230,0,2,Phone,1,8,Married,5,Male,4,2,15,1,Mobile Phone,3,3,0,1,141
55231,0,2,Pad,3,14,Single,4,Male,3,2,15,4,Laptop & Accessory,2,5,0,2,174
55232,0,23,Mobile Phone,1,10,Married,5,Female,3,2,26,3,Laptop & Accessory,6,5,0,1,173
55233,0,3,Pad,1,9,Married,4,Female,4,2,14,3,Mobile Phone,2,4,0,2,157
55234,0,2,Mobile Phone,1,36,Married,6,Male,4,2,15,8,Laptop & Accessory,3,4,0,1,190
55235,0,7,Mobile Phone,1,15,Single,4,Male,4,2,18,1,Laptop & Accessory,4,3,1,2,189
55236,0,6,Mobile Phone,1,17,Single,4,Male,4,,26,1,Fashion,4,1,0,1,237
55237,0,28,Pad,1,18,Married,4,Female,3,2,21,13,Grocery,5,1,0,,285
55238,1,1,Phone,1,8,Single,5,Male,4,2,14,8,Mobile Phone,8,5,0,2,149
55239,0,18,Mobile Phone,1,35,Married,4,Male,3,15,14,18,Grocery,5,5,0,,288
55240,0,13,Mobile Phone,1,13,Single,4,Female,3,3,19,3,Fashion,6,4,0,3,209
55241,0,23,Mobile Phone,3,10,Married,4,Female,3,6,13,2,Grocery,10,4,0,,291
55242,0,9,Mobile Phone,1,23,Single,5,Female,4,4,20,,Fashion,3,4,0,4,211
55243,0,1,Phone,1,27,Single,4,Male,4,2,15,3,Laptop & Accessory,2,3,0,2,148
55244,1,4,Phone,1,16,Single,4,Male,3,2,15,1,Mobile Phone,5,5,0,2,145
55245,0,8,Mobile Phone,3,8,Married,5,Male,4,9,15,7,Fashion,3,3,1,8,196
55246,1,1,Pad,1,10,Single,4,Female,3,8,13,8,Mobile Phone,3,3,0,3,166
55247,0,24,Pad,1,29,Single,6,Male,3,14,14,10,Grocery,3,1,1,,269
55248,0,8,Phone,3,14,Married,4,Male,3,6,26,8,Mobile Phone,2,3,1,4,148
55249,0,16,Mobile Phone,1,9,Married,5,Male,4,2,15,1,Mobile Phone,6,4,0,1,173
55250,0,11,Mobile Phone,1,20,Married,4,Male,3,4,18,8,Laptop & Accessory,3,1,0,3,168
55251,0,3,Mobile Phone,1,15,Married,6,Female,3,2,14,,Laptop & Accessory,5,5,0,2,222
55252,0,7,Mobile Phone,1,32,Single,5,Male,3,2,14,3,Laptop & Accessory,3,4,0,2,168
55253,0,19,Phone,1,35,Married,4,Male,4,2,21,4,Mobile Phone,6,1,0,2,146
55254,0,16,Pad,1,9,Married,4,Male,3,14,15,,Fashion,4,1,1,5,226
55255,0,14,Mobile Phone,3,16,Married,4,Male,3,8,13,2,Laptop & Accessory,2,5,0,8,180
55256,0,7,Mobile Phone,1,35,Married,4,Male,4,6,13,8,Laptop & Accessory,3,3,1,5,177
55257,0,14,Mobile Phone,2,13,Single,4,Male,3,8,22,8,Grocery,3,1,1,,289
55258,0,1,Phone,1,28,Married,5,Male,3,2,15,1,Mobile Phone,2,5,0,1,148
55259,0,14,Pad,1,15,Married,4,Male,4,3,19,3,Laptop & Accessory,5,1,1,2,166
55260,0,19,Mobile Phone,1,8,Married,4,Male,4,8,13,8,Fashion,3,4,0,4,199
55261,0,9,Phone,3,35,Married,5,Female,4,5,24,3,Mobile Phone,2,3,0,3,149
55262,0,6,Mobile Phone,1,12,Married,5,Female,4,3,13,6,Laptop & Accessory,5,4,0,2,184
55263,0,13,Mobile Phone,3,9,Single,4,Male,4,2,22,3,Mobile Phone,5,1,1,2,151
55264,0,22,Mobile Phone,3,23,Married,4,Female,4,8,15,8,Laptop & Accessory,10,3,0,8,189
55265,0,3,Mobile Phone,1,16,Married,2,Male,4,2,19,1,Mobile Phone,8,3,0,1,150
55266,0,7,Mobile Phone,3,15,Married,4,Male,3,3,14,3,Laptop & Accessory,4,5,0,3,189
55267,1,1,Mobile Phone,3,8,Married,5,Male,4,7,12,,Laptop & Accessory,3,5,0,2,222
55268,0,12,Pad,2,17,Married,4,Male,4,2,12,3,Laptop & Accessory,5,3,0,1,186
55269,0,9,Phone,1,8,Single,5,Male,4,2,20,3,Mobile Phone,3,5,0,2,150
55270,0,8,Mobile Phone,3,36,Married,4,Male,3,2,13,,Fashion,5,4,0,2,218
55271,1,1,Phone,1,9,Married,4,Female,4,2,13,1,Mobile Phone,3,5,1,2,146
55272,1,17,Mobile Phone,1,9,Married,5,Female,4,2,17,,Fashion,2,1,0,1,227
55273,1,2,Mobile Phone,1,9,Married,4,Male,3,2,12,5,Laptop & Accessory,6,4,0,2,174
55274,0,6,Pad,1,8,Married,4,Male,4,2,15,3,Laptop & Accessory,6,5,0,1,166
55275,0,22,Phone,1,22,Married,4,Female,4,8,13,7,Mobile Phone,10,5,0,7,149
55276,0,8,Mobile Phone,1,14,Single,4,Male,3,2,14,1,Mobile Phone,3,1,0,1,155
55277,0,29,Mobile Phone,3,33,Married,5,Male,3,3,,14,Others,3,1,0,1,321
55278,0,8,Mobile Phone,1,8,Married,4,Male,3,3,18,2,Laptop & Accessory,11,1,0,1,180
55279,0,1,Phone,1,10,Married,4,Female,3,2,22,1,Mobile Phone,3,1,0,2,146
55280,0,12,Mobile Phone,3,21,Married,4,Male,4,8,12,,Laptop & Accessory,2,4,0,4,224
55281,0,12,Mobile Phone,3,23,Single,4,Female,3,2,13,3,Laptop & Accessory,4,4,0,2,167
55282,0,13,Mobile Phone,3,8,Single,4,Female,4,2,14,1,Laptop & Accessory,8,3,0,2,193
55283,0,3,Mobile Phone,1,10,Single,4,Male,3,2,19,6,Mobile Phone,3,5,1,1,172
55284,0,9,Mobile Phone,1,17,Single,4,Female,3,2,17,5,Laptop & Accessory,5,3,1,1,186
55285,0,13,Mobile Phone,3,13,Married,2,Male,3,8,12,7,Fashion,4,3,0,4,207
55286,0,3,Pad,1,9,Married,4,Male,3,2,20,,Laptop & Accessory,3,1,0,2,214
55287,0,24,Mobile Phone,3,16,Married,4,Male,3,2,,1,Others,6,3,1,1,318
55288,0,1,Phone,1,17,Married,2,Male,3,3,17,3,Mobile Phone,4,3,0,1,146
55289,0,13,Pad,1,13,Married,2,Male,4,2,14,3,Laptop & Accessory,5,5,1,1,181
55290,0,16,Mobile Phone,1,16,Single,5,Male,4,2,,2,Others,10,1,0,2,321
55291,0,9,Mobile Phone,1,35,Married,2,Male,3,7,18,9,Laptop & Accessory,3,3,0,7,159
55292,0,8,Pad,1,17,Married,5,Male,4,8,15,8,Laptop & Accessory,3,3,0,2,176
55293,0,14,Mobile Phone,3,21,Married,4,Female,3,2,16,3,Laptop & Accessory,3,5,0,1,171
55294,0,17,Mobile Phone,1,34,Married,2,Male,3,2,13,3,Mobile Phone,7,4,0,2,174
55295,0,9,Mobile Phone,1,14,Married,5,Male,4,2,19,2,Mobile Phone,3,1,0,2,152
55296,0,23,Mobile Phone,3,8,Single,2,Male,3,2,,13,Grocery,3,5,0,1,301
55297,1,1,Phone,1,31,Married,4,Male,3,2,18,1,Mobile Phone,3,4,1,1,149
55298,0,1,Pad,1,33,Married,5,Female,3,2,15,4,Mobile Phone,3,3,1,2,153
55299,0,24,Pad,1,27,Married,4,Male,3,,16,14,Grocery,4,3,1,1,237
55300,0,6,Mobile Phone,1,12,Married,2,Female,3,2,18,3,Mobile Phone,5,1,0,2,158
55301,0,18,Mobile Phone,1,14,Married,4,Female,3,2,,11,Others,2,1,1,1,315
55302,0,4,Phone,1,14,Married,5,Male,3,2,13,2,Mobile Phone,3,4,0,2,146
55303,0,19,Mobile Phone,1,12,Single,6,Female,3,2,15,5,Laptop & Accessory,3,5,1,1,183
55304,0,19,Pad,3,33,Married,5,Male,3,5,16,6,Laptop & Accessory,3,5,0,4,169
55305,0,5,Pad,3,9,Single,4,Male,3,2,14,4,Laptop & Accessory,9,5,0,2,178
55306,0,13,Mobile Phone,1,19,Married,4,Female,4,2,13,2,Laptop & Accessory,11,3,1,1,172
55307,0,8,Pad,1,17,Married,2,Male,3,8,14,3,Laptop & Accessory,3,1,0,4,172
55308,0,23,Mobile Phone,1,32,Married,4,Female,3,2,15,5,Mobile Phone,3,5,0,2,157
55309,0,13,Mobile Phone,1,17,Married,4,Male,4,8,14,8,Laptop & Accessory,4,5,0,4,179
55310,0,1,Mobile Phone,1,26,Married,5,Male,4,2,12,8,Mobile Phone,3,5,0,1,166
55311,0,9,Mobile Phone,1,25,Married,2,Male,3,2,12,11,Laptop & Accessory,3,5,0,2,177
55312,0,2,Mobile Phone,1,34,Married,6,Female,3,2,22,1,Laptop & Accessory,2,5,0,2,174
55313,0,1,Mobile Phone,1,12,Single,4,Male,4,3,19,3,Mobile Phone,3,1,0,1,156
55314,1,1,Pad,3,10,Single,4,Female,4,2,13,1,Mobile Phone,3,1,1,2,141
55315,0,21,Mobile Phone,2,33,Married,4,Female,4,2,,1,Others,5,3,0,2,322
55316,0,13,Mobile Phone,1,10,Married,5,Male,4,2,16,8,Laptop & Accessory,2,3,0,1,156
55317,0,14,Mobile Phone,1,22,Married,5,Female,4,15,14,,Fashion,3,3,0,7,229
55318,0,9,Pad,1,15,Married,4,Female,3,3,13,10,Laptop & Accessory,3,3,0,1,166
55319,0,11,Mobile Phone,1,26,Married,4,Male,3,2,18,3,Laptop & Accessory,5,3,0,1,183
55320,0,13,Pad,1,11,Single,4,Female,3,4,14,9,Laptop & Accessory,2,3,0,4,175
55321,0,19,Mobile Phone,1,9,Married,5,Female,3,4,20,10,Laptop & Accessory,3,1,0,4,183
55322,0,12,Mobile Phone,1,9,Married,5,Female,3,2,20,3,Fashion,5,3,1,1,203
55323,1,1,Mobile Phone,3,17,Married,5,Male,3,7,18,,Fashion,11,5,0,1,228
55324,0,11,Mobile Phone,1,17,Married,4,Female,4,8,12,8,Mobile Phone,3,4,0,5,164
55325,0,14,Mobile Phone,1,23,Single,4,Female,3,4,16,4,Fashion,8,1,1,4,204
55326,0,18,Pad,2,8,Married,4,Male,3,2,12,3,Laptop & Accessory,6,1,1,2,182
55327,0,22,Pad,1,11,Married,5,Male,3,3,26,3,Grocery,4,1,0,,277
55328,1,1,Mobile Phone,3,22,Married,6,Male,3,3,15,3,Laptop & Accessory,8,1,1,1,179
55329,0,1,Pad,1,9,Single,4,Female,3,2,14,4,Mobile Phone,3,1,1,1,163
55330,0,1,Mobile Phone,1,15,Married,2,Female,3,2,18,3,Mobile Phone,9,3,0,1,160
55331,0,1,Pad,1,9,Single,4,Male,3,2,14,3,Mobile Phone,4,1,0,1,151
55332,1,4,Phone,1,14,Single,4,Male,4,2,15,4,Mobile Phone,5,5,1,1,147
55333,0,3,Mobile Phone,3,17,Single,5,Male,3,2,12,5,Laptop & Accessory,11,3,0,2,184
55334,0,13,Mobile Phone,1,12,Married,4,Female,3,2,13,3,Fashion,6,5,0,2,205
55335,0,1,Pad,1,9,Married,2,Male,4,2,18,8,Laptop & Accessory,3,3,0,2,177
55336,0,13,Mobile Phone,1,19,Married,4,Male,4,2,22,1,Laptop & Accessory,6,4,0,2,178
55337,0,23,Mobile Phone,1,29,Married,4,Female,4,2,17,3,Grocery,5,4,0,,289
55338,0,24,Mobile Phone,1,24,Married,5,Female,3,,16,12,Fashion,7,5,0,1,258
55339,0,1,Mobile Phone,3,9,Single,4,Female,3,3,20,3,Mobile Phone,3,3,0,1,153
55340,0,8,Mobile Phone,1,10,Married,4,Female,4,8,13,10,Laptop & Accessory,3,4,0,2,179
55341,0,13,Phone,1,14,Single,4,Male,4,2,12,4,Mobile Phone,4,4,0,1,145
55342,0,23,Mobile Phone,1,13,Married,5,Female,3,3,20,13,Grocery,4,3,1,,265
55343,0,13,Pad,1,8,Married,5,Female,3,2,16,3,Laptop & Accessory,2,3,0,1,169
55344,0,13,Mobile Phone,1,10,Married,2,Male,4,2,21,5,Laptop & Accessory,8,5,0,1,193
55345,0,28,Mobile Phone,1,29,Married,4,Female,4,5,,8,Grocery,5,3,0,4,299
55346,0,17,Mobile Phone,1,22,Married,5,Male,4,7,,12,Grocery,3,3,0,3,301
55347,1,1,Pad,3,19,Single,4,Male,3,7,25,8,Laptop & Accessory,5,1,1,6,171
55348,0,12,Pad,1,8,Married,4,Male,3,3,16,10,Laptop & Accessory,9,1,0,2,172
55349,0,3,Mobile Phone,3,12,Married,5,Male,3,2,14,10,Laptop & Accessory,3,4,1,1,167
55350,0,7,Mobile Phone,3,9,Married,4,Male,4,2,15,5,Laptop & Accessory,3,1,0,2,180
55351,0,6,Mobile Phone,1,9,Married,4,Male,3,2,14,7,Laptop & Accessory,2,4,0,2,180
55352,0,5,Mobile Phone,3,12,Married,4,Female,4,2,12,3,Laptop & Accessory,3,1,0,1,180
55353,0,23,Mobile Phone,1,23,Married,4,Female,4,3,17,3,Mobile Phone,6,5,1,1,151
55354,0,12,Pad,1,9,Single,5,Female,3,4,23,4,Mobile Phone,3,4,0,1,149
55355,0,21,Mobile Phone,3,9,Married,2,Female,3,2,15,3,Grocery,8,4,0,,285
55356,0,23,Mobile Phone,1,8,Single,4,Male,3,2,15,1,Grocery,6,3,0,,279
55357,0,15,Mobile Phone,3,30,Single,4,Male,4,2,17,3,Fashion,5,3,1,1,196
55358,0,1,Mobile Phone,3,16,Single,4,Male,3,2,12,3,Mobile Phone,3,5,0,1,152
55359,0,7,Pad,3,23,Married,4,Female,3,2,26,3,Laptop & Accessory,3,1,1,1,179
55360,0,13,Mobile Phone,1,33,Married,4,Male,4,2,15,3,Laptop & Accessory,8,3,0,2,178
55361,0,18,Mobile Phone,2,8,Married,4,Female,3,3,19,3,Mobile Phone,6,1,1,3,157
55362,1,1,Mobile Phone,1,15,Single,5,Male,4,2,12,3,Mobile Phone,3,3,1,2,165
55363,0,12,Mobile Phone,1,11,Married,4,Female,3,2,20,1,Mobile Phone,9,3,0,1,158
55364,0,27,Mobile Phone,1,31,Married,2,Male,3,2,16,3,Fashion,5,1,0,1,195
55365,1,12,Pad,3,14,Married,4,Female,4,8,12,8,Mobile Phone,4,3,1,2,152
55366,1,1,Phone,1,9,Single,4,Male,4,2,13,1,Mobile Phone,3,4,0,1,139
55367,0,1,Pad,1,14,Single,4,Male,4,6,21,8,Mobile Phone,3,1,0,1,151
55368,0,29,Mobile Phone,1,29,Married,5,Male,4,2,13,3,Mobile Phone,7,4,0,2,160
55369,0,8,Mobile Phone,1,12,Married,5,Male,3,5,15,14,Laptop & Accessory,3,1,0,1,165
55370,0,31,Mobile Phone,1,8,Married,6,Male,4,,21,1,Fashion,5,1,0,2,234
55371,0,7,Phone,1,28,Married,2,Male,4,3,19,14,Mobile Phone,3,4,0,1,145
55372,0,11,Pad,3,8,Married,6,Male,3,2,15,,Laptop & Accessory,3,1,0,2,220
55373,0,8,Mobile Phone,1,26,Married,5,Female,3,9,13,8,Mobile Phone,3,1,0,2,154
55374,1,1,Phone,3,14,Married,4,Male,4,2,22,3,Mobile Phone,3,1,1,2,148
55375,0,18,Mobile Phone,1,9,Married,2,Female,4,7,20,8,Fashion,3,1,1,2,204
55376,0,9,Pad,1,9,Single,5,Male,4,2,15,5,Mobile Phone,2,1,1,2,174
55377,0,17,Mobile Phone,3,9,Married,4,Male,4,9,18,9,Laptop & Accessory,3,1,1,4,203
55378,0,1,Mobile Phone,1,16,Married,2,Male,4,2,17,5,Mobile Phone,3,3,0,1,169
55379,0,15,Mobile Phone,3,13,Single,4,Male,3,9,13,,Fashion,3,3,0,4,217
55380,0,3,Mobile Phone,1,16,Married,4,Female,3,2,18,3,Mobile Phone,11,3,0,1,155
55381,0,13,Mobile Phone,3,9,Single,4,Female,3,7,16,8,Laptop & Accessory,5,1,0,7,170
55382,0,19,Pad,1,8,Married,5,Male,4,,24,5,Fashion,5,3,0,5,232
55383,1,1,Phone,2,29,Married,6,Male,3,2,12,1,Mobile Phone,3,3,0,1,141
55384,1,11,Pad,3,16,Married,6,Male,3,,12,11,Grocery,9,3,0,7,254
55385,0,1,Phone,1,24,Married,6,Male,4,2,16,3,Mobile Phone,3,3,0,2,148
55386,0,19,Mobile Phone,1,35,Single,5,Female,3,9,,7,Grocery,3,4,0,7,292
55387,0,6,Pad,1,17,Married,4,Male,3,2,14,4,Mobile Phone,8,3,0,1,159
55388,0,5,Mobile Phone,1,9,Married,4,Male,4,2,15,4,Mobile Phone,3,3,0,2,160
55389,0,15,Pad,2,11,Married,6,Male,3,2,20,3,Laptop & Accessory,8,4,0,1,189
55390,0,14,Mobile Phone,1,15,Married,4,Female,4,2,17,1,Laptop & Accessory,4,5,1,2,190
55391,0,1,Mobile Phone,1,36,Married,4,Male,4,2,14,3,Mobile Phone,3,5,0,2,164
55392,0,23,Mobile Phone,1,20,Single,4,Male,3,2,15,10,Laptop & Accessory,8,4,0,2,181
55393,0,9,Mobile Phone,1,34,Married,4,Male,3,2,17,8,Laptop & Accessory,4,3,0,2,194
55394,0,4,Mobile Phone,1,23,Married,4,Male,3,2,13,9,Mobile Phone,3,1,0,1,154
55395,0,21,Pad,3,9,Married,4,Male,3,2,12,1,Laptop & Accessory,9,4,0,1,175
55396,0,23,Mobile Phone,3,9,Married,4,Male,4,2,13,,Fashion,6,1,1,1,229
55397,1,1,Mobile Phone,3,20,Married,5,Male,4,3,14,3,Laptop & Accessory,7,5,1,2,186
55398,1,1,Mobile Phone,3,8,Single,6,Male,3,2,16,1,Laptop & Accessory,8,4,0,1,192
55399,0,1,Mobile Phone,1,11,Single,4,Female,3,2,14,3,Mobile Phone,3,4,0,1,158
55400,0,5,Pad,1,31,Single,4,Female,2,2,21,5,Laptop & Accessory,4,1,0,1,177
55401,0,13,Pad,1,8,Married,4,Male,4,6,16,9,Laptop & Accessory,3,1,1,1,190
55402,0,6,Mobile Phone,3,26,Married,6,Male,4,2,14,,Fashion,5,3,0,1,221
55403,0,14,Mobile Phone,3,14,Single,4,Male,3,13,15,9,Others,3,4,0,13,323
55404,0,19,Mobile Phone,2,11,Married,6,Female,3,2,22,,Fashion,6,3,0,2,223
55405,0,4,Pad,1,9,Single,5,Female,4,2,17,8,Mobile Phone,2,5,0,1,175
55406,0,1,Pad,2,17,Married,4,Male,3,3,15,2,Mobile Phone,2,1,0,1,146
55407,1,1,Pad,2,15,Married,5,Female,4,2,12,3,Mobile Phone,8,1,0,2,147
55408,0,5,Mobile Phone,3,12,Married,4,Male,3,2,20,3,Laptop & Accessory,3,3,0,2,208
55409,0,1,Mobile Phone,1,15,Single,4,Female,4,2,12,5,Mobile Phone,3,1,0,1,159
55410,1,1,Mobile Phone,3,16,Single,6,Female,3,3,14,3,Mobile Phone,3,4,0,3,153
55411,0,3,Pad,1,8,Single,2,Male,4,2,13,3,Laptop & Accessory,10,3,1,2,188
55412,0,4,Mobile Phone,3,22,Married,5,Male,4,2,12,8,Fashion,4,5,0,2,196
55413,0,8,Mobile Phone,1,9,Married,2,Male,4,2,15,3,Mobile Phone,2,1,1,2,154
55414,0,7,Pad,3,9,Single,4,Female,4,2,16,8,Laptop & Accessory,10,4,0,2,176
55415,0,23,Mobile Phone,3,18,Single,4,Female,4,2,13,5,Laptop & Accessory,5,1,0,1,170
55416,1,1,Mobile Phone,3,23,Single,4,Female,4,2,21,,Fashion,4,5,1,2,211
55417,0,12,Pad,1,9,Married,5,Female,4,2,15,6,Mobile Phone,6,4,0,1,150
55418,1,1,Mobile Phone,3,23,Married,4,Male,4,2,14,1,Fashion,4,3,0,1,207
55419,0,3,Phone,1,11,Married,5,Female,4,2,14,1,Mobile Phone,3,5,0,1,146
55420,0,4,Mobile Phone,1,23,Married,2,Male,3,2,17,8,Laptop & Accessory,5,3,0,2,178
55421,0,6,Pad,1,12,Single,4,Male,4,2,15,8,Mobile Phone,4,4,0,2,152
55422,0,12,Mobile Phone,1,25,Married,6,Male,3,2,17,1,Laptop & Accessory,5,1,1,1,183
55423,1,7,Pad,1,24,Married,5,Male,3,2,17,1,Mobile Phone,11,3,1,2,149
55424,0,16,Mobile Phone,1,19,Married,4,Male,3,2,23,5,Mobile Phone,10,4,0,2,153
55425,0,29,Mobile Phone,1,9,Married,5,Male,3,2,,1,Others,10,5,0,2,315
55426,0,7,Pad,1,11,Married,4,Male,3,2,16,8,Laptop & Accessory,7,4,0,1,156
55427,0,15,Phone,1,16,Married,4,Male,4,2,21,5,Mobile Phone,3,5,0,1,148
55428,0,8,Pad,3,17,Married,4,Male,3,2,15,8,Laptop & Accessory,3,3,1,2,165
55429,0,27,Pad,1,8,Married,5,Female,3,,21,3,Grocery,6,3,1,2,255
55430,0,17,Mobile Phone,2,9,Single,4,Male,4,2,14,9,Mobile Phone,2,1,0,2,160
55431,0,8,Mobile Phone,3,10,Single,6,Female,3,3,13,3,Laptop & Accessory,7,1,0,3,185
55432,1,1,Mobile Phone,3,14,Single,4,Male,3,2,14,1,Mobile Phone,3,4,0,1,152
55433,0,12,Mobile Phone,1,13,Married,5,Female,3,2,12,5,Mobile Phone,3,3,0,2,162
55434,1,1,Phone,1,15,Married,4,Female,4,2,18,1,Mobile Phone,3,5,1,1,149
55435,0,5,Mobile Phone,3,36,Married,5,Female,4,6,15,8,Laptop & Accessory,3,1,0,1,180
55436,0,25,Mobile Phone,1,10,Married,4,Female,3,,12,3,Fashion,4,3,0,3,256
55437,0,11,Mobile Phone,3,16,Married,5,Male,3,2,15,4,Laptop & Accessory,3,4,0,2,167
55438,0,23,Mobile Phone,1,9,Married,4,Male,3,3,,3,Others,9,1,1,3,318
55439,0,13,Mobile Phone,1,17,Married,4,Male,3,6,14,8,Fashion,9,5,1,3,208
55440,1,8,Pad,1,8,Married,4,Male,4,3,13,4,Mobile Phone,3,4,1,3,148
55441,0,11,Mobile Phone,2,15,Married,4,Male,3,5,14,8,Laptop & Accessory,4,4,0,4,166
55442,1,1,Mobile Phone,3,34,Single,4,Male,3,8,19,8,Laptop & Accessory,3,1,1,4,183
55443,0,7,Mobile Phone,1,15,Married,2,Male,3,8,20,7,Mobile Phone,8,5,0,4,156
55444,0,2,Phone,1,8,Married,4,Male,3,2,12,4,Mobile Phone,3,1,0,1,145
55445,0,13,Mobile Phone,1,17,Single,4,Male,4,,22,3,Fashion,9,3,0,3,260
55446,0,23,Pad,3,33,Single,5,Male,4,3,16,3,Laptop & Accessory,10,4,0,2,205
55447,0,14,Mobile Phone,1,9,Married,4,Female,4,2,18,3,Mobile Phone,6,5,0,2,159
55448,0,16,Mobile Phone,1,20,Married,2,Male,4,2,19,1,Laptop & Accessory,7,5,0,2,180
55449,0,9,Pad,1,9,Married,4,Male,3,2,15,8,Laptop & Accessory,4,1,0,2,183
55450,0,12,Pad,2,9,Married,4,Male,4,4,14,9,Mobile Phone,7,4,0,3,151
55451,1,1,Pad,1,16,Married,4,Male,4,2,18,8,Laptop & Accessory,6,5,0,1,178
55452,1,1,Mobile Phone,1,17,Single,4,Male,3,2,16,9,Laptop & Accessory,3,5,0,1,167
55453,0,13,Pad,3,27,Married,4,Male,3,3,19,3,Laptop & Accessory,4,1,0,2,166
55454,0,17,Pad,1,16,Single,4,Male,3,2,14,3,Mobile Phone,6,3,0,2,149
55455,0,15,Mobile Phone,1,12,Single,2,Male,3,2,13,3,Laptop & Accessory,5,4,0,1,194
55456,0,15,Mobile Phone,3,11,Married,4,Female,3,14,14,,Fashion,2,3,1,6,229
55457,0,4,Mobile Phone,1,17,Single,4,Female,4,2,15,,Fashion,11,3,0,1,222
55458,1,1,Phone,2,27,Married,4,Female,4,2,12,5,Mobile Phone,2,4,1,1,146
55459,1,13,Mobile Phone,1,28,Married,4,Female,4,4,23,,Laptop & Accessory,6,4,0,4,214
55460,0,14,Mobile Phone,1,8,Married,4,Female,3,2,18,4,Laptop & Accessory,6,1,0,1,190
55461,0,8,Mobile Phone,3,15,Married,2,Male,4,5,22,9,Laptop & Accessory,3,3,0,3,193
55462,0,31,Pad,3,9,Married,4,Male,3,15,23,15,Grocery,6,4,0,,288
55463,0,9,Mobile Phone,1,30,Married,6,Male,4,2,17,4,Mobile Phone,2,3,0,1,152
55464,0,21,Mobile Phone,1,11,Married,5,Female,4,15,13,,Fashion,10,4,1,6,228
55465,0,14,Mobile Phone,1,19,Married,4,Female,3,8,13,8,Laptop & Accessory,4,5,0,2,169
55466,0,28,Mobile Phone,1,14,Married,4,Female,4,2,16,8,Laptop & Accessory,6,1,0,2,194
55467,0,5,Pad,3,14,Married,4,Female,4,3,15,,Fashion,4,5,0,3,221
55468,0,2,Mobile Phone,1,8,Married,4,Female,4,2,26,3,Mobile Phone,3,5,0,2,161
55469,0,12,Mobile Phone,3,9,Married,6,Female,4,2,21,4,Laptop & Accessory,4,1,1,1,179
55470,0,1,Mobile Phone,3,17,Single,4,Male,3,2,14,3,Laptop & Accessory,3,1,0,2,172
55471,0,31,Pad,1,22,Married,4,Male,3,3,15,3,Grocery,4,3,1,,283
55472,0,1,Pad,1,21,Single,4,Female,3,2,17,1,Mobile Phone,3,3,0,2,140
55473,1,1,Mobile Phone,2,25,Married,2,Male,3,2,18,1,Mobile Phone,2,5,0,2,155
55474,1,1,Phone,2,20,Married,5,Male,3,3,16,1,Mobile Phone,6,5,1,3,148
55475,0,19,Pad,3,9,Married,4,Female,4,6,23,8,Laptop & Accessory,6,3,0,4,177
55476,0,13,Mobile Phone,1,9,Married,4,Female,4,2,23,1,Laptop & Accessory,6,4,1,2,195
55477,0,17,Pad,3,9,Married,4,Male,4,8,21,8,Laptop & Accessory,3,1,0,8,182
55478,0,1,Pad,1,12,Single,4,Female,3,2,15,3,Mobile Phone,2,1,1,2,149
55479,0,3,Pad,1,27,Married,4,Male,3,4,14,11,Mobile Phone,3,1,0,2,163
55480,0,6,Pad,3,17,Single,4,Male,4,2,14,1,Laptop & Accessory,10,1,0,1,171
55481,0,16,Pad,1,17,Married,4,Male,3,4,23,4,Mobile Phone,5,3,0,4,154
55482,0,21,Phone,1,16,Single,4,Female,4,3,13,1,Mobile Phone,6,3,0,1,146
55483,0,23,Mobile Phone,1,9,Married,4,Male,3,5,15,,Fashion,5,1,0,1,211
55484,0,2,Pad,2,8,Married,4,Male,3,3,16,3,Mobile Phone,3,1,0,2,152
55485,0,3,Mobile Phone,1,36,Married,6,Male,4,2,18,7,Laptop & Accessory,10,3,0,1,189
55486,0,16,Mobile Phone,1,15,Single,4,Male,3,2,14,1,Mobile Phone,6,3,0,2,165
55487,1,1,Mobile Phone,3,9,Single,5,Male,3,3,13,,Laptop & Accessory,9,4,1,2,224
55488,0,23,Mobile Phone,3,10,Married,2,Female,3,,13,9,Grocery,4,5,0,3,257
55489,0,1,Mobile Phone,3,30,Married,5,Female,3,6,22,9,Laptop & Accessory,3,3,0,4,160
55490,0,3,Mobile Phone,2,13,Married,5,Male,3,2,12,1,Mobile Phone,3,4,0,2,153
55491,0,17,Mobile Phone,1,13,Married,5,Female,3,7,,15,Others,9,3,0,7,319
55492,0,22,Mobile Phone,1,17,Married,5,Male,4,13,,10,Others,6,4,0,4,322
55493,1,1,Pad,1,31,Single,5,Male,4,2,25,1,Mobile Phone,3,1,1,2,149
55494,1,13,Mobile Phone,3,17,Married,4,Female,4,2,22,8,Fashion,7,4,0,2,198
55495,0,1,Pad,1,22,Married,5,Female,4,8,20,4,Mobile Phone,2,5,0,1,173
55496,0,13,Mobile Phone,1,26,Married,4,Male,3,3,15,3,Laptop & Accessory,10,1,0,1,164
55497,0,29,Mobile Phone,1,9,Married,5,Male,4,2,21,5,Mobile Phone,10,1,0,2,152
55498,0,2,Mobile Phone,3,10,Married,4,Female,4,2,20,1,Mobile Phone,3,4,0,2,154
55499,1,1,Phone,3,16,Single,4,Male,3,2,14,1,Mobile Phone,3,1,0,1,136
55500,1,1,Mobile Phone,1,14,Single,4,Male,4,2,24,1,Mobile Phone,3,4,1,2,150
55501,0,13,Mobile Phone,3,17,Married,5,Female,4,2,14,8,Laptop & Accessory,3,3,1,1,182
55502,0,5,Mobile Phone,1,27,Married,4,Male,3,2,12,3,Laptop & Accessory,3,3,0,1,167
55503,0,8,Mobile Phone,3,11,Married,4,Male,4,2,14,,Fashion,4,1,1,1,222
55504,0,3,Phone,1,14,Single,4,Male,3,2,15,3,Mobile Phone,5,5,0,1,146
55505,0,11,Mobile Phone,1,14,Married,4,Male,4,2,23,5,Laptop & Accessory,7,5,1,1,168
55506,0,9,Mobile Phone,1,23,Married,5,Female,3,2,12,3,Laptop & Accessory,2,4,1,1,173
55507,0,19,Mobile Phone,1,32,Married,5,Female,4,4,14,9,Laptop & Accessory,2,1,0,1,184
55508,0,13,Pad,2,9,Single,5,Male,4,2,22,9,Laptop & Accessory,3,1,0,2,164
55509,0,14,Mobile Phone,1,8,Married,4,Male,4,12,,17,Grocery,4,5,0,3,293
55510,0,1,Mobile Phone,1,8,Married,5,Female,3,2,14,1,Mobile Phone,3,3,1,1,154
55511,0,1,Mobile Phone,3,9,Single,2,Female,3,2,15,8,Laptop & Accessory,2,3,0,1,190
55512,0,22,Pad,1,29,Married,4,Female,3,5,,8,Grocery,5,1,0,2,297
55513,0,18,Mobile Phone,1,8,Married,2,Male,4,3,16,3,Laptop & Accessory,4,5,0,2,175
55514,1,1,Pad,1,23,Married,6,Male,3,4,24,1,Mobile Phone,3,5,1,1,148
55515,1,23,Mobile Phone,1,31,Single,4,Male,4,2,17,1,Mobile Phone,3,1,0,1,151
55516,0,13,Mobile Phone,3,24,Married,5,Male,3,2,17,4,Laptop & Accessory,4,4,0,2,180
55517,0,15,Mobile Phone,3,15,Married,4,Female,3,2,22,5,Laptop & Accessory,7,4,0,1,169
55518,0,16,Mobile Phone,1,13,Married,4,Male,3,,14,8,Fashion,11,5,0,6,258
55519,0,5,Mobile Phone,3,17,Married,4,Female,3,2,12,5,Laptop & Accessory,4,1,1,2,191
55520,0,8,Mobile Phone,3,10,Married,5,Female,4,2,13,2,Laptop & Accessory,5,1,1,1,206
55521,0,5,Mobile Phone,1,11,Married,2,Female,4,3,13,3,Mobile Phone,10,3,0,2,165
55522,0,1,Pad,1,13,Married,2,Male,4,8,19,8,Mobile Phone,2,1,0,3,150
55523,0,19,Pad,1,8,Single,4,Male,3,2,13,4,Laptop & Accessory,6,3,0,1,179
55524,0,7,Mobile Phone,3,17,Single,4,Male,3,2,15,10,Laptop & Accessory,3,3,0,1,180
55525,0,2,Pad,3,8,Married,5,Male,3,2,13,8,Laptop & Accessory,3,1,1,2,193
55526,1,1,Pad,3,31,Single,2,Male,3,2,18,1,Mobile Phone,3,5,0,1,136
55527,0,13,Pad,3,28,Married,6,Female,3,2,20,3,Laptop & Accessory,8,3,0,1,182
55528,0,1,Phone,1,9,Married,4,Male,3,2,12,3,Mobile Phone,3,4,0,1,147
55529,0,8,Pad,1,29,Married,5,Male,3,7,16,12,Laptop & Accessory,3,1,1,4,182
55530,1,1,Mobile Phone,3,20,Single,4,Female,3,3,12,,Laptop & Accessory,5,3,1,1,224
55531,0,21,Pad,1,21,Married,4,Male,4,2,19,8,Laptop & Accessory,10,4,0,1,180
55532,0,33,Mobile Phone,3,18,Married,5,Female,3,2,17,1,Laptop & Accessory,6,5,0,1,179
55533,0,13,Mobile Phone,1,16,Married,4,Male,3,8,26,10,Laptop & Accessory,3,5,0,1,177
55534,0,12,Pad,1,15,Married,5,Female,3,2,17,8,Laptop & Accessory,3,4,1,2,146
55535,0,61,Mobile Phone,3,28,Married,4,Female,4,2,,1,Grocery,6,1,1,1,304
55536,1,1,Pad,1,12,Single,2,Female,3,2,15,4,Mobile Phone,5,3,1,1,149
55537,0,12,Mobile Phone,1,16,Married,4,Male,4,2,20,4,Mobile Phone,4,1,0,1,173
55538,0,23,Pad,1,9,Married,4,Male,3,5,,4,Others,5,1,0,5,317
55539,0,16,Mobile Phone,3,19,Married,4,Male,4,2,13,1,Laptop & Accessory,5,1,1,2,176
55540,1,1,Pad,2,29,Married,5,Female,3,2,13,1,Mobile Phone,3,4,0,2,154
55541,0,9,Mobile Phone,3,25,Married,4,Male,4,2,17,5,Laptop & Accessory,2,5,0,2,181
55542,0,2,Pad,1,23,Single,4,Male,3,2,15,5,Mobile Phone,3,3,0,1,146
55543,0,5,Pad,1,10,Married,4,Male,3,3,14,4,Mobile Phone,3,5,1,3,156
55544,0,13,Pad,1,16,Married,2,Male,4,2,23,3,Mobile Phone,3,4,0,2,153
55545,0,8,Mobile Phone,3,8,Single,4,Male,3,3,22,,Fashion,3,1,0,3,224
55546,0,8,Mobile Phone,3,20,Married,4,Male,3,2,19,,Fashion,3,3,0,1,211
55547,0,1,Mobile Phone,1,8,Single,4,Male,4,8,14,7,Mobile Phone,2,5,0,8,154
55548,0,3,Mobile Phone,1,8,Married,4,Male,3,2,13,3,Laptop & Accessory,2,5,0,1,179
55549,0,6,Pad,1,22,Married,4,Female,3,2,19,3,Laptop & Accessory,7,1,0,1,192
55550,0,5,Pad,1,8,Married,6,Male,3,9,22,8,Laptop & Accessory,3,5,0,7,175
55551,1,1,Phone,1,24,Married,5,Male,3,2,13,4,Mobile Phone,7,1,0,2,149
55552,0,12,Mobile Phone,3,8,Single,5,Male,3,2,15,1,Mobile Phone,6,5,0,2,154
55553,0,9,Mobile Phone,3,14,Married,4,Female,3,2,12,10,Laptop & Accessory,3,1,1,2,177
55554,0,1,Mobile Phone,3,16,Single,4,Male,3,2,15,8,Laptop & Accessory,3,1,0,2,166
55555,0,6,Mobile Phone,1,12,Single,5,Male,3,2,25,,Laptop & Accessory,10,1,0,2,222
55556,1,1,Pad,3,33,Married,4,Male,4,2,12,9,Laptop & Accessory,3,1,1,1,181
55557,1,17,Mobile Phone,3,31,Single,4,Male,4,3,14,,Fashion,8,5,1,1,229
55558,0,28,Mobile Phone,1,16,Married,4,Female,4,3,12,4,Laptop & Accessory,5,3,0,2,154
55559,0,7,Pad,1,14,Married,4,Male,3,3,21,9,Laptop & Accessory,3,3,0,1,185
55560,0,17,Mobile Phone,1,18,Married,4,Male,2,2,18,10,Fashion,3,3,0,2,200
55561,0,12,Pad,2,8,Married,4,Male,3,2,12,3,Mobile Phone,2,4,1,1,155
55562,0,29,Mobile Phone,2,33,Married,2,Male,4,2,,5,Others,6,4,1,2,321
55563,0,5,Phone,1,9,Married,6,Female,3,2,12,1,Mobile Phone,3,1,1,1,136
55564,0,13,Mobile Phone,3,22,Single,4,Male,4,,13,11,Grocery,2,5,0,5,258
55565,0,16,Pad,1,30,Single,5,Male,3,4,13,8,Laptop & Accessory,3,3,0,4,168
55566,0,5,Pad,1,17,Married,4,Female,3,,21,9,Fashion,6,3,0,4,235
55567,0,28,Mobile Phone,1,17,Single,4,Female,4,2,20,5,Laptop & Accessory,8,5,1,1,169
55568,0,1,Mobile Phone,1,8,Single,5,Male,3,2,13,3,Laptop & Accessory,3,3,0,2,171
55569,0,1,Mobile Phone,1,19,Single,4,Male,4,2,14,5,Mobile Phone,3,1,0,2,151
55570,0,14,Pad,1,18,Married,4,Female,4,10,12,5,Laptop & Accessory,3,3,0,8,188
55571,0,14,Mobile Phone,3,9,Married,4,Female,4,6,15,11,Laptop & Accessory,5,4,0,2,182
55572,0,1,Phone,2,9,Married,4,Female,3,2,15,3,Mobile Phone,6,4,0,1,147
55573,0,4,Mobile Phone,1,8,Married,4,Male,4,2,14,8,Mobile Phone,3,4,0,2,162
55574,0,1,Mobile Phone,1,9,Married,4,Male,3,2,20,3,Mobile Phone,8,3,1,1,165
55575,0,21,Mobile Phone,1,32,Single,4,Male,3,13,24,,Fashion,4,3,0,10,211
55576,0,7,Pad,1,8,Married,5,Male,3,2,13,1,Mobile Phone,3,3,0,1,145
55577,0,12,Mobile Phone,3,8,Married,4,Male,3,6,16,9,Laptop & Accessory,2,4,0,2,169
55578,0,5,Mobile Phone,3,9,Married,4,Male,3,2,20,3,Mobile Phone,2,3,0,1,156
55579,0,12,Pad,1,13,Married,5,Male,4,8,12,8,Laptop & Accessory,4,3,0,3,178
55580,0,16,Mobile Phone,1,25,Married,4,Male,3,2,18,3,Laptop & Accessory,8,5,1,2,179
55581,0,15,Mobile Phone,1,8,Married,4,Male,4,2,23,1,Mobile Phone,5,1,0,1,153
55582,0,21,Pad,1,8,Married,4,Female,4,,19,13,Fashion,2,4,0,1,245
55583,0,9,Mobile Phone,1,18,Married,4,Male,3,3,12,3,Mobile Phone,9,3,1,3,152
55584,0,1,Mobile Phone,1,8,Single,4,Male,4,2,13,3,Mobile Phone,2,3,0,2,159
55585,0,9,Mobile Phone,1,16,Single,4,Male,3,2,20,9,Laptop & Accessory,3,3,0,1,176
55586,0,7,Mobile Phone,1,22,Married,4,Female,4,9,14,2,Laptop & Accessory,2,1,1,7,174
55587,0,6,Mobile Phone,1,36,Single,5,Female,3,5,14,2,Mobile Phone,3,4,0,1,153
55588,0,14,Phone,1,8,Married,4,Male,3,2,20,1,Mobile Phone,10,1,0,2,149
55589,0,6,Phone,3,8,Married,5,Male,4,3,15,3,Mobile Phone,2,4,0,3,148
55590,0,13,Mobile Phone,1,31,Single,4,Male,3,2,14,8,Laptop & Accessory,9,1,0,1,166
55591,0,12,Mobile Phone,1,17,Married,6,Female,4,,13,12,Fashion,5,3,0,1,257
55592,0,6,Mobile Phone,3,8,Married,4,Female,3,6,20,,Fashion,3,1,0,1,229
55593,0,11,Mobile Phone,1,17,Married,2,Female,3,7,26,9,Fashion,3,1,1,,262
55594,0,1,Mobile Phone,3,15,Married,4,Female,3,2,23,5,Laptop & Accessory,2,3,1,1,174
55595,0,26,Pad,3,36,Married,4,Male,3,2,16,1,Mobile Phone,4,1,0,2,160
55596,0,18,Phone,1,8,Single,4,Male,3,2,13,3,Mobile Phone,8,1,1,2,149
55597,0,1,Phone,3,12,Single,4,Male,3,2,12,3,Mobile Phone,3,5,1,2,149
55598,0,13,Pad,1,16,Single,4,Male,3,2,,4,Others,4,1,0,2,319
55599,1,1,Pad,3,16,Married,4,Male,3,2,20,1,Mobile Phone,3,5,0,2,143
55600,0,13,Mobile Phone,3,10,Married,5,Female,4,4,20,5,Fashion,2,1,0,1,201
55601,0,13,Pad,1,11,Married,4,Female,4,2,14,3,Laptop & Accessory,9,4,0,1,176
55602,0,33,Pad,1,8,Married,4,Male,3,2,22,10,Laptop & Accessory,3,3,0,1,188
55603,1,1,Mobile Phone,1,8,Married,4,Male,3,3,15,3,Mobile Phone,11,1,1,3,173
55604,0,16,Mobile Phone,1,9,Married,4,Male,3,5,,15,Others,7,3,0,1,314
55605,1,23,Phone,1,14,Married,4,Male,4,10,12,9,Mobile Phone,10,3,0,7,148
55606,0,15,Mobile Phone,1,35,Married,5,Female,3,2,24,11,Grocery,2,4,0,2,261
55607,0,8,Mobile Phone,3,35,Married,5,Female,4,2,22,8,Laptop & Accessory,3,3,0,2,192
55608,0,13,Pad,3,22,Married,6,Male,3,12,25,12,Laptop & Accessory,3,1,0,6,179
55609,0,15,Mobile Phone,3,10,Married,5,Male,3,2,12,,Laptop & Accessory,4,4,0,2,214
55610,0,6,Phone,1,9,Single,4,Male,4,2,15,3,Mobile Phone,3,5,0,1,149
55611,0,9,Mobile Phone,2,33,Single,4,Female,3,2,17,,Fashion,3,1,1,2,213
55612,0,12,Mobile Phone,3,17,Married,4,Female,4,2,12,10,Laptop & Accessory,3,1,0,1,178
55613,1,14,Pad,3,8,Married,4,Male,4,2,13,2,Laptop & Accessory,9,3,0,2,192
55614,0,13,Mobile Phone,3,18,Married,5,Female,4,2,14,1,Laptop & Accessory,6,1,0,2,192
55615,0,19,Mobile Phone,3,27,Single,4,Female,3,2,16,2,Laptop & Accessory,10,3,0,1,174
55616,0,14,Mobile Phone,1,9,Single,5,Male,1,3,15,3,Mobile Phone,4,3,0,1,153
55617,0,9,Pad,1,25,Married,4,Male,4,2,15,3,Laptop & Accessory,3,3,1,1,182
55618,0,14,Phone,1,9,Married,4,Female,4,2,15,3,Mobile Phone,4,3,0,1,145
55619,0,9,Mobile Phone,1,8,Married,6,Female,4,2,13,2,Mobile Phone,3,1,0,2,155
55620,0,3,Mobile Phone,1,20,Married,5,Male,3,2,14,4,Laptop & Accessory,6,4,1,1,165
55621,0,3,Mobile Phone,1,35,Single,5,Female,4,2,15,5,Mobile Phone,3,5,0,1,163
55622,1,14,Mobile Phone,3,35,Married,5,Male,3,,14,1,Fashion,6,5,1,3,234
55623,0,13,Mobile Phone,3,31,Married,5,Female,3,,12,7,Grocery,2,1,0,4,245
55624,0,5,Pad,1,12,Single,4,Male,4,2,20,,Laptop & Accessory,2,5,0,2,224
55625,0,1,Mobile Phone,3,12,Single,5,Female,2,2,19,1,Mobile Phone,2,3,0,2,155
55626,0,13,Pad,1,30,Married,2,Male,3,2,18,4,Laptop & Accessory,6,1,0,1,151
55627,0,13,Mobile Phone,1,13,Married,5,Male,3,2,16,,Fashion,6,5,0,1,225
55628,0,1,Mobile Phone,1,11,Married,2,Male,3,2,21,4,Laptop & Accessory,3,4,1,1,186
55629,0,23,Pad,3,9,Married,5,Male,4,2,15,9,Laptop & Accessory,4,4,0,2,179
55630,0,8,Mobile Phone,1,15,Married,2,Male,3,2,13,3,Laptop & Accessory,4,3,0,2,169